Timestamp,Winner Name,Loser Name,Result,Punishment Pack,Punishment Pack contents,Notes,,Punishment Pack choice?
,,,,,,,,
,,,,,,,,
,,,,,,,,
,,,,,,,,
11/18/2022 17:35:26,Noah B - Sisco#71800,Johnny M - Johnny#69519,2-0,,1,,,
11/18/2022 17:47:36,Trevor T - Sirtydanchez#87149,Rafael F - Prudent#24319,2-1,,1,,,
11/18/2022 17:57:59,Chris F - cferejohn#08269,Emmett F - Sepulchure#51526,2-0,,1,,,
11/18/2022 18:03:29,Eric S - Smitte#94855,Richard K - preacher26#59445,2-1,,1,,,
11/18/2022 18:10:03,Damian S - ButCrackMagic#71223,Caleb G - Whynaut#28590,2-1,,1,,,
11/18/2022 18:16:52,Dan A - BEATDOWNBRINGA#04779,Robby P - Locke_009#22200,2-0,,1,,,
11/18/2022 18:40:17,Caleb G - Whynaut#28590,Emmett F - Sepulchure#51526,2-0,,1,,,
11/18/2022 18:49:04,Ryan D - TheSlickness#10857,Chris F - cferejohn#08269,2-1,,1,,,
11/18/2022 18:56:11,Lotte P - Lotte #93345,Aus Z - ImperialPlaneswalker#40420,2-1,,1,,,
11/18/2022 19:03:57,Damian S - ButCrackMagic#71223,Trevor T - Sirtydanchez#87149,2-0,,1,,,
11/18/2022 19:04:26,Caleb G - Whynaut#28590,Kevin I - kni1993#29285,2-0,,1,,,
11/18/2022 19:43:13,Aus Z - ImperialPlaneswalker#40420,Pierre-Marc D - pmduguay#67919,2-0,,1,,,
11/18/2022 19:46:26,Caleb G - Whynaut#28590,John P - gokuorgohome#51511,2-0,,1,,,
11/18/2022 19:50:03,Daniel G - Friskyhobbit#43185,Dan A - BEATDOWNBRINGA#04779,2-1,,1,,,
11/18/2022 19:56:28,Emmett F - Sepulchure#51526,Sawyer T - soyboy#35469,2-0,,1,,,
11/18/2022 20:16:35,Jordan M - JMTron#46639,Damian S - ButCrackMagic#71223,2-1,,1,,,
11/18/2022 20:35:49,John P - gokuorgohome#51511,Kyle W - EtherEngineer#51748,2-1,,1,,,
11/18/2022 20:37:03,Pierre-Marc D - pmduguay#67919,Daniel G - Friskyhobbit#43185,2-1,,1,gg,,
11/18/2022 20:52:29,James T - RevisedIsland#19780,Dante R - dantesper#59172,2-0,,1,,,
11/18/2022 20:55:39,Kyle W - EtherEngineer#51748,Kevin I - kni1993#29285,2-1,,1,,,
11/18/2022 21:07:57,Richard K - preacher26#59445,Robby P - Locke_009#22200,2-0,,1,,,
11/18/2022 21:12:05,Johnny M - Johnny#69519,Pierre-Marc D - pmduguay#67919,2-0,,1,Resubmit,,
11/18/2022 21:15:55,Kyle W - EtherEngineer#51748,Aus Z - ImperialPlaneswalker#40420,2-0,,1,,,
11/18/2022 21:44:04,Daniel G - Friskyhobbit#43185,Johnny M - Johnny#69519,2-0,,1,,,
11/18/2022 21:50:24,James T - RevisedIsland#19780,Cody-Rayce MG - Rayce#56572,2-0,,1,,,
11/18/2022 21:54:20,Eric S - Smitte#94855,Nicholas K - Bionick#55161,2-1,,1,,,
11/18/2022 21:58:47,Aus Z - ImperialPlaneswalker#40420,Kevin I - kni1993#29285,2-1,,1,,,
11/18/2022 22:22:11,Dan A - BEATDOWNBRINGA#04779,Nicholas K - Bionick#55161,2-0,,1,,,
11/18/2022 22:24:46,Kyle W - EtherEngineer#51748,Pierre-Marc D - pmduguay#67919,2-1,,1,,,
11/18/2022 22:37:53,Steve T - strout#45062,Eric S - Smitte#94855,2-1,,1,,,
11/18/2022 23:01:31,Pierre-Marc D - pmduguay#67919,Sylvain T - Iquitos#15484,2-0,,1,gg,,
11/18/2022 23:03:42,Steve T - strout#45062,Nicholas K - Bionick#55161,2-0,,1,,,
11/18/2022 23:11:50,Cody-Rayce MG - Rayce#56572,Daniel G - Friskyhobbit#43185,2-1,,1,ggs wp,,
11/18/2022 23:39:48,Justin P - Code Pigeon#84057,Eric S - Smitte#94855,2-0,,1,,,
11/18/2022 23:40:34,Chris F - cferejohn#08269,Patrick M - FullestJ#22936,2-0,,1,,,
11/18/2022 23:48:56,Dan A - BEATDOWNBRINGA#04779,Cody-Rayce MG - Rayce#56572,2-0,,1,I can't stop having the most delicious WINE all the time,,
11/18/2022 23:57:29,Chris F - cferejohn#08269,Justin P - Code Pigeon#84057,2-0,,1,,,
11/19/2022 0:01:05,Steve T - strout#45062,Ryan D - TheSlickness#10857,2-1,,1,,,
11/19/2022 0:01:19,Bill D - Cato Phoenix#70805,David S - SirLossore#88647,2-0,,1,,,
11/19/2022 0:15:07,Johnny M - Johnny#69519,Shane K - Malfunktion#31013,2-1,,1,,,
11/19/2022 0:26:00,Dan A - BEATDOWNBRINGA#04779,Eric S - Smitte#94855,2-0,,1,,,
11/19/2022 0:31:48,Justin P - Code Pigeon#84057,Dante R - dantesper#59172,2-1,,1,,,
11/19/2022 0:38:34,Jeremy E - Lhurgoyf#37289,Rafael F - Prudent#24319,2-1,,1,quite the quandary :D,,
11/19/2022 0:51:22,Sylvain T - Iquitos#15484,David S - SirLossore#88647,2-1,,1,ggs,,
11/19/2022 0:58:19,Johnny M - Johnny#69519,Doug Co - daceris#24713,2-0,,1,,,
11/19/2022 1:01:27,Raghu B - Midnitfalcon#19670,Justin P - Code Pigeon#84057,2-0,,1,,,
11/19/2022 1:57:15,Zeke W - smarmyplatapus#30066,Sylvain T - Iquitos#15484,2-0,,1,,,
11/19/2022 2:35:44,Zeke W - smarmyplatapus#30066,Trevor F - treskies#75643,2-0,,1,,,
11/19/2022 3:02:37,Raghu B - Midnitfalcon#19670,Daniel J - Insequent#82225,2-0,,1,,,
11/19/2022 5:43:03,Raghu B - Midnitfalcon#19670,Paul G - TheDragon#61289,2-0,,1,,,
11/19/2022 10:36:34,John R - Ged#72302,Ben A - JankInTheTank#50714,2-1,,1,Awesome games. Tons of fun. GL this week.,,
11/19/2022 10:40:56,Carl C - TechnicolourArborist#38665,Adam S - wizma#29010,2-1,,1,,,
11/19/2022 10:46:42,James MI - ImJolt#28410,Robby P - Locke_009#22200,2-1,,1,,,
11/19/2022 10:51:27,Steve T - strout#45062,Marley L - BeautyAndTheGitrog#98732,2-0,,1,,,
11/19/2022 11:11:40,Raghu B - Midnitfalcon#19670,Carl C - TechnicolourArborist#38665,2-0,,1,,,
11/19/2022 11:39:00,Lotte P - Lotte #93345,James MI - ImJolt#28410,2-1,,1,,,
11/19/2022 11:53:35,Paul G - TheDragon#61289,Carl C - TechnicolourArborist#38665,2-1,,1,,,
11/19/2022 12:21:59,Marley L - BeautyAndTheGitrog#98732,James MI - ImJolt#28410,2-0,,1,,,
11/19/2022 12:25:18,Mike G - eatmecompletely#43399,Serge T - Sergyboy514#39979,2-1,,1,,,
11/19/2022 12:46:44,Lotte P - Lotte #93345,Carl C - TechnicolourArborist#38665,2-1,,1,,,
11/19/2022 12:55:44,Jordan M - JMTron#46639,Christopher G - oompaloompa#65002,2-1,,1,,,
11/19/2022 12:57:11,Caleb G - Whynaut#28590,Marshall W - Scribbles#92472,2-0,,1,,,
11/19/2022 12:57:51,Nik S - njsiii#50504,Serge T - Sergyboy514#39979,2-0,,1,,,
11/19/2022 13:12:08,Kyle W - EtherEngineer#51748,Joel L - Instinctive#21903,2-0,,1,,,
11/19/2022 13:34:31,Carl C - TechnicolourArborist#38665,Daniel G - Friskyhobbit#43185,2-1,,1,,,
11/19/2022 14:24:21,Sawyer T - soyboy#35469,Michael M - Atombomb11991#07305,2-0,,1,,,
11/19/2022 14:59:34,Joel L - Instinctive#21903,James MI - ImJolt#28410,2-0,,1,ggs wp,,
11/19/2022 15:14:45,Raghu B - Midnitfalcon#19670,Thomas H - fromcero#98384,2-0,,1,,,
11/19/2022 15:20:11,Eric C - ecope#39827,Sawyer T - soyboy#35469,2-1,,1,,,
11/19/2022 15:56:37,Jordan M - JMTron#46639,Joel L - Instinctive#21903,2-1,,1,,,
11/19/2022 16:22:04,Chris F - cferejohn#08269,Thomas H - fromcero#98384,2-0,,1,,,
11/19/2022 16:37:10,Patrick M - FullestJ#22936,Richard K - preacher26#59445,2-1,,1,,,
11/19/2022 16:50:53,Serge T - Sergyboy514#39979,Daniel J - Insequent#82225,2-1,,1,,,
11/19/2022 17:51:00,Jeremy E - Lhurgoyf#37289,Mike P - UnwieldyBiscuit#26471,2-0,,1,,,
11/19/2022 19:10:44,Sawyer T - soyboy#35469,Olivier F - NephilimOli#21523,2-1,,1,,,
11/19/2022 19:12:32,John P - gokuorgohome#51511,Marshall W - Scribbles#92472,2-0,,1,,,
11/19/2022 19:32:22,Sawyer T - soyboy#35469,Thomas H - fromcero#98384,2-0,,1,,,
11/19/2022 20:16:54,Edgar A - PlayfulTerror#04926,Peter C - Lens Blair#41153,2-1,,1,good games,,
11/19/2022 20:50:17,Daniel J - Insequent#82225,Trevor T - Sirtydanchez#87149,2-1,,1,,,
11/19/2022 21:22:46,Greg M - grapereaper#84747,Steve T - strout#45062,2-0,,1,,,
11/19/2022 22:09:43,Zeke W - smarmyplatapus#30066,Trevor T - Sirtydanchez#87149,2-0,,1,,,
11/19/2022 22:17:39,David S - SirLossore#88647,Greg M - grapereaper#84747,2-0,,1,,,
11/19/2022 23:05:58,David S - SirLossore#88647,Damian S - ButCrackMagic#71223,2-0,,1,,,
11/19/2022 23:28:56,David S - SirLossore#88647,Rafael F - Prudent#24319,2-1,,1,,,
11/20/2022 0:08:41,Nik S - njsiii#50504,Jacob C - Breadlord#83962,2-0,,1,,,
11/20/2022 0:28:19,Sylvain T - Iquitos#15484,Patrick M - FullestJ#22936,2-1,,1,GGs,,
11/20/2022 1:13:43,Jonathan R - Jraps#79124,Shuo L - Tamamo#30654,2-1,,1,,,
11/20/2022 8:31:12,Krzys H - FaceBeardMcBeard#24731,Lotte P - Lotte #93345,2-1,,1,,,
11/20/2022 9:01:40,John R - Ged#72302,Greg M - grapereaper#84747,2-1,,1,Thanks for the great games!,,
11/20/2022 9:37:37,John R - Ged#72302,Krzys H - FaceBeardMcBeard#24731,2-0,,1,Awesome games! Good luck!,,
11/20/2022 10:02:54,Oskar T - ossytubbi#87966,Lotte P - Lotte #93345,2-1,,1,,,
11/20/2022 10:22:42,Kevin I - kni1993#29285,Eric C - ecope#39827,2-0,,1,Ggs,,
11/20/2022 10:23:57,Oskar T - ossytubbi#87966,Nik S - njsiii#50504,2-1,,1,,,
11/20/2022 10:30:34,Paul G - TheDragon#61289,Serge T - Sergyboy514#39979,2-1,,1,,,
11/20/2022 10:40:01,Dante R - dantesper#59172,Adam S - wizma#29010,2-0,,1,,,
11/20/2022 10:40:55,Greg M - grapereaper#84747,Krzys H - FaceBeardMcBeard#24731,2-1,,1,,,
11/20/2022 11:00:41,Oskar T - ossytubbi#87966,Mason G - bear6875#02260,2-0,,1,,,
11/20/2022 11:16:08,Krzys H - FaceBeardMcBeard#24731,Eric C - ecope#39827,2-0,,1,,,
11/20/2022 11:31:44,Oskar T - ossytubbi#87966,Robby P - Locke_009#22200,2-0,,1,,,
11/20/2022 11:48:38,Krzys H - FaceBeardMcBeard#24731,Oskar T - ossytubbi#87966,2-0,,1,,,
11/20/2022 11:53:37,Serge T - Sergyboy514#39979,Richard K - preacher26#59445,2-0,,1,,,
11/20/2022 12:28:24,Richard K - preacher26#59445,Joel L - Instinctive#21903,2-0,,1,,,
11/20/2022 12:41:00,Nik S - njsiii#50504,Mason G - bear6875#02260,2-0,,1,,,
11/20/2022 13:07:48,Joel L - Instinctive#21903,Jonathan R - Jraps#79124,2-0,,1,ggs wp,,
11/20/2022 14:24:31,Mason G - bear6875#02260,Robby P - Locke_009#22200,2-1,,1,,,
11/20/2022 14:26:42,Maranda L - BlackCanary#59791,Andrew H - hopnertz#98617,2-1,,1,,,
11/20/2022 14:59:25,Sean Sp - Talrand#06333,Nicholas K - Bionick#55161,2-0,,1,,,
11/20/2022 15:07:11,Christopher S - Stemz#96067,JP G - jaypiex#97612,2-1,,1,,,
11/20/2022 15:27:08,Paul G - TheDragon#61289,Erika P - CharmToy#24980,2-1,,1,,,
11/20/2022 16:02:52,Bill D - Cato Phoenix#70805,John P - gokuorgohome#51511,2-1,,1,,,
11/20/2022 16:17:51,Benson P - sick beak#62405,Shuo L - Tamamo#30654,2-0,,1,,,
11/20/2022 16:49:23,Sean Sp - Talrand#06333,Andrew H - hopnertz#98617,2-1,,1,,,
11/20/2022 17:13:30,John P - gokuorgohome#51511,Walter H - DenzelKittyBoi#22057,2-0,,1,,,
11/20/2022 17:37:36,Cody-Rayce MG - Rayce#56572,Mike G - eatmecompletely#43399,2-0,,1,ggs! wp,,
11/20/2022 18:28:32,Christopher G - oompaloompa#65002,Mike G - eatmecompletely#43399,2-0,,1,,,
11/20/2022 18:29:31,Adam S - wizma#29010,Graham S - gram#97938,2-0,,1,Good games. Welcome to the League!,,
11/20/2022 18:43:08,Erika P - CharmToy#24980,Benson P - sick beak#62405,2-1,,1,,,
11/20/2022 18:49:14,Luca P - LukeCloud#68182,Sean Sp - Talrand#06333,2-1,,1,,,
11/20/2022 19:08:40,Olivier F - NephilimOli#21523,Andrew H - hopnertz#98617,2-0,,1,,,
11/20/2022 19:41:50,Christopher S - Stemz#96067,Marley L - BeautyAndTheGitrog#98732,2-0,,1,,,
11/20/2022 19:50:31,Sean Sp - Talrand#06333,Mike P - UnwieldyBiscuit#26471,2-1,,1,,,
11/20/2022 20:22:40,James T - RevisedIsland#19780,Mike G - eatmecompletely#43399,2-0,,1,,,
11/20/2022 20:29:19,Mike P - UnwieldyBiscuit#26471,Nicholas K - Bionick#55161,2-0,,1,,,
11/20/2022 20:29:26,Christopher S - Stemz#96067,Ryan D - TheSlickness#10857,2-0,,1,,,
11/20/2022 20:57:45,Jake C - the_man_mulcahey#74753,Chris R - Sinkwater#27508,2-1,,1,,,
11/20/2022 21:01:20,Christopher S - Stemz#96067,Mike G - eatmecompletely#43399,2-0,,1,,,
11/20/2022 21:27:37,Cody-Rayce MG - Rayce#56572,Benson P - sick beak#62405,2-1,,1,ggs oracle,,
11/20/2022 21:44:37,Marley L - BeautyAndTheGitrog#98732,Olivier F - NephilimOli#21523,2-0,,1,,,
11/20/2022 22:31:04,Olivier F - NephilimOli#21523,Sylvain T - Iquitos#15484,2-0,,1,,,
11/20/2022 23:22:30,Christopher S - Stemz#96067,Rafael F - Prudent#24319,2-0,,1,,,
11/20/2022 23:33:18,Adam S - wizma#29010,Chris Y - Yorke on Games#66909,2-1,,1,Milllllllllllllllll - welcome to BRO,,
11/20/2022 23:48:10,Jeremy E - Lhurgoyf#37289,Craig H - Itsmecraig#89337,2-1,,1,,,
11/21/2022 0:15:13,Dante R - dantesper#59172,Chris Y - Yorke on Games#66909,2-0,,1,,,
11/21/2022 0:28:06,Dante R - dantesper#59172,Rafael F - Prudent#24319,2-0,,1,,,
11/21/2022 1:18:28,Chris Y - Yorke on Games#66909,Shuo L - Tamamo#30654,2-0,,1,Let's go ELD!,,
11/21/2022 1:47:16,Chris Y - Yorke on Games#66909,Justin P - Code Pigeon#84057,2-1,,1,Sick mana issue match,,
11/21/2022 3:00:25,Jonathan R - Jraps#79124,Chris Y - Yorke on Games#66909,2-1,,1,,,
11/21/2022 7:29:11,Eric C - ecope#39827,Paul G - TheDragon#61289,2-0,,1,,,
11/21/2022 12:59:23,Emmett F - Sepulchure#51526,Mason G - bear6875#02260,2-0,,1,,,
11/21/2022 13:18:34,Chris P - Joker01#66827,Russell S - rstad#89052,2-0,,1,,,
11/21/2022 13:52:13,Chris P - Joker01#66827,Erika P - CharmToy#24980,2-0,,1,,,
11/21/2022 14:00:58,Shuo L - Tamamo#30654,Shane K - Malfunktion#31013,2-0,,1,,,
11/21/2022 16:06:13,Walter H - DenzelKittyBoi#22057,Ben A - JankInTheTank#50714,2-1,,1,,,
11/21/2022 16:06:20,Shuo L - Tamamo#30654,Doug Co - daceris#24713,2-1,,1,,,
11/21/2022 16:57:23,Benson P - sick beak#62405,Jeremy E - Lhurgoyf#37289,2-1,,1,,,
11/21/2022 17:17:59,Walter H - DenzelKittyBoi#22057,Noah B - Sisco#71800,2-0,,1,,,
11/21/2022 17:45:52,Shane K - Malfunktion#31013,Aus Z - ImperialPlaneswalker#40420,2-0,,1,,,
11/21/2022 17:54:03,Chris P - Joker01#66827,Jake C - the_man_mulcahey#74753,2-0,,1,,,
11/21/2022 19:00:06,Graham S - gram#97938,Michael M - Atombomb11991#07305,2-1,,1,,,
11/21/2022 19:17:37,Juan Q - JuanCu#95616,Stephan J - Saeijou#27763,2-1,,1,,,
11/21/2022 19:24:24,Russell S - rstad#89052,Mitchel S - SpaghettiMitch#18619,2-0,,1,,,
11/21/2022 19:29:50,Kevin I - kni1993#29285,James MI - ImJolt#28410,2-1,,1,ggs!,,
11/21/2022 19:46:18,Stephan J - Saeijou#27763,Edgar A - PlayfulTerror#04926,2-1,,1,,,
11/21/2022 20:05:53,JP G - jaypiex#97612,Mitchel S - SpaghettiMitch#18619,2-0,,1,,,
11/21/2022 20:42:02,James T - RevisedIsland#19780,Maranda L - BlackCanary#59791,2-1,,1,,,
11/21/2022 20:46:18,Tony G - YnotRock#76764,Nik S - njsiii#50504,2-0,,1,,,
11/21/2022 20:51:46,Lee B - MagicMorningBrew#76946,JP G - jaypiex#97612,2-0,,1,,,
11/21/2022 21:22:31,Lee B - MagicMorningBrew#76946,Chris R - Sinkwater#27508,2-0,,1,,,
11/21/2022 21:24:52,Juan Q - JuanCu#95616,James T - RevisedIsland#19780,2-1,,1,,,
11/21/2022 21:34:33,JP G - jaypiex#97612,Stephan J - Saeijou#27763,2-1,,1,,,
11/21/2022 21:48:18,Maranda L - BlackCanary#59791,Lee B - MagicMorningBrew#76946,2-0,,1,,,
11/21/2022 22:11:20,Stephan J - Saeijou#27763,Lee B - MagicMorningBrew#76946,2-0,,1,,,
11/21/2022 22:16:18,Chris R - Sinkwater#27508,Juan Q - JuanCu#95616,2-1,,1,,,
11/21/2022 22:42:06,Ryan D - TheSlickness#10857,Jeremy E - Lhurgoyf#37289,2-1,,1,,,
11/21/2022 23:19:57,Randy F - Ezrem#08922,Zeke W - smarmyplatapus#30066,2-1,,1,So. Many. Bombs.,,
11/21/2022 23:32:03,Lee B - MagicMorningBrew#76946,Thomas H - fromcero#98384,2-1,,1,,,
11/21/2022 23:39:50,Patrick M - FullestJ#22936,Maranda L - BlackCanary#59791,2-0,,1,,,
11/22/2022 0:09:23,Jaidin M - MnemonicDevice#38774,Craig H - Itsmecraig#89337,2-0,,1,,,
11/22/2022 0:34:48,Sean S - UnknownThursday#95034,Patrick M - FullestJ#22936,2-0,,1,,,
11/22/2022 1:24:05,Sean S - UnknownThursday#95034,Noah B - Sisco#71800,2-0,,1,,,
11/22/2022 1:52:43,Zeke W - smarmyplatapus#30066,Walter H - DenzelKittyBoi#22057,2-1,,1,,,
11/22/2022 6:24:29,Juan Q - JuanCu#95616,Eric C - ecope#39827,2-1,,1,,,
11/22/2022 10:22:50,John R - Ged#72302,Randy F - Ezrem#08922,2-1,,1,Sweet game 2! ,,
11/22/2022 12:25:24,Jake C - the_man_mulcahey#74753,Noah B - Sisco#71800,2-0,,1,,,
11/22/2022 13:26:40,Jaidin M - MnemonicDevice#38774,Erika P - CharmToy#24980,2-0,,1,"Ggs, sorry for flood",,
11/22/2022 14:00:32,Erika P - CharmToy#24980,Ben A - JankInTheTank#50714,2-1,,1,,,
11/22/2022 14:17:56,Jordan M - JMTron#46639,Jaidin M - MnemonicDevice#38774,2-1,,1,,,
11/22/2022 17:04:41,Marley L - BeautyAndTheGitrog#98732,Jordan M - JMTron#46639,2-1,,1,,,
11/22/2022 17:25:18,Benson P - sick beak#62405,Juan Q - JuanCu#95616,2-0,,1,,,
11/22/2022 17:31:43,Walter H - DenzelKittyBoi#22057,Marshall W - Scribbles#92472,2-1,,1,,,
11/22/2022 19:24:39,Kyle C - AFKyle#29319,Gerardo L - Seductiveturtle#91515,2-0,,1,,,
11/22/2022 19:57:07,Kyle C - AFKyle#29319,Christopher G - oompaloompa#65002,2-1,,1,,,
11/22/2022 21:13:54,Edgar A - PlayfulTerror#04926,Mike P - UnwieldyBiscuit#26471,2-0,,1,gg's ,,
11/22/2022 22:55:25,Craig H - Itsmecraig#89337,Adam S - wizma#29010,2-0,,1,,,
11/22/2022 23:00:34,Mitchel S - SpaghettiMitch#18619,Jaidin M - MnemonicDevice#38774,2-0,,1,,,
11/22/2022 23:31:09,Mitchel S - SpaghettiMitch#18619,Randy F - Ezrem#08922,2-0,,1,,,
11/23/2022 1:34:16,Marshall W - Scribbles#92472,Mitchel S - SpaghettiMitch#18619,2-1,,1,,,
11/23/2022 11:54:19,Noah B - Sisco#71800,Marshall W - Scribbles#92472,2-1,,1,,,
11/23/2022 12:38:13,Kevin C - Keviiiiin#67886,Randy F - Ezrem#08922,2-0,,1,,,
11/23/2022 14:36:31,Russell S - rstad#89052,Luca P - LukeCloud#68182,2-0,,1,,,
11/23/2022 19:56:18,Trevor F - treskies#75643,Kevin C - Keviiiiin#67886,2-0,,1,,,
11/23/2022 20:44:10,Kevin C - Keviiiiin#67886,Nathan C - plasma_grunt#90631,2-0,,1,,,
11/23/2022 20:44:37,Andrew H - hopnertz#98617,Trevor F - treskies#75643,2-0,,1,GGs,,
11/23/2022 21:04:25,Russell S - rstad#89052,Christopher G - oompaloompa#65002,2-0,,1,ðŸª–,,
11/23/2022 21:24:32,Trevor F - treskies#75643,Nathan C - plasma_grunt#90631,2-1,,1,,,
11/23/2022 22:11:13,Nathan C - plasma_grunt#90631,Edgar A - PlayfulTerror#04926,2-0,,1,,,
11/23/2022 22:40:43,Trevor F - treskies#75643,Jonathan R - Jraps#79124,2-1,,1,,,
11/24/2022 0:34:21,Jonathan R - Jraps#79124,Jacob C - Breadlord#83962,2-0,,1,,,
11/24/2022 1:25:26,Jacob C - Breadlord#83962,Sean S - UnknownThursday#95034,2-1,,1,,,
11/24/2022 2:13:10,Jacob C - Breadlord#83962,Kyle C - AFKyle#29319,2-1,,1,,,
11/24/2022 16:06:58,Luca P - LukeCloud#68182,Tony G - YnotRock#76764,2-0,,1,,,
11/24/2022 18:50:50,Edgar A - PlayfulTerror#04926,Luca P - LukeCloud#68182,2-0,,1,gg's,,
11/24/2022 19:45:38,JP G - jaypiex#97612,Kyle C - AFKyle#29319,2-0,,1,,,
11/24/2022 22:36:28,Tony G - YnotRock#76764,Michael M - Atombomb11991#07305,2-0,,1,,,
11/25/2022 1:00:04,Bill D - Cato Phoenix#70805,Tony G - YnotRock#76764,2-1,,1,,,
11/25/2022 8:10:37,John R - Ged#72302,Ryland B - Sabre#12079,2-0,,1,,,
11/25/2022 10:57:14,Ryland B - Sabre#12079,Andrew H - hopnertz#98617,2-0,,1,,,
11/25/2022 11:41:14,Doug Co - daceris#24713,Ryland B - Sabre#12079,2-1,,1,,,
11/25/2022 12:40:12,Bill D - Cato Phoenix#70805,Steven Y -  Isos#92135,2-0,,1,,,
11/25/2022 12:58:39,Kevin C - Keviiiiin#67886,Peter C - Lens Blair#41153,2-0,,1,,,
11/25/2022 13:43:17,Ryan D - TheSlickness#10857,Steven Y -  Isos#92135,2-1,,1,,,
11/25/2022 13:56:26,Peter C - Lens Blair#41153,Doug Co - daceris#24713,2-0,,1,,,
11/25/2022 14:30:19,Gerardo L - Seductiveturtle#91515,Bill D - Cato Phoenix#70805,2-1,,1,:),,
11/25/2022 14:35:24,Steven Y -  Isos#92135,Russell S - rstad#89052,2-0,,1,,,
11/25/2022 14:41:04,Daniel J - Insequent#82225,Luca P - LukeCloud#68182,2-0,,1,,,
11/25/2022 14:51:02,Doug Co - daceris#24713,Randy F - Ezrem#08922,2-0,,1,,,
11/25/2022 15:13:14,Gerardo L - Seductiveturtle#91515,Daniel J - Insequent#82225,2-0,,1,:),,
11/25/2022 15:46:59,Gerardo L - Seductiveturtle#91515,Tony G - YnotRock#76764,2-1,,1,:),,
11/25/2022 15:54:12,Shane K - Malfunktion#31013,Stephan J - Saeijou#27763,2-0,,1,,,
11/25/2022 16:20:19,Gerardo L - Seductiveturtle#91515,Kevin C - Keviiiiin#67886,2-0,,1,:),,
11/25/2022 16:25:41,Olivier F - NephilimOli#21523,Mason G - bear6875#02260,2-1,,1,,,
11/25/2022 17:15:19,Jeremy E - Lhurgoyf#37289,Kevin C - Keviiiiin#67886,2-0,,1,,,
11/25/2022 17:26:27,Chris P - Joker01#66827,Paul G - TheDragon#61289,2-0,,1,,,
11/25/2022 17:31:14,Sawyer T - soyboy#35469,Ryan D - TheSlickness#10857,2-0,,1,,,
11/25/2022 17:52:38,Johnny M - Johnny#69519,Marley L - BeautyAndTheGitrog#98732,2-1,,1,,,
11/25/2022 18:21:31,Jeremy E - Lhurgoyf#37289,Sawyer T - soyboy#35469,2-1,,1,very ggs!,,
11/25/2022 18:21:44,Paul G - TheDragon#61289,Kevin C - Keviiiiin#67886,2-1,,1,,,
11/25/2022 18:50:51,Ryan D - TheSlickness#10857,Chris P - Joker01#66827,2-0,,1,,,
11/25/2022 19:46:30,Gerardo L - Seductiveturtle#91515,Carl C - TechnicolourArborist#38665,2-1,,1,:),,
11/25/2022 20:13:57,JP G - jaypiex#97612,Raghu B - Midnitfalcon#19670,2-0,,1,,,
11/25/2022 20:15:42,Chris Y - Yorke on Games#66909,Juan Q - JuanCu#95616,2-1,,1,Draw-a-thon,,
11/25/2022 20:37:55,Carl C - TechnicolourArborist#38665,Kevin C - Keviiiiin#67886,2-1,,1,,,
11/25/2022 20:57:34,Richard K - preacher26#59445,Kevin I - kni1993#29285,2-1,,1,,,
11/25/2022 21:13:22,Chris Y - Yorke on Games#66909,Kevin C - Keviiiiin#67886,2-0,,1,Cardflow,,
11/25/2022 22:09:04,Chris Y - Yorke on Games#66909,Dan A - BEATDOWNBRINGA#04779,2-1,,1,Not the Gurgling! Not the Gurgling!!,,
11/25/2022 22:42:18,Zeke W - smarmyplatapus#30066,Chris Y - Yorke on Games#66909,2-0,,1,,,
11/25/2022 22:55:06,Justin P - Code Pigeon#84057,Sylvain T - Iquitos#15484,2-0,,1,,,
11/25/2022 23:07:39,Justin P - Code Pigeon#84057,Dan A - BEATDOWNBRINGA#04779,2-0,,1,,,
11/25/2022 23:35:09,Justin P - Code Pigeon#84057,Doug Co - daceris#24713,2-1,,1,,,
11/25/2022 23:44:02,Chris Y - Yorke on Games#66909,Sylvain T - Iquitos#15484,2-1,,1,Great games!,,
11/25/2022 23:53:31,Dan A - BEATDOWNBRINGA#04779,Jeremy E - Lhurgoyf#37289,2-0,,1,,,
11/26/2022 0:02:40,Mike G - eatmecompletely#43399,Justin P - Code Pigeon#84057,2-1,,1,,,
11/26/2022 0:23:05,Dan A - BEATDOWNBRINGA#04779,Mike G - eatmecompletely#43399,2-0,,1,,,
11/26/2022 0:40:34,Justin P - Code Pigeon#84057,Eric S - Smitte#94855,2-1,,1,,,
11/26/2022 0:41:08,Trevor F - treskies#75643,Doug Co - daceris#24713,2-0,,1,,,
11/26/2022 1:17:15,Trevor F - treskies#75643,Shuo L - Tamamo#30654,2-1,,1,,,
11/26/2022 2:48:32,Carl C - TechnicolourArborist#38665,Paul G - TheDragon#61289,2-0,,1,,,
11/26/2022 3:33:26,Carl C - TechnicolourArborist#38665,Patrick M - FullestJ#22936,2-0,,1,,,
11/26/2022 7:37:43,Luca P - LukeCloud#68182,Raghu B - Midnitfalcon#19670,2-1,,1,,,
11/26/2022 7:48:07,Paul G - TheDragon#61289,Lotte P - Lotte #93345,2-1,,1,,,
11/26/2022 8:13:53,John R - Ged#72302,Juan Q - JuanCu#95616,2-1,,1,Fun aggro times!,,
11/26/2022 8:45:08,Lotte P - Lotte #93345,John R - Ged#72302,2-1,,1,,,
11/26/2022 9:26:43,Juan Q - JuanCu#95616,Robby P - Locke_009#22200,2-0,,1,,,
11/26/2022 9:39:55,Kevin I - kni1993#29285,John R - Ged#72302,2-1,,1,Ggs,,
11/26/2022 10:25:59,Oskar T - ossytubbi#87966,Robby P - Locke_009#22200,2-1,,1,,,
11/26/2022 10:59:42,John R - Ged#72302,Oskar T - ossytubbi#87966,2-0,,1,Good games!,,
11/26/2022 11:15:01,Lotte P - Lotte #93345,Eric C - ecope#39827,2-0,,1,,,
11/26/2022 11:38:17,Lotte P - Lotte #93345,Caleb G - Whynaut#28590,2-0,,1,,,
11/26/2022 12:29:57,Zeke W - smarmyplatapus#30066,Caleb G - Whynaut#28590,2-0,,1,,,
11/26/2022 12:30:33,Kyle W - EtherEngineer#51748,Kevin I - kni1993#29285,2-0,,1,,,
11/26/2022 12:51:05,Kyle W - EtherEngineer#51748,Zeke W - smarmyplatapus#30066,2-0,,1,,,
11/26/2022 12:54:19,Raghu B - Midnitfalcon#19670,Eric C - ecope#39827,2-0,,1,,,
11/26/2022 13:35:19,Lotte P - Lotte #93345,Serge T - Sergyboy514#39979,2-1,,1,,,
11/26/2022 13:59:20,Sean S - UnknownThursday#95034,Greg M - grapereaper#84747,2-0,,1,,,
11/26/2022 14:14:20,Erika P - CharmToy#24980,Robby P - Locke_009#22200,2-0,,1,,,
11/26/2022 14:55:31,Juan Q - JuanCu#95616,Joel L - Instinctive#21903,2-1,,1,,,
11/26/2022 15:18:52,Greg M - grapereaper#84747,Erika P - CharmToy#24980,2-0,,1,,,
11/26/2022 15:41:17,Carl C - TechnicolourArborist#38665,Eric S - Smitte#94855,2-1,,1,,,
11/26/2022 16:18:30,Olivier F - NephilimOli#21523,Johnny M - Johnny#69519,2-1,,1,,,
11/26/2022 17:03:36,Walter H - DenzelKittyBoi#22057,Jeremy E - Lhurgoyf#37289,2-1,,1,,,
11/26/2022 17:25:47,Greg M - grapereaper#84747,Johnny M - Johnny#69519,2-0,,1,,,
11/26/2022 17:30:37,Krzys H - FaceBeardMcBeard#24731,Graham S - gram#97938,2-1,,1,,,
11/26/2022 17:40:28,Kevin I - kni1993#29285,Shuo L - Tamamo#30654,2-0,,1,Gg,,
11/26/2022 18:10:34,Greg M - grapereaper#84747,Eric C - ecope#39827,2-1,,1,,,
11/26/2022 18:20:26,Caleb G - Whynaut#28590,Raghu B - Midnitfalcon#19670,2-1,,1,,,
11/26/2022 18:21:34,Krzys H - FaceBeardMcBeard#24731,Serge T - Sergyboy514#39979,2-1,,1,,,
11/26/2022 18:24:04,Juan Q - JuanCu#95616,Kevin I - kni1993#29285,2-1,,1,,,
11/26/2022 18:26:44,Nik S - njsiii#50504,Shane K - Malfunktion#31013,2-0,,1,,,
11/26/2022 18:55:18,Jeremy E - Lhurgoyf#37289,Krzys H - FaceBeardMcBeard#24731,2-0,,1,,,
11/26/2022 19:53:15,Graham S - gram#97938,Joel L - Instinctive#21903,2-1,,1,,,
11/26/2022 20:41:49,Pierre-Marc D - pmduguay#67919,James T - RevisedIsland#19780,2-1,,1,gg,,
11/26/2022 20:43:40,Edgar A - PlayfulTerror#04926,Daniel J - Insequent#82225,2-0,,1,gg's,,
11/26/2022 21:08:39,Sawyer T - soyboy#35469,Graham S - gram#97938,2-1,,1,,,
11/26/2022 21:55:10,Sawyer T - soyboy#35469,Pierre-Marc D - pmduguay#67919,2-1,,1,,,
11/26/2022 22:40:59,Steve T - strout#45062,Sawyer T - soyboy#35469,2-0,,1,,,
11/26/2022 22:41:09,Eric S - Smitte#94855,Mason G - bear6875#02260,2-0,,1,,,
11/27/2022 3:08:49,Joel L - Instinctive#21903,Sean S - UnknownThursday#95034,2-1,,1,ggs wp,,
11/27/2022 8:57:27,Steve T - strout#45062,Nik S - njsiii#50504,2-0,,1,,,
11/27/2022 10:34:26,Steve T - strout#45062,Dante R - dantesper#59172,2-1,,1,,,
11/27/2022 10:41:44,Richard K - preacher26#59445,John P - gokuorgohome#51511,2-1,,1,,,
11/27/2022 11:43:16,Nik S - njsiii#50504,Joel L - Instinctive#21903,2-1,,1,,,
11/27/2022 12:08:43,Raghu B - Midnitfalcon#19670,David S - SirLossore#88647,2-0,,1,,,
11/27/2022 12:11:36,Caleb G - Whynaut#28590,Johnny M - Johnny#69519,2-1,,1,,,
11/27/2022 12:30:00,Joel L - Instinctive#21903,Jake C - the_man_mulcahey#74753,2-0,,1,ggs wp,,
11/27/2022 12:49:05,Kyle W - EtherEngineer#51748,Mike P - UnwieldyBiscuit#26471,2-0,,1,,,
11/27/2022 13:02:11,Nik S - njsiii#50504,Aus Z - ImperialPlaneswalker#40420,2-0,,1,,,
11/27/2022 13:03:11,Jordan M - JMTron#46639,Eric S - Smitte#94855,2-1,,1,,,
11/27/2022 13:09:43,John P - gokuorgohome#51511,Graham S - gram#97938,2-0,,1,,,
11/27/2022 13:16:38,Kyle W - EtherEngineer#51748,Jordan M - JMTron#46639,2-0,,1,,,
11/27/2022 13:29:04,John P - gokuorgohome#51511,JP G - jaypiex#97612,2-0,,1,,,
11/27/2022 13:35:51,Cody-Rayce MG - Rayce#56572,Aus Z - ImperialPlaneswalker#40420,2-0,,1,ggs,,
11/27/2022 13:59:49,Aus Z - ImperialPlaneswalker#40420,JP G - jaypiex#97612,2-1,,1,,,
11/27/2022 14:44:04,Jordan M - JMTron#46639,Serge T - Sergyboy514#39979,2-1,,1,,,
11/27/2022 15:01:14,Jordan M - JMTron#46639,Gerardo L - Seductiveturtle#91515,2-0,,1,,,
11/27/2022 15:04:28,Jake C - the_man_mulcahey#74753,Kyle W - EtherEngineer#51748,2-0,,1,sorry for the brutal screw :(,,
11/27/2022 15:36:52,Robby P - Locke_009#22200,Eric C - ecope#39827,2-1,,1,,,
11/27/2022 15:38:44,Nik S - njsiii#50504,Olivier F - NephilimOli#21523,2-0,,1,,,
11/27/2022 16:16:14,Marshall W - Scribbles#92472,Mason G - bear6875#02260,2-1,,1,,,
11/27/2022 16:21:16,Jake C - the_man_mulcahey#74753,Graham S - gram#97938,2-0,,1,,,
11/27/2022 16:31:33,Robby P - Locke_009#22200,Sean S - UnknownThursday#95034,2-1,,1,,,
11/27/2022 16:56:52,Noah B - Sisco#71800,Edgar A - PlayfulTerror#04926,2-0,,1,GGs!,,
11/27/2022 17:33:02,Noah B - Sisco#71800,Mason G - bear6875#02260,2-1,,1,GGs!,,
11/27/2022 17:35:09,Walter H - DenzelKittyBoi#22057,Greg M - grapereaper#84747,2-1,,1,,,
11/27/2022 17:40:45,Emmett F - Sepulchure#51526,Mike P - UnwieldyBiscuit#26471,2-0,,1,,,
11/27/2022 18:30:46,Benson P - sick beak#62405,Mason G - bear6875#02260,2-1,,1,,,
11/27/2022 18:36:53,Christopher S - Stemz#96067,Emmett F - Sepulchure#51526,2-0,,1,Gg,,
11/27/2022 18:39:56,John P - gokuorgohome#51511,Trevor T - Sirtydanchez#87149,2-0,,1,,,
11/27/2022 18:55:59,Caleb G - Whynaut#28590,Richard K - preacher26#59445,2-1,,1,,,
11/27/2022 19:08:07,Benson P - sick beak#62405,Jordan M - JMTron#46639,2-0,,1,,,
11/27/2022 19:41:15,Richard K - preacher26#59445,Benson P - sick beak#62405,2-0,,1,,,
11/27/2022 20:23:56,Lee B - MagicMorningBrew#76946,Maranda L - BlackCanary#59791,2-1,,1,,,
11/27/2022 20:38:55,Steve T - strout#45062,Chris F - cferejohn#08269,2-1,,1,,,
11/27/2022 20:54:42,Lee B - MagicMorningBrew#76946,Cody-Rayce MG - Rayce#56572,2-1,,1,,,
11/27/2022 21:16:28,Lee B - MagicMorningBrew#76946,Chris F - cferejohn#08269,2-0,,1,,,
11/27/2022 21:17:43,Steve T - strout#45062,David S - SirLossore#88647,2-1,,1,,,
11/27/2022 21:37:49,Walter H - DenzelKittyBoi#22057,Kyle C - AFKyle#29319,2-0,,1,,,
11/27/2022 22:17:36,Kyle C - AFKyle#29319,Maranda L - BlackCanary#59791,2-0,,1,,,
11/27/2022 23:18:41,Sylvain T - Iquitos#15484,Mitchel S - SpaghettiMitch#18619,2-1,,1,GGS!,,
11/28/2022 0:37:24,Mike G - eatmecompletely#43399,Daniel G - Friskyhobbit#43185,2-0,,1,,,
11/28/2022 2:24:17,Sean S - UnknownThursday#95034,Chris F - cferejohn#08269,2-1,,1,,,
11/28/2022 2:56:01,Dan A - BEATDOWNBRINGA#04779,Paul G - TheDragon#61289,2-0,,1,,,
11/28/2022 3:11:04,Daniel J - Insequent#82225,Cody-Rayce MG - Rayce#56572,2-1,,1,,,
11/28/2022 11:20:23,Dante R - dantesper#59172,John P - gokuorgohome#51511,2-1,,1,,,
11/28/2022 12:56:18,Jaidin M - MnemonicDevice#38774,Russell S - rstad#89052,2-1,,1,,,
11/28/2022 13:05:39,Erika P - CharmToy#24980,Sylvain T - Iquitos#15484,2-0,,1,,,
11/28/2022 13:45:41,Cody-Rayce MG - Rayce#56572,Krzys H - FaceBeardMcBeard#24731,2-0,,1,ggs wp,,
11/28/2022 14:40:12,Shane K - Malfunktion#31013,Chris P - Joker01#66827,2-0,,1,,,
11/28/2022 15:11:46,Cody-Rayce MG - Rayce#56572,Greg M - grapereaper#84747,2-0,,1,ggs!,,
11/28/2022 16:36:42,Jaidin M - MnemonicDevice#38774,Mike G - eatmecompletely#43399,2-0,,1,Sorry for land destruction,,
11/28/2022 17:05:25,Ryland B - Sabre#12079,Noah B - Sisco#71800,2-0,,1,,,
11/28/2022 17:20:56,Luca P - LukeCloud#68182,James MI - ImJolt#28410,2-1,,1,,,
11/28/2022 17:24:21,Zeke W - smarmyplatapus#30066,Jaidin M - MnemonicDevice#38774,2-1,,1,,,
11/28/2022 18:17:46,James MI - ImJolt#28410,Chris P - Joker01#66827,2-1,,1,,,
11/28/2022 19:04:16,Chris F - cferejohn#08269,James MI - ImJolt#28410,2-0,,1,,,
11/28/2022 19:32:10,Johnny M - Johnny#69519,Kevin C - Keviiiiin#67886,2-0,,1,Feature match,,
11/28/2022 19:37:58,Walter H - DenzelKittyBoi#22057,Lee B - MagicMorningBrew#76946,2-0,,1,,,
11/28/2022 19:42:10,Damian S - ButCrackMagic#71223,Marshall W - Scribbles#92472,2-0,,1,,,
11/28/2022 19:58:10,Trevor F - treskies#75643,James MI - ImJolt#28410,2-1,,1,,,
11/28/2022 20:17:15,Damian S - ButCrackMagic#71223,Ryan D - TheSlickness#10857,2-0,,1,,,
11/28/2022 20:21:27,Trevor F - treskies#75643,Chris R - Sinkwater#27508,2-1,,1,,,
11/28/2022 20:22:45,Pierre-Marc D - pmduguay#67919,Nicholas K - Bionick#55161,2-0,,1,,,
11/28/2022 20:34:01,Lee B - MagicMorningBrew#76946,Edgar A - PlayfulTerror#04926,2-1,,1,,,
11/28/2022 20:46:52,Mitchel S - SpaghettiMitch#18619,James MI - ImJolt#28410,2-0,,1,,,
11/28/2022 21:13:23,Pierre-Marc D - pmduguay#67919,Trevor F - treskies#75643,2-1,,1,,,
11/28/2022 22:11:14,Mitchel S - SpaghettiMitch#18619,Jake C - the_man_mulcahey#74753,2-1,,1,,,
11/28/2022 22:28:30,Pierre-Marc D - pmduguay#67919,Walter H - DenzelKittyBoi#22057,2-0,,1,,,
11/28/2022 22:31:53,Nicholas K - Bionick#55161,Sean S - UnknownThursday#95034,2-1,,1,,,
11/28/2022 23:09:22,Krzys H - FaceBeardMcBeard#24731,Tony G - YnotRock#76764,2-1,,1,Best. Game. Ever.,,
11/28/2022 23:39:02,Sean S - UnknownThursday#95034,Sylvain T - Iquitos#15484,2-1,,1,,,
11/29/2022 11:36:26,Thomas H - fromcero#98384,Noah B - Sisco#71800,2-0,,1,,,
11/29/2022 14:47:08,Chris P - Joker01#66827,Russell S - rstad#89052,2-1,,1,,,
11/29/2022 15:19:50,Luca P - LukeCloud#68182,Doug Co - daceris#24713,2-0,,1,,,
11/29/2022 15:46:26,Erika P - CharmToy#24980,Luca P - LukeCloud#68182,2-1,,1,,,
11/29/2022 16:46:01,Erika P - CharmToy#24980,Noah B - Sisco#71800,2-1,,1,,,
11/29/2022 19:25:45,Daniel G - Friskyhobbit#43185,Damian S - ButCrackMagic#71223,2-0,,1,,,
11/29/2022 20:27:51,Marshall W - Scribbles#92472,Edgar A - PlayfulTerror#04926,2-0,,1,,,
11/29/2022 20:36:40,James T - RevisedIsland#19780,Trevor T - Sirtydanchez#87149,2-0,,1,,,
11/29/2022 21:15:17,JP G - jaypiex#97612,Thomas H - fromcero#98384,2-1,,1,,,
11/29/2022 21:26:15,Serge T - Sergyboy514#39979,James T - RevisedIsland#19780,2-1,,1,,,
11/29/2022 21:42:47,Nicholas K - Bionick#55161,Mike P - UnwieldyBiscuit#26471,2-0,,1,,,
11/29/2022 22:10:13,Sean Sp - Talrand#06333,Nicholas K - Bionick#55161,2-0,,1,,,
11/29/2022 22:40:23,Sean Sp - Talrand#06333,Mike P - UnwieldyBiscuit#26471,2-1,,1,,,
11/29/2022 22:45:28,Randy F - Ezrem#08922,Damian S - ButCrackMagic#71223,2-0,,1,,,
11/29/2022 22:48:57,Marshall W - Scribbles#92472,Adam S - wizma#29010,2-0,,1,,,
11/29/2022 23:07:16,Sean Sp - Talrand#06333,Trevor T - Sirtydanchez#87149,2-0,,1,,,
11/29/2022 23:11:06,Randy F - Ezrem#08922,Nicholas K - Bionick#55161,2-0,,1,,,
11/29/2022 23:39:46,Sean Sp - Talrand#06333,Craig H - Itsmecraig#89337,2-0,,1,,,
11/30/2022 0:01:36,Sean Sp - Talrand#06333,Randy F - Ezrem#08922,2-0,,1,,,
11/30/2022 0:53:08,Daniel G - Friskyhobbit#43185,Christopher S - Stemz#96067,2-1,,1,,,
11/30/2022 1:32:26,Daniel J - Insequent#82225,Zeke W - smarmyplatapus#30066,2-0,,1,,,
11/30/2022 8:41:34,Eric C - ecope#39827,Ryland B - Sabre#12079,2-1,,1,,,
11/30/2022 9:39:45,Eric S - Smitte#94855,Adam S - wizma#29010,2-1,,1,,,
11/30/2022 9:56:13,Dante R - dantesper#59172,Ryland B - Sabre#12079,2-1,,1,,,
11/30/2022 12:54:43,Ryland B - Sabre#12079,Shane K - Malfunktion#31013,2-0,,1,,,
11/30/2022 13:15:43,Rafael F - Prudent#24319,Ryland B - Sabre#12079,2-1,,1,,,
11/30/2022 13:58:23,Ryland B - Sabre#12079,Adam S - wizma#29010,2-0,,1,,,
11/30/2022 15:56:55,Chris P - Joker01#66827,Shuo L - Tamamo#30654,2-0,,1,,,
11/30/2022 17:18:31,Patrick M - FullestJ#22936,Chris P - Joker01#66827,2-0,,1,,,
11/30/2022 17:22:45,Luca P - LukeCloud#68182,Richard K - preacher26#59445,2-1,,1,,,
11/30/2022 17:56:55,Chris F - cferejohn#08269,Patrick M - FullestJ#22936,2-0,,1,,,
11/30/2022 18:30:10,Chris R - Sinkwater#27508,Andrew H - hopnertz#98617,2-1,,1,,,
11/30/2022 19:11:13,Chris R - Sinkwater#27508,Russell S - rstad#89052,2-0,,1,,,
11/30/2022 19:54:02,Christopher S - Stemz#96067,Christopher G - oompaloompa#65002,2-1,,1,gg,,
11/30/2022 20:12:44,Daniel G - Friskyhobbit#43185,Andrew H - hopnertz#98617,2-0,,1,,,
11/30/2022 20:40:57,Christopher G - oompaloompa#65002,Bill D - Cato Phoenix#70805,2-1,,1,,,
11/30/2022 20:52:37,Michael M - Atombomb11991#07305,Marshall W - Scribbles#92472,2-0,,1,,,
11/30/2022 21:30:51,Edgar A - PlayfulTerror#04926,JP G - jaypiex#97612,2-0,,1,gg's,,
11/30/2022 21:33:41,Daniel G - Friskyhobbit#43185,Mitchel S - SpaghettiMitch#18619,2-1,,1,,,
11/30/2022 22:09:23,Damian S - ButCrackMagic#71223,Michael M - Atombomb11991#07305,2-1,,1,,,
11/30/2022 22:21:49,Mitchel S - SpaghettiMitch#18619,Trevor T - Sirtydanchez#87149,2-1,,1,,,
11/30/2022 22:24:37,Bill D - Cato Phoenix#70805,Chris R - Sinkwater#27508,2-1,,1,,,
11/30/2022 23:09:51,Sean Sp - Talrand#06333,Chris R - Sinkwater#27508,2-0,,1,,,
11/30/2022 23:22:13,Jacob C - Breadlord#83962,Thomas H - fromcero#98384,2-0,,1,,,
12/1/2022 0:10:54,Kyle C - AFKyle#29319,Jacob C - Breadlord#83962,2-1,,1,,,
12/1/2022 1:46:21,Daniel J - Insequent#82225,Kyle C - AFKyle#29319,2-1,,1,,,
12/1/2022 2:46:41,Daniel J - Insequent#82225,Jonathan R - Jraps#79124,2-1,,1,,,
12/1/2022 12:50:45,John R - Ged#72302,Thomas H - fromcero#98384,2-1,,1,Great games...and nail biters!,,
12/1/2022 19:16:13,Jacob C - Breadlord#83962,Marley L - BeautyAndTheGitrog#98732,2-1,,1,,,
12/1/2022 20:09:22,Christopher G - oompaloompa#65002,Jacob C - Breadlord#83962,2-1,,1,,,
12/1/2022 20:29:56,Michael M - Atombomb11991#07305,Kyle C - AFKyle#29319,2-0,,1,,,
12/1/2022 20:41:00,Graham S - gram#97938,Ryan D - TheSlickness#10857,2-1,,1,Graham Stein,,
12/1/2022 21:07:59,Jonathan R - Jraps#79124,Kyle C - AFKyle#29319,2-0,,1,,,
12/1/2022 21:09:00,Michael M - Atombomb11991#07305,Steven Y -  Isos#92135,2-0,,1,,,
12/1/2022 21:15:59,Russell S - rstad#89052,Emmett F - Sepulchure#51526,2-0,,1,,,
12/1/2022 21:37:57,Steven Y -  Isos#92135,Christopher G - oompaloompa#65002,2-0,,1,,,
12/1/2022 21:38:46,Jonathan R - Jraps#79124,Olivier F - NephilimOli#21523,2-0,,1,,,
12/1/2022 21:51:31,Michael M - Atombomb11991#07305,Marley L - BeautyAndTheGitrog#98732,2-1,,1,,,
12/1/2022 22:32:40,Tony G - YnotRock#76764,Christopher G - oompaloompa#65002,2-0,,1,,,
12/1/2022 23:12:06,Tony G - YnotRock#76764,Rafael F - Prudent#24319,2-0,,1,,,
12/1/2022 23:27:54,Emmett F - Sepulchure#51526,Bill D - Cato Phoenix#70805,2-1,,1,,,
12/1/2022 23:47:27,Steven Y -  Isos#92135,Aus Z - ImperialPlaneswalker#40420,2-0,,1,,,
12/2/2022 0:32:40,Jacob C - Breadlord#83962,Emmett F - Sepulchure#51526,2-1,,1,,,
12/2/2022 0:54:01,Christopher S - Stemz#96067,Sean S - UnknownThursday#95034,2-0,,1,"re-entered, was misreported with Raphael as loser",,
12/2/2022 0:55:27,Patrick M - FullestJ#22936,Aus Z - ImperialPlaneswalker#40420,2-0,,1,,,
12/2/2022 1:20:37,Jake C - the_man_mulcahey#74753,Patrick M - FullestJ#22936,2-0,,1,,,
12/2/2022 12:12:53,Jaidin M - MnemonicDevice#38774,Peter C - Lens Blair#41153,2-0,,1,"ggs, sorry for color screw!",,
12/2/2022 13:09:03,Jaidin M - MnemonicDevice#38774,Maranda L - BlackCanary#59791,2-0,,1,I'm sorry for the titan,,
12/2/2022 14:29:06,Russell S - rstad#89052,Shane K - Malfunktion#31013,2-0,,1,,,
12/2/2022 14:42:20,Jaidin M - MnemonicDevice#38774,Doug Co - daceris#24713,2-0,,1,Battle of the mightstones,,
12/2/2022 14:56:28,Gerardo L - Seductiveturtle#91515,Mike G - eatmecompletely#43399,2-1,,1,:),,
12/2/2022 15:07:44,Peter C - Lens Blair#41153,Maranda L - BlackCanary#59791,2-0,,1,,,
12/2/2022 15:15:43,Gerardo L - Seductiveturtle#91515,Oskar T - ossytubbi#87966,2-0,,1,:),,
12/2/2022 15:17:00,Rafael F - Prudent#24319,Stephan J - Saeijou#27763,2-0,,1,,,
12/2/2022 15:47:21,Stephan J - Saeijou#27763,Gerardo L - Seductiveturtle#91515,2-0,,1,,,
12/2/2022 15:56:26,Andrew H - hopnertz#98617,Peter C - Lens Blair#41153,2-0,,1,GGs,,
12/2/2022 16:07:12,Thomas H - fromcero#98384,Stephan J - Saeijou#27763,2-0,,1,,,
12/2/2022 16:27:13,Ryan D - TheSlickness#10857,Peter C - Lens Blair#41153,2-0,,1,,,
12/2/2022 16:58:43,Dante R - dantesper#59172,Peter C - Lens Blair#41153,2-0,,1,,,
12/2/2022 17:01:05,Emmett F - Sepulchure#51526,Adam S - wizma#29010,2-0,,1,,,
12/2/2022 17:47:06,Jordan M - JMTron#46639,Steve T - strout#45062,2-1,,1,,,
12/2/2022 18:34:48,Ryan D - TheSlickness#10857,Eric S - Smitte#94855,2-1,,1,,,
12/2/2022 18:38:02,Robby P - Locke_009#22200,Jeremy E - Lhurgoyf#37289,2-0,,1,,,
12/2/2022 19:05:57,Richard K - preacher26#59445,Sawyer T - soyboy#35469,2-1,,1,,,
12/2/2022 19:06:21,Noah B - Sisco#71800,Carl C - TechnicolourArborist#38665,2-0,,1,,,
12/2/2022 20:13:15,Krzys H - FaceBeardMcBeard#24731,Sawyer T - soyboy#35469,2-1,,1,,,
12/2/2022 20:26:23,Mike G - eatmecompletely#43399,Joel L - Instinctive#21903,2-1,,1,,,
12/2/2022 20:41:07,Ryan D - TheSlickness#10857,Carl C - TechnicolourArborist#38665,2-0,,1,,,
12/2/2022 21:28:52,Ryan D - TheSlickness#10857,Robby P - Locke_009#22200,2-0,,1,,,
12/2/2022 22:00:43,Pierre-Marc D - pmduguay#67919,Rafael F - Prudent#24319,2-0,,1,,,
12/2/2022 23:38:23,Sylvain T - Iquitos#15484,Stephan J - Saeijou#27763,2-1,,1,GGs!,,
12/2/2022 23:56:50,Rafael F - Prudent#24319,Justin P - Code Pigeon#84057,2-1,,1,,,
12/3/2022 0:31:30,Damian S - ButCrackMagic#71223,Rafael F - Prudent#24319,2-1,,1,,,
12/3/2022 1:09:26,Steve T - strout#45062,Damian S - ButCrackMagic#71223,2-0,,1,,,
12/3/2022 2:34:11,Damian S - ButCrackMagic#71223,Chris F - cferejohn#08269,2-1,,1,,,
12/3/2022 11:10:14,Mike P - UnwieldyBiscuit#26471,Nik S - njsiii#50504,2-1,,1,,,
12/3/2022 11:16:35,Kyle W - EtherEngineer#51748,Kevin I - kni1993#29285,2-1,,1,,,
12/3/2022 11:39:07,Jeremy E - Lhurgoyf#37289,Carl C - TechnicolourArborist#38665,2-0,,1,,,
12/3/2022 11:50:37,Kyle W - EtherEngineer#51748,Nik S - njsiii#50504,2-1,,1,,,
12/3/2022 12:01:17,Richard K - preacher26#59445,Raghu B - Midnitfalcon#19670,2-0,,1,,,
12/3/2022 12:27:03,Johnny M - Johnny#69519,Erika P - CharmToy#24980,2-1,,1,,,
12/3/2022 12:33:46,Dan A - BEATDOWNBRINGA#04779,Carl C - TechnicolourArborist#38665,2-0,,1,,,
12/3/2022 12:50:39,Johnny M - Johnny#69519,Marley L - BeautyAndTheGitrog#98732,2-0,,1,,,
12/3/2022 12:57:00,Pierre-Marc D - pmduguay#67919,Carl C - TechnicolourArborist#38665,2-0,,1,,,
12/3/2022 13:29:14,Christopher S - Stemz#96067,Caleb G - Whynaut#28590,2-1,,1,gg,,
12/3/2022 13:43:26,Sawyer T - soyboy#35469,Pierre-Marc D - pmduguay#67919,2-0,,1,,,
12/3/2022 13:55:46,Caleb G - Whynaut#28590,JP G - jaypiex#97612,2-0,,1,,,
12/3/2022 14:25:15,JP G - jaypiex#97612,Jonathan R - Jraps#79124,2-1,,1,,,
12/3/2022 14:33:50,Johnny M - Johnny#69519,Kevin I - kni1993#29285,2-1,,1,,,
12/3/2022 14:37:16,Caleb G - Whynaut#28590,John P - gokuorgohome#51511,2-0,,1,,,
12/3/2022 14:53:21,Christopher S - Stemz#96067,Sawyer T - soyboy#35469,2-1,,1,gg,,
12/3/2022 15:00:01,Dan A - BEATDOWNBRINGA#04779,Lotte P - Lotte #93345,2-0,,1,,,
12/3/2022 15:03:54,Raghu B - Midnitfalcon#19670,JP G - jaypiex#97612,2-1,,1,,,
12/3/2022 15:06:01,Jordan M - JMTron#46639,Jonathan R - Jraps#79124,2-1,,1,,,
12/3/2022 15:22:50,Dan A - BEATDOWNBRINGA#04779,Steve T - strout#45062,2-0,,1,,,
12/3/2022 15:41:32,Lotte P - Lotte #93345,Jordan M - JMTron#46639,2-0,,1,,,
12/3/2022 16:41:34,Walter H - DenzelKittyBoi#22057,Lotte P - Lotte #93345,2-1,,1,,,
12/3/2022 16:57:59,Nik S - njsiii#50504,Shuo L - Tamamo#30654,2-1,,1,,,
12/3/2022 16:59:34,Joel L - Instinctive#21903,Jake C - the_man_mulcahey#74753,2-0,,1,ggs wp,,
12/3/2022 17:14:32,Ryan D - TheSlickness#10857,Jonathan R - Jraps#79124,2-1,,1,,,
12/3/2022 17:34:25,Russell S - rstad#89052,Noah B - Sisco#71800,2-0,,1,,,
12/3/2022 17:49:33,Jonathan R - Jraps#79124,Nik S - njsiii#50504,2-1,,1,,,
12/3/2022 17:52:04,Christopher S - Stemz#96067,Lotte P - Lotte #93345,2-1,,1,,,
12/3/2022 17:56:01,Jaidin M - MnemonicDevice#38774,Shuo L - Tamamo#30654,2-0,,1,ggs,,
12/3/2022 18:20:56,Jordan M - JMTron#46639,Marshall W - Scribbles#92472,2-0,,1,,,
12/3/2022 18:26:00,Sawyer T - soyboy#35469,Nik S - njsiii#50504,2-0,,1,,,
12/3/2022 18:26:35,Walter H - DenzelKittyBoi#22057,Richard K - preacher26#59445,2-0,,1,,,
12/3/2022 19:49:49,Russell S - rstad#89052,Jonathan R - Jraps#79124,2-0,,1,,,
12/3/2022 20:39:54,James T - RevisedIsland#19780,Jaidin M - MnemonicDevice#38774,2-0,,1,,,
12/3/2022 21:44:42,Kevin I - kni1993#29285,James T - RevisedIsland#19780,2-1,,1,,,
12/3/2022 22:32:40,James T - RevisedIsland#19780,Steve T - strout#45062,2-0,,1,,,
12/3/2022 23:03:42,Randy F - Ezrem#08922,Marshall W - Scribbles#92472,2-1,,1,,,
12/3/2022 23:05:25,James T - RevisedIsland#19780,Eric S - Smitte#94855,2-0,,1,,,
12/3/2022 23:19:45,Stephan J - Saeijou#27763,Lee B - MagicMorningBrew#76946,2-1,,1,,,
12/3/2022 23:58:31,Jonathan R - Jraps#79124,Sylvain T - Iquitos#15484,2-0,,1,,,
12/4/2022 0:57:08,Lee B - MagicMorningBrew#76946,Jacob C - Breadlord#83962,2-1,,1,,,
12/4/2022 1:23:35,Joel L - Instinctive#21903,Sylvain T - Iquitos#15484,2-0,,1,ggs wp,,
12/4/2022 2:07:35,Joel L - Instinctive#21903,Damian S - ButCrackMagic#71223,2-1,,1,ggs wp,,
12/4/2022 2:33:20,Aus Z - ImperialPlaneswalker#40420,Damian S - ButCrackMagic#71223,2-1,,1,,,
12/4/2022 2:47:57,Sean S - UnknownThursday#95034,Joel L - Instinctive#21903,2-0,,1,,,
12/4/2022 9:05:58,Kevin I - kni1993#29285,John R - Ged#72302,2-0,,1,Ggs!,,
12/4/2022 9:47:31,Dan A - BEATDOWNBRINGA#04779,John R - Ged#72302,2-0,,1,,,
12/4/2022 11:02:16,Dan A - BEATDOWNBRINGA#04779,Kevin I - kni1993#29285,2-0,,1,,,
12/4/2022 11:14:55,Kyle W - EtherEngineer#51748,Jeremy E - Lhurgoyf#37289,2-0,,1,,,
12/4/2022 12:13:14,Cody-Rayce MG - Rayce#56572,Kyle W - EtherEngineer#51748,2-1,,1,ggs,,
12/4/2022 12:15:19,John P - gokuorgohome#51511,Jeremy E - Lhurgoyf#37289,2-1,,1,,,
12/4/2022 13:37:53,John P - gokuorgohome#51511,Chris F - cferejohn#08269,2-0,,1,,,
12/4/2022 14:53:03,Walter H - DenzelKittyBoi#22057,Robby P - Locke_009#22200,2-0,,1,,,
12/4/2022 14:55:05,Paul G - TheDragon#61289,John P - gokuorgohome#51511,2-0,,1,,,
12/4/2022 15:52:06,Jonathan R - Jraps#79124,Serge T - Sergyboy514#39979,2-0,,1,,,
12/4/2022 16:08:33,Paul G - TheDragon#61289,Graham S - gram#97938,2-1,,1,,,
12/4/2022 16:16:25,Raghu B - Midnitfalcon#19670,Jeremy E - Lhurgoyf#37289,2-1,,1,,,
12/4/2022 16:34:27,Kyle W - EtherEngineer#51748,John P - gokuorgohome#51511,2-1,,1,,,
12/4/2022 17:26:07,Richard K - preacher26#59445,Chris F - cferejohn#08269,2-0,,1,,,
12/4/2022 18:34:45,Eric S - Smitte#94855,Luca P - LukeCloud#68182,2-1,,1,,,
12/4/2022 19:52:19,Serge T - Sergyboy514#39979,Eric S - Smitte#94855,2-0,,1,,,
12/4/2022 20:19:11,Pierre-Marc D - pmduguay#67919,Chris Y - Yorke on Games#66909,2-1,,1,,,
12/4/2022 20:42:23,Chris Y - Yorke on Games#66909,Lee B - MagicMorningBrew#76946,2-0,,1,A superlative match!,,
12/4/2022 21:13:26,Pierre-Marc D - pmduguay#67919,Graham S - gram#97938,2-0,,1,,,
12/4/2022 21:14:06,Chris Y - Yorke on Games#66909,Jaidin M - MnemonicDevice#38774,2-0,,1,Wild games!,,
12/4/2022 21:55:21,Serge T - Sergyboy514#39979,Chris Y - Yorke on Games#66909,2-1,,1,,,
12/4/2022 22:01:30,Mitchel S - SpaghettiMitch#18619,Mike P - UnwieldyBiscuit#26471,2-1,,1,,,
12/4/2022 22:08:09,Eric S - Smitte#94855,Sylvain T - Iquitos#15484,2-1,,1,,,
12/4/2022 22:27:12,Daniel G - Friskyhobbit#43185,Damian S - ButCrackMagic#71223,2-0,,1,,,
12/4/2022 22:45:18,Chris P - Joker01#66827,Johnny M - Johnny#69519,2-1,,1,,,
12/4/2022 22:59:39,Chris R - Sinkwater#27508,Marshall W - Scribbles#92472,2-1,,1,,,
12/4/2022 23:29:37,Justin P - Code Pigeon#84057,Chris P - Joker01#66827,2-0,,1,,,
12/5/2022 0:08:29,Daniel G - Friskyhobbit#43185,Justin P - Code Pigeon#84057,2-0,,1,,,
12/5/2022 0:10:40,Chris P - Joker01#66827,Walter H - DenzelKittyBoi#22057,2-0,,1,,,
12/5/2022 1:14:45,Chris F - cferejohn#08269,Stephan J - Saeijou#27763,2-0,,1,,,
12/5/2022 11:43:53,Noah B - Sisco#71800,Dante R - dantesper#59172,2-0,,1,,,
12/5/2022 12:30:10,Russell S - rstad#89052,Ryland B - Sabre#12079,2-1,,1,,,
12/5/2022 13:15:09,Cody-Rayce MG - Rayce#56572,Emmett F - Sepulchure#51526,2-0,,1,ggs wp,,
12/5/2022 14:03:27,Cody-Rayce MG - Rayce#56572,Patrick M - FullestJ#22936,2-1,,1,ggs!,,
12/5/2022 18:05:59,Chris R - Sinkwater#27508,Erika P - CharmToy#24980,2-0,,1,,,
12/5/2022 18:15:18,Juan Q - JuanCu#95616,Chris F - cferejohn#08269,2-1,,1,,,
12/5/2022 19:12:58,Juan Q - JuanCu#95616,Sean Sp - Talrand#06333,2-0,,1,,,
12/5/2022 19:41:09,Jordan M - JMTron#46639,Johnny M - Johnny#69519,2-1,,1,,,
12/5/2022 19:41:37,Nicholas K - Bionick#55161,Juan Q - JuanCu#95616,2-0,,1,,,
12/5/2022 20:05:40,Adam S - wizma#29010,Nicholas K - Bionick#55161,2-0,,1,Good games! Almost snagged my wurm!,,
12/5/2022 20:22:36,Eric C - ecope#39827,Edgar A - PlayfulTerror#04926,2-1,,1,,,
12/5/2022 20:53:04,Trevor F - treskies#75643,JP G - jaypiex#97612,2-1,,1,,,
12/5/2022 21:03:04,Juan Q - JuanCu#95616,Adam S - wizma#29010,2-0,,1,,,
12/5/2022 21:20:08,Caleb G - Whynaut#28590,Cody-Rayce MG - Rayce#56572,2-1,,1,,,
12/5/2022 21:31:15,Nicholas K - Bionick#55161,Sean Sp - Talrand#06333,2-0,,1,,,
12/5/2022 21:32:00,Juan Q - JuanCu#95616,Andrew H - hopnertz#98617,2-0,,1,,,
12/5/2022 21:49:59,JP G - jaypiex#97612,Marley L - BeautyAndTheGitrog#98732,2-0,,1,,,
12/5/2022 22:06:19,Chris R - Sinkwater#27508,Nicholas K - Bionick#55161,2-1,,1,,,
12/5/2022 22:26:46,Trevor F - treskies#75643,Sean S - UnknownThursday#95034,2-0,,1,,,
12/5/2022 22:31:21,James T - RevisedIsland#19780,Justin P - Code Pigeon#84057,2-1,,1,"GGs, nice deck",,
12/5/2022 22:40:04,Chris Y - Yorke on Games#66909,Steve T - strout#45062,2-0,,1,Feature match!,,
12/5/2022 22:40:31,Marley L - BeautyAndTheGitrog#98732,Rafael F - Prudent#24319,2-1,,1,,,
12/5/2022 23:01:19,Sean Sp - Talrand#06333,Russell S - rstad#89052,2-0,,1,,,
12/5/2022 23:02:27,Stephan J - Saeijou#27763,Sean S - UnknownThursday#95034,2-1,,1,,,
12/5/2022 23:25:31,Mitchel S - SpaghettiMitch#18619,Trevor F - treskies#75643,2-1,,1,,,
12/5/2022 23:45:32,Sean Sp - Talrand#06333,Jacob C - Breadlord#83962,2-1,,1,,,
12/6/2022 0:07:34,Mitchel S - SpaghettiMitch#18619,Daniel G - Friskyhobbit#43185,2-1,,1,,,
12/6/2022 1:19:29,Jacob C - Breadlord#83962,Daniel G - Friskyhobbit#43185,2-1,,1,,,
12/6/2022 9:58:35,Serge T - Sergyboy514#39979,Greg M - grapereaper#84747,2-1,,1,,,
12/6/2022 13:09:01,Raghu B - Midnitfalcon#19670,Greg M - grapereaper#84747,2-1,,1,,,
12/6/2022 15:06:11,Noah B - Sisco#71800,Greg M - grapereaper#84747,2-1,,1,,,
12/6/2022 15:32:07,Paul G - TheDragon#61289,Tony G - YnotRock#76764,2-0,,1,,,
12/6/2022 16:08:22,Noah B - Sisco#71800,Raghu B - Midnitfalcon#19670,2-1,,1,,,
12/6/2022 17:05:06,Chris P - Joker01#66827,Erika P - CharmToy#24980,2-0,,1,,,
12/6/2022 18:13:54,Emmett F - Sepulchure#51526,Krzys H - FaceBeardMcBeard#24731,2-1,,1,,,
12/6/2022 19:12:22,Christopher G - oompaloompa#65002,Daniel J - Insequent#82225,2-1,,1,,,
12/6/2022 19:24:17,Justin P - Code Pigeon#84057,Walter H - DenzelKittyBoi#22057,2-1,,1,,,
12/6/2022 19:27:15,Michael M - Atombomb11991#07305,Krzys H - FaceBeardMcBeard#24731,2-1,,1,,,
12/6/2022 20:31:29,Chris R - Sinkwater#27508,Thomas H - fromcero#98384,2-0,,1,,,
12/6/2022 20:40:58,Edgar A - PlayfulTerror#04926,Michael M - Atombomb11991#07305,2-1,,1,gg's,,
12/6/2022 21:08:29,Randy F - Ezrem#08922,Mike P - UnwieldyBiscuit#26471,2-1,,1,Sorry about the flood,,
12/6/2022 21:15:16,Michael M - Atombomb11991#07305,Mike G - eatmecompletely#43399,2-0,,1,,,
12/6/2022 21:22:10,Nicholas K - Bionick#55161,Mike P - UnwieldyBiscuit#26471,2-0,,1,,,
12/6/2022 22:02:06,Aus Z - ImperialPlaneswalker#40420,Michael M - Atombomb11991#07305,2-1,,1,,,
12/6/2022 22:51:08,Chris R - Sinkwater#27508,Randy F - Ezrem#08922,2-1,,1,,,
12/6/2022 23:10:15,Marley L - BeautyAndTheGitrog#98732,Kevin C - Keviiiiin#67886,2-0,,1,,,
12/6/2022 23:44:53,Sean Sp - Talrand#06333,Mike P - UnwieldyBiscuit#26471,2-0,,1,,,
12/6/2022 23:49:18,Cody-Rayce MG - Rayce#56572,Edgar A - PlayfulTerror#04926,2-1,,1,stoner match of the century ðŸŒ¿  ðŸ¥¦ ,,
12/7/2022 3:00:14,Kyle C - AFKyle#29319,Paul G - TheDragon#61289,2-0,,1,,,
12/7/2022 8:28:19,John R - Ged#72302,Luca P - LukeCloud#68182,2-0,,1,ggs,,
12/7/2022 15:28:55,Marley L - BeautyAndTheGitrog#98732,Ryland B - Sabre#12079,2-1,,1,,,
12/7/2022 15:31:19,Tony G - YnotRock#76764,Shuo L - Tamamo#30654,2-0,,1,,,
12/7/2022 18:54:37,Chris R - Sinkwater#27508,Aus Z - ImperialPlaneswalker#40420,2-0,,1,,,
12/7/2022 19:01:11,Dante R - dantesper#59172,Emmett F - Sepulchure#51526,2-1,,1,,,
12/7/2022 19:48:14,Aus Z - ImperialPlaneswalker#40420,Marley L - BeautyAndTheGitrog#98732,2-1,,1,,,
12/7/2022 20:19:53,Daniel G - Friskyhobbit#43185,Shuo L - Tamamo#30654,2-0,,1,,,
12/7/2022 20:30:37,Adam S - wizma#29010,Eric C - ecope#39827,2-0,,1,Good games! Sorry about the Sundering Titan!,,
12/7/2022 21:40:35,Zeke W - smarmyplatapus#30066,Trevor F - treskies#75643,2-1,,1,,,
12/7/2022 22:14:49,Zeke W - smarmyplatapus#30066,Lee B - MagicMorningBrew#76946,2-0,,1,,,
12/7/2022 22:30:58,Mitchel S - SpaghettiMitch#18619,Tony G - YnotRock#76764,2-1,,1,,,
12/7/2022 23:05:42,Tony G - YnotRock#76764,Trevor F - treskies#75643,2-1,,1,,,
12/7/2022 23:23:20,Tony G - YnotRock#76764,Kevin C - Keviiiiin#67886,2-0,,1,,,
12/7/2022 23:23:26,Edgar A - PlayfulTerror#04926,Lee B - MagicMorningBrew#76946,2-1,,1,gg's,,
12/7/2022 23:39:58,Adam S - wizma#29010,Zeke W - smarmyplatapus#30066,2-0,,1,Good games!,,
12/8/2022 0:43:17,Adam S - wizma#29010,Kevin C - Keviiiiin#67886,2-1,,1,"Absolutely epic games: complete mill for both sides, wurmcoils for both sides, angels and bootsâ€¦",,
12/8/2022 11:45:47,Shane K - Malfunktion#31013,Tony G - YnotRock#76764,2-0,,1,,,
12/8/2022 12:17:03,Dante R - dantesper#59172,Shane K - Malfunktion#31013,2-0,,1,,,
12/8/2022 13:11:28,Dante R - dantesper#59172,Thomas H - fromcero#98384,2-1,,1,,,
12/8/2022 14:39:03,Paul G - TheDragon#61289,Shane K - Malfunktion#31013,2-0,,1,,,
12/8/2022 15:37:12,Luca P - LukeCloud#68182,Krzys H - FaceBeardMcBeard#24731,2-1,,1,,,
12/8/2022 16:37:06,Zeke W - smarmyplatapus#30066,Maranda L - BlackCanary#59791,2-1,,1,,,
12/8/2022 16:39:28,Caleb G - Whynaut#28590,Ryland B - Sabre#12079,2-1,,1,,,
12/8/2022 17:06:41,Ryland B - Sabre#12079,James MI - ImJolt#28410,2-1,,1,,,
12/8/2022 17:15:17,Benson P - sick beak#62405,Zeke W - smarmyplatapus#30066,2-0,,1,,,
12/8/2022 17:50:01,Benson P - sick beak#62405,James MI - ImJolt#28410,2-0,,1,,,
12/8/2022 18:18:45,Daniel J - Insequent#82225,James MI - ImJolt#28410,2-0,,1,,,
12/8/2022 18:24:03,Marley L - BeautyAndTheGitrog#98732,Chris R - Sinkwater#27508,2-1,,1,,,
12/8/2022 18:39:52,Aus Z - ImperialPlaneswalker#40420,Marshall W - Scribbles#92472,2-0,,1,,,
12/8/2022 18:40:56,Christopher G - oompaloompa#65002,Benson P - sick beak#62405,2-0,,1,,,
12/8/2022 19:13:06,Christopher G - oompaloompa#65002,Olivier F - NephilimOli#21523,2-1,,1,,,
12/8/2022 19:30:33,Kyle C - AFKyle#29319,Marshall W - Scribbles#92472,2-0,,1,,,
12/8/2022 19:57:26,Kyle C - AFKyle#29319,Olivier F - NephilimOli#21523,2-0,,1,,,
12/8/2022 20:37:56,Kyle C - AFKyle#29319,Benson P - sick beak#62405,2-1,,1,,,
12/8/2022 20:37:57,Jacob C - Breadlord#83962,Olivier F - NephilimOli#21523,2-0,,1,,,
12/8/2022 21:30:30,Michael M - Atombomb11991#07305,Peter C - Lens Blair#41153,2-1,,1,,,
12/8/2022 21:35:49,Benson P - sick beak#62405,Olivier F - NephilimOli#21523,2-0,,1,,,
12/8/2022 21:56:29,Mitchel S - SpaghettiMitch#18619,Eric C - ecope#39827,2-0,,1,,,
12/8/2022 22:05:30,Peter C - Lens Blair#41153,Benson P - sick beak#62405,2-0,,1,,,
12/8/2022 22:47:59,Ryan D - TheSlickness#10857,Jake C - the_man_mulcahey#74753,2-0,,1,,,
12/8/2022 23:08:24,Bill D - Cato Phoenix#70805,Randy F - Ezrem#08922,2-0,,1,,,
12/8/2022 23:11:35,Eric C - ecope#39827,Sylvain T - Iquitos#15484,2-1,,1,,,
12/8/2022 23:28:17,Jake C - the_man_mulcahey#74753,Rafael F - Prudent#24319,2-0,,1,,,
12/8/2022 23:53:04,Sean S - UnknownThursday#95034,Jake C - the_man_mulcahey#74753,2-0,,1,,,
12/9/2022 0:14:12,Maranda L - BlackCanary#59791,Randy F - Ezrem#08922,2-0,,1,,,
12/9/2022 0:58:33,Maranda L - BlackCanary#59791,Bill D - Cato Phoenix#70805,2-0,,1,,,
12/9/2022 1:16:14,Doug Co - daceris#24713,Stephan J - Saeijou#27763,2-0,,1,,,
12/9/2022 1:56:24,Christopher G - oompaloompa#65002,Doug Co - daceris#24713,2-1,,1,,,
12/9/2022 2:45:33,Mike G - eatmecompletely#43399,Steven Y -  Isos#92135,2-1,,1,,,
12/9/2022 3:09:44,Steven Y -  Isos#92135,Doug Co - daceris#24713,2-0,,1,,,
12/9/2022 4:21:32,Daniel J - Insequent#82225,Kyle C - AFKyle#29319,2-1,,1,,,
12/9/2022 9:21:07,John R - Ged#72302,Daniel J - Insequent#82225,2-0,,1,That first was an intense!,,
12/9/2022 12:52:49,Jake C - the_man_mulcahey#74753,Steven Y -  Isos#92135,2-0,,1,,,
12/9/2022 13:31:25,Andrew H - hopnertz#98617,Steven Y -  Isos#92135,2-1,,1,GGs,,
12/9/2022 13:43:19,Christopher S - Stemz#96067,Emmett F - Sepulchure#51526,2-1,,1,"gg, sry about blast zone.",,
12/9/2022 14:06:56,Doug Co - daceris#24713,Andrew H - hopnertz#98617,2-1,,1,,,
12/9/2022 14:24:54,Thomas H - fromcero#98384,Maranda L - BlackCanary#59791,2-0,,1,,,
12/9/2022 14:36:13,Doug Co - daceris#24713,Lotte P - Lotte #93345,2-1,,1,,,
12/9/2022 14:49:31,Ryland B - Sabre#12079,Richard K - preacher26#59445,2-1,,1,,,
12/9/2022 15:27:15,Russell S - rstad#89052,Steven Y -  Isos#92135,2-0,,1,ggs! anchored out,,
12/9/2022 15:29:02,Andrew H - hopnertz#98617,Jaidin M - MnemonicDevice#38774,2-1,,1,Really GGs,,
12/9/2022 15:33:39,Christopher S - Stemz#96067,Stephan J - Saeijou#27763,2-0,,1,gg,,
12/9/2022 15:48:37,Maranda L - BlackCanary#59791,Gerardo L - Seductiveturtle#91515,2-0,,1,,,
12/9/2022 16:15:44,Christopher S - Stemz#96067,Gerardo L - Seductiveturtle#91515,2-1,,1,gg,,
12/9/2022 16:33:17,Adam S - wizma#29010,Peter C - Lens Blair#41153,2-0,,1,,,
12/9/2022 16:52:51,Gerardo L - Seductiveturtle#91515,Peter C - Lens Blair#41153,2-0,,1,:),,
12/9/2022 16:59:39,Mason G - bear6875#02260,Andrew H - hopnertz#98617,2-0,,1,,,
12/9/2022 17:56:12,Jacob C - Breadlord#83962,Juan Q - JuanCu#95616,2-0,,1,,,
12/9/2022 18:15:22,Adam S - wizma#29010,Lotte P - Lotte #93345,2-0,,1,Good games!,,
12/9/2022 18:25:55,Juan Q - JuanCu#95616,Marley L - BeautyAndTheGitrog#98732,2-0,,1,,,
12/9/2022 18:56:45,Jacob C - Breadlord#83962,Ryland B - Sabre#12079,2-1,,1,,,
12/9/2022 19:20:40,Sawyer T - soyboy#35469,Dan A - BEATDOWNBRINGA#04779,2-1,,1,,,
12/9/2022 19:56:39,Daniel G - Friskyhobbit#43185,Richard K - preacher26#59445,2-0,,1,,,
12/9/2022 20:18:15,Dan A - BEATDOWNBRINGA#04779,Edgar A - PlayfulTerror#04926,2-1,,1,,,
12/9/2022 20:27:17,Sawyer T - soyboy#35469,Chris F - cferejohn#08269,2-1,,1,,,
12/9/2022 20:47:53,Ryan D - TheSlickness#10857,James T - RevisedIsland#19780,2-1,,1,,,
12/9/2022 20:55:48,Pierre-Marc D - pmduguay#67919,Dan A - BEATDOWNBRINGA#04779,2-0,,1,,,
12/9/2022 21:00:20,Sawyer T - soyboy#35469,Kevin I - kni1993#29285,2-0,,1,,,
12/9/2022 21:23:33,Aus Z - ImperialPlaneswalker#40420,Ryan D - TheSlickness#10857,2-0,,1,,,
12/9/2022 21:35:32,James T - RevisedIsland#19780,Pierre-Marc D - pmduguay#67919,2-0,,1,,,
12/9/2022 22:14:00,Kevin I - kni1993#29285,Chris Y - Yorke on Games#66909,2-0,,1,Gg,,
12/9/2022 22:17:20,Benson P - sick beak#62405,Pierre-Marc D - pmduguay#67919,2-0,,1,,,
12/9/2022 22:26:46,Sawyer T - soyboy#35469,James T - RevisedIsland#19780,2-1,,1,,,
12/9/2022 22:44:52,Benson P - sick beak#62405,Ryland B - Sabre#12079,2-0,,1,,,
12/9/2022 22:54:13,Trevor F - treskies#75643,Chris Y - Yorke on Games#66909,2-1,,1,,,
12/9/2022 22:59:49,Pierre-Marc D - pmduguay#67919,Chris F - cferejohn#08269,2-1,,1,,,
12/9/2022 23:41:46,Sean S - UnknownThursday#95034,Aus Z - ImperialPlaneswalker#40420,2-0,,1,,,
12/9/2022 23:48:37,Adam S - wizma#29010,Benson P - sick beak#62405,2-1,,1,Excellent games! Bontu!!!!,,
12/10/2022 0:22:24,Jacob C - Breadlord#83962,Aus Z - ImperialPlaneswalker#40420,2-1,,1,,,
12/10/2022 0:31:45,Gerardo L - Seductiveturtle#91515,Dan A - BEATDOWNBRINGA#04779,2-1,,1,:),,
12/10/2022 8:10:52,Luca P - LukeCloud#68182,Raghu B - Midnitfalcon#19670,2-0,,1,,,
12/10/2022 9:26:45,Juan Q - JuanCu#95616,Kevin I - kni1993#29285,2-0,,1,,,
12/10/2022 11:02:06,Serge T - Sergyboy514#39979,Nik S - njsiii#50504,2-1,,1,,,
12/10/2022 11:52:02,Kyle W - EtherEngineer#51748,Johnny M - Johnny#69519,2-1,,1,,,
12/10/2022 12:11:17,Johnny M - Johnny#69519,Nik S - njsiii#50504,2-0,,1,,,
12/10/2022 13:48:10,Christopher G - oompaloompa#65002,Johnny M - Johnny#69519,2-1,,1,,,
12/10/2022 14:03:43,Emmett F - Sepulchure#51526,Marley L - BeautyAndTheGitrog#98732,2-1,,1,,,
12/10/2022 14:33:46,Johnny M - Johnny#69519,Lotte P - Lotte #93345,2-1,,1,,,
12/10/2022 16:00:21,Damian S - ButCrackMagic#71223,Gerardo L - Seductiveturtle#91515,2-0,,1,,,
12/10/2022 16:00:55,Emmett F - Sepulchure#51526,Thomas H - fromcero#98384,2-0,,1,,,
12/10/2022 16:50:02,Kyle W - EtherEngineer#51748,Gerardo L - Seductiveturtle#91515,2-1,,1,,,
12/10/2022 17:58:23,Raghu B - Midnitfalcon#19670,Serge T - Sergyboy514#39979,2-0,,1,,,
12/10/2022 19:01:17,Serge T - Sergyboy514#39979,Dante R - dantesper#59172,2-1,,1,,,
12/10/2022 19:55:57,Juan Q - JuanCu#95616,Luca P - LukeCloud#68182,2-0,,1,,,
12/10/2022 20:18:41,Kyle W - EtherEngineer#51748,Damian S - ButCrackMagic#71223,2-0,,1,,,
12/10/2022 20:43:43,Serge T - Sergyboy514#39979,Juan Q - JuanCu#95616,2-1,,1,,,
12/10/2022 21:14:28,Serge T - Sergyboy514#39979,Kyle W - EtherEngineer#51748,2-1,,1,,,
12/10/2022 23:17:58,Sean S - UnknownThursday#95034,Emmett F - Sepulchure#51526,2-1,,1,,,
12/11/2022 0:05:03,Jonathan R - Jraps#79124,Justin P - Code Pigeon#84057,2-0,,1,,,
12/11/2022 0:31:06,Dan A - BEATDOWNBRINGA#04779,Jonathan R - Jraps#79124,2-1,,1,,,
12/11/2022 1:07:20,Jonathan R - Jraps#79124,Emmett F - Sepulchure#51526,2-1,,1,,,
12/11/2022 4:27:31,Raghu B - Midnitfalcon#19670,Paul G - TheDragon#61289,2-0,,1,,,
12/11/2022 9:42:54,John R - Ged#72302,Carl C - TechnicolourArborist#38665,2-0,,1,,,
12/11/2022 10:20:31,Carl C - TechnicolourArborist#38665,Nik S - njsiii#50504,2-0,,1,,,
12/11/2022 10:35:16,Raghu B - Midnitfalcon#19670,Marley L - BeautyAndTheGitrog#98732,2-0,,1,,,
12/11/2022 10:42:16,Carl C - TechnicolourArborist#38665,Lotte P - Lotte #93345,2-0,,1,,,
12/11/2022 11:19:28,Kyle W - EtherEngineer#51748,Carl C - TechnicolourArborist#38665,2-1,,1,,,
12/11/2022 13:16:44,Ryan D - TheSlickness#10857,Cody-Rayce MG - Rayce#56572,2-1,,1,,,
12/11/2022 13:47:33,Caleb G - Whynaut#28590,Adam S - wizma#29010,2-0,,1,,,
12/11/2022 14:58:44,Paul G - TheDragon#61289,Caleb G - Whynaut#28590,2-1,,1,,,
12/11/2022 16:19:23,Lotte P - Lotte #93345,Sawyer T - soyboy#35469,2-0,,1,,,
12/11/2022 16:48:44,Sean S - UnknownThursday#95034,Doug Co - daceris#24713,2-0,,1,,,
12/11/2022 16:57:13,Serge T - Sergyboy514#39979,Luca P - LukeCloud#68182,2-1,,1,,,
12/11/2022 17:18:08,Mitchel S - SpaghettiMitch#18619,Lotte P - Lotte #93345,2-1,,1,,,
12/11/2022 17:40:53,Luca P - LukeCloud#68182,Nik S - njsiii#50504,2-0,,1,,,
12/11/2022 19:35:24,John P - gokuorgohome#51511,Daniel G - Friskyhobbit#43185,2-1,,1,,,
12/11/2022 19:53:48,John P - gokuorgohome#51511,Pierre-Marc D - pmduguay#67919,2-0,,1,,,
12/11/2022 20:14:38,Ryan D - TheSlickness#10857,Richard K - preacher26#59445,2-1,,1,,,
12/11/2022 20:50:51,Daniel G - Friskyhobbit#43185,Michael M - Atombomb11991#07305,2-0,,1,,,
12/11/2022 21:53:17,Chris Y - Yorke on Games#66909,Caleb G - Whynaut#28590,2-1,,1,"Shell, Unleashed",,
12/11/2022 21:55:04,Benson P - sick beak#62405,Lee B - MagicMorningBrew#76946,2-1,,1,,,
12/11/2022 22:37:23,Chris Y - Yorke on Games#66909,Joel L - Instinctive#21903,2-0,,1,Dog knocks Box,,
12/11/2022 23:29:01,Krzys H - FaceBeardMcBeard#24731,Christopher S - Stemz#96067,2-0,,1,,,
12/11/2022 23:57:04,Joel L - Instinctive#21903,Jeremy E - Lhurgoyf#37289,2-1,,1,tough games ggs,,
12/12/2022 0:23:24,Justin P - Code Pigeon#84057,Trevor F - treskies#75643,2-1,,1,,,
12/12/2022 1:06:13,Justin P - Code Pigeon#84057,Daniel J - Insequent#82225,2-0,,1,,,
12/12/2022 1:45:48,Justin P - Code Pigeon#84057,Daniel G - Friskyhobbit#43185,2-1,,1,,,
12/12/2022 10:47:29,Krzys H - FaceBeardMcBeard#24731,Ryland B - Sabre#12079,2-1,,1,,,
12/12/2022 12:39:31,John P - gokuorgohome#51511,Tony G - YnotRock#76764,2-0,,1,,,
12/12/2022 15:13:31,Jake C - the_man_mulcahey#74753,Jeremy E - Lhurgoyf#37289,2-1,,1,"ggs, close ones",,
12/12/2022 15:15:09,Dante R - dantesper#59172,Cody-Rayce MG - Rayce#56572,2-0,,1,,,
12/12/2022 15:54:00,Dante R - dantesper#59172,John P - gokuorgohome#51511,2-1,,1,,,
12/12/2022 16:17:57,Luca P - LukeCloud#68182,Cody-Rayce MG - Rayce#56572,2-1,,1,,,
12/12/2022 16:45:11,Benson P - sick beak#62405,Luca P - LukeCloud#68182,2-0,,1,,,
12/12/2022 17:23:46,Joel L - Instinctive#21903,John R - Ged#72302,2-1,,1,ggs wp,,
12/12/2022 19:05:18,Luca P - LukeCloud#68182,Justin P - Code Pigeon#84057,2-1,,1,,,
12/12/2022 19:29:30,Rafael F - Prudent#24319,John P - gokuorgohome#51511,2-1,,1,gg's! Deff a thrill,,
12/12/2022 20:54:34,Caleb G - Whynaut#28590,Michael M - Atombomb11991#07305,2-0,,1,,,
12/12/2022 22:00:44,Walter H - DenzelKittyBoi#22057,Trevor F - treskies#75643,2-1,,1,,,
12/12/2022 22:26:54,Christopher S - Stemz#96067,Michael M - Atombomb11991#07305,2-1,,1,gg!,,
12/12/2022 22:54:52,Chris Y - Yorke on Games#66909,Ryan D - TheSlickness#10857,2-1,,1,Golem-heavy Meta!,,
12/12/2022 23:27:22,Sean Sp - Talrand#06333,Nicholas K - Bionick#55161,2-0,,1,,,
12/12/2022 23:41:00,Jacob C - Breadlord#83962,Jeremy E - Lhurgoyf#37289,2-1,,1,,,
12/13/2022 0:06:41,Sean Sp - Talrand#06333,Christopher G - oompaloompa#65002,2-1,,1,,,
12/13/2022 0:40:03,Jacob C - Breadlord#83962,Sean Sp - Talrand#06333,2-0,,1,,,
12/13/2022 1:05:27,Mitchel S - SpaghettiMitch#18619,Christopher G - oompaloompa#65002,2-1,,1,,,
12/13/2022 8:11:45,Paul G - TheDragon#61289,Eric C - ecope#39827,2-0,,1,,,
12/13/2022 9:47:18,Paul G - TheDragon#61289,Serge T - Sergyboy514#39979,2-0,,1,,,
12/13/2022 11:08:19,Jordan M - JMTron#46639,Paul G - TheDragon#61289,2-1,,1,,,
12/13/2022 11:48:57,Jordan M - JMTron#46639,Eric S - Smitte#94855,2-1,,1,,,
12/13/2022 13:09:02,Benson P - sick beak#62405,Cody-Rayce MG - Rayce#56572,2-1,,1,,,
12/13/2022 20:28:01,Adam S - wizma#29010,Edgar A - PlayfulTerror#04926,2-1,,1,Good games! Teferi vs Wurmcoil!,,
12/13/2022 21:08:45,John R - Ged#72302,James T - RevisedIsland#19780,2-0,,1,ggs,,
12/13/2022 21:11:39,Joel L - Instinctive#21903,Chris R - Sinkwater#27508,2-0,,1,ggs wp,,
12/13/2022 21:41:59,Joel L - Instinctive#21903,Eric S - Smitte#94855,2-0,,1,ggs wp,,
12/13/2022 21:56:28,Adam S - wizma#29010,James T - RevisedIsland#19780,2-1,,1,Good games!,,
12/13/2022 22:18:58,John R - Ged#72302,Chris R - Sinkwater#27508,2-1,,1,Loved the 1-1 aggro and the last game was a beautiful grind!,,
12/13/2022 22:37:27,Damian S - ButCrackMagic#71223,Richard K - preacher26#59445,2-0,,1,,,
12/13/2022 23:27:16,Mitchel S - SpaghettiMitch#18619,Trevor F - treskies#75643,2-1,,1,,,
12/13/2022 23:46:41,Jacob C - Breadlord#83962,Christopher S - Stemz#96067,2-0,,1,,,
12/14/2022 0:54:47,Noah B - Sisco#71800,Jacob C - Breadlord#83962,2-0,,1,,,
12/14/2022 1:53:07,Daniel G - Friskyhobbit#43185,Walter H - DenzelKittyBoi#22057,2-1,,1,,,
12/14/2022 8:51:17,John R - Ged#72302,Eric C - ecope#39827,2-1,,1,GGS,,
12/14/2022 13:11:58,Shane K - Malfunktion#31013,Cody-Rayce MG - Rayce#56572,2-0,,1,,,
12/14/2022 14:37:19,Jordan M - JMTron#46639,Chris P - Joker01#66827,2-1,,1,,,
12/14/2022 16:54:56,JP G - jaypiex#97612,Jake C - the_man_mulcahey#74753,2-1,,1,,,
12/14/2022 17:28:26,Jake C - the_man_mulcahey#74753,John R - Ged#72302,2-1,,1,,,
12/14/2022 18:15:00,Jordan M - JMTron#46639,Chris R - Sinkwater#27508,2-0,,1,,,
12/14/2022 18:37:30,Chris P - Joker01#66827,Caleb G - Whynaut#28590,2-1,,1,,,
12/14/2022 18:54:45,Chris R - Sinkwater#27508,Chris F - cferejohn#08269,2-0,,1,,,
12/14/2022 20:06:48,Michael M - Atombomb11991#07305,Chris R - Sinkwater#27508,2-1,,1,,,
12/14/2022 20:10:55,Christopher S - Stemz#96067,Edgar A - PlayfulTerror#04926,2-1,,1,gg!,,
12/14/2022 20:52:56,Noah B - Sisco#71800,Dante R - dantesper#59172,2-0,,1,,,
12/14/2022 21:08:13,Christopher S - Stemz#96067,Kyle C - AFKyle#29319,2-1,,1,gg,,
12/14/2022 21:26:54,Mitchel S - SpaghettiMitch#18619,Noah B - Sisco#71800,2-0,,1,,,
12/14/2022 21:33:28,Dante R - dantesper#59172,Jordan M - JMTron#46639,2-1,,1,,,
12/14/2022 21:52:50,Kyle C - AFKyle#29319,JP G - jaypiex#97612,2-0,,1,,,
12/14/2022 22:15:32,Mitchel S - SpaghettiMitch#18619,Maranda L - BlackCanary#59791,2-1,,1,,,
12/15/2022 0:38:42,Sean S - UnknownThursday#95034,Zeke W - smarmyplatapus#30066,2-1,,1,,,
12/15/2022 2:19:31,Zeke W - smarmyplatapus#30066,Kyle C - AFKyle#29319,2-1,,1,Charbelcher scary...,,
12/15/2022 12:49:34,Krzys H - FaceBeardMcBeard#24731,Mike G - eatmecompletely#43399,2-0,,1,,,
12/15/2022 13:11:46,Russell S - rstad#89052,JP G - jaypiex#97612,2-0,,1,ðŸº,,
12/15/2022 14:04:06,Krzys H - FaceBeardMcBeard#24731,Jake C - the_man_mulcahey#74753,2-0,,1,,,
12/15/2022 14:39:13,Damian S - ButCrackMagic#71223,Mike G - eatmecompletely#43399,2-0,,1,,,
12/15/2022 15:07:15,Raghu B - Midnitfalcon#19670,Randy F - Ezrem#08922,2-1,,1,,,
12/15/2022 15:08:09,Shane K - Malfunktion#31013,Maranda L - BlackCanary#59791,2-1,,1,,,
12/15/2022 15:51:09,Noah B - Sisco#71800,Jake C - the_man_mulcahey#74753,2-1,,1,,,
12/15/2022 16:10:32,Randy F - Ezrem#08922,Shane K - Malfunktion#31013,2-0,,1,,,
12/15/2022 17:07:23,Russell S - rstad#89052,Krzys H - FaceBeardMcBeard#24731,2-1,,1,,,
12/15/2022 18:06:47,Doug Co - daceris#24713,Randy F - Ezrem#08922,2-0,,1,,,
12/15/2022 18:59:45,Maranda L - BlackCanary#59791,Emmett F - Sepulchure#51526,2-1,,1,Jetmir came to play,,
12/15/2022 19:00:45,Rafael F - Prudent#24319,Randy F - Ezrem#08922,2-1,,1,,,
12/15/2022 19:23:54,Damian S - ButCrackMagic#71223,Zeke W - smarmyplatapus#30066,2-1,,1,,,
12/15/2022 19:57:02,Rafael F - Prudent#24319,Maranda L - BlackCanary#59791,2-0,,1,gg deff a luck sack game 2,,
12/15/2022 20:37:49,JP G - jaypiex#97612,Rafael F - Prudent#24319,2-0,,1,,,
12/15/2022 21:12:40,Gerardo L - Seductiveturtle#91515,Edgar A - PlayfulTerror#04926,2-1,,1,:),,
12/15/2022 22:48:54,Tony G - YnotRock#76764,Andrew H - hopnertz#98617,2-1,,1,,,
12/15/2022 22:53:21,Chris P - Joker01#66827,Michael M - Atombomb11991#07305,2-1,,1,,,
12/15/2022 23:23:18,Tony G - YnotRock#76764,Zeke W - smarmyplatapus#30066,2-0,,1,,,
12/15/2022 23:44:57,Steve T - strout#45062,Tony G - YnotRock#76764,2-1,,1,,,
12/16/2022 0:16:52,Walter H - DenzelKittyBoi#22057,Christopher G - oompaloompa#65002,2-0,,1,,,
12/16/2022 1:19:35,Steve T - strout#45062,Walter H - DenzelKittyBoi#22057,2-0,,1,,,
12/16/2022 1:57:31,Sean S - UnknownThursday#95034,Mike G - eatmecompletely#43399,2-1,,1,,,
12/16/2022 13:19:42,Chris P - Joker01#66827,Steve T - strout#45062,2-0,,1,,,
12/16/2022 14:01:25,Shane K - Malfunktion#31013,Doug Co - daceris#24713,2-0,,1,,,
12/16/2022 14:17:40,Steve T - strout#45062,Daniel J - Insequent#82225,2-1,,1,,,
12/16/2022 14:51:05,Daniel J - Insequent#82225,Christopher G - oompaloompa#65002,2-0,,1,,,
12/16/2022 15:14:02,Russell S - rstad#89052,Steve T - strout#45062,2-0,,1,sorry about the screw g2,,
12/16/2022 15:50:47,Gerardo L - Seductiveturtle#91515,Daniel J - Insequent#82225,2-1,,1,:),,
12/16/2022 16:21:00,Andrew H - hopnertz#98617,Shane K - Malfunktion#31013,2-1,,1,Really GGs,,
12/16/2022 16:25:21,Richard K - preacher26#59445,Johnny M - Johnny#69519,2-0,,1,,,
12/16/2022 16:59:00,Russell S - rstad#89052,Andrew H - hopnertz#98617,2-0,,1,,,
12/16/2022 17:46:53,Ryan D - TheSlickness#10857,Justin P - Code Pigeon#84057,2-0,,1,,,
12/16/2022 18:10:18,Damian S - ButCrackMagic#71223,Joel L - Instinctive#21903,2-0,,1,,,
12/16/2022 18:22:18,Richard K - preacher26#59445,Johnny M - Johnny#69519,2-0,,1,,,
12/16/2022 18:38:45,Dante R - dantesper#59172,Damian S - ButCrackMagic#71223,2-1,,1,,,
12/16/2022 19:02:26,Kyle W - EtherEngineer#51748,Justin P - Code Pigeon#84057,2-1,,1,,,
12/16/2022 21:34:50,Jonathan R - Jraps#79124,Kyle W - EtherEngineer#51748,2-0,,1,,,
12/16/2022 21:53:19,Jonathan R - Jraps#79124,Gerardo L - Seductiveturtle#91515,2-1,,1,,,
12/16/2022 22:16:36,Benson P - sick beak#62405,Steve T - strout#45062,2-0,,1,,,
12/16/2022 22:58:56,Kyle W - EtherEngineer#51748,Steve T - strout#45062,2-1,,1,,,
12/16/2022 23:30:50,Adam S - wizma#29010,Kyle W - EtherEngineer#51748,2-0,,1,Good games!,,
12/17/2022 3:57:59,Zeke W - smarmyplatapus#30066,Daniel J - Insequent#82225,2-0,,1,Too many golems,,
12/17/2022 10:05:34,Paul G - TheDragon#61289,Raghu B - Midnitfalcon#19670,2-0,,1,,,
12/17/2022 12:48:08,Kyle W - EtherEngineer#51748,Caleb G - Whynaut#28590,2-1,,1,,,
12/17/2022 13:42:48,Caleb G - Whynaut#28590,Serge T - Sergyboy514#39979,2-0,,1,,,
12/17/2022 14:14:29,Cody-Rayce MG - Rayce#56572,Joel L - Instinctive#21903,2-1,,1,ur dead jim,,
12/17/2022 14:27:20,Caleb G - Whynaut#28590,Adam S - wizma#29010,2-0,,1,,,
12/17/2022 14:56:42,Ryan D - TheSlickness#10857,Juan Q - JuanCu#95616,2-0,,1,,,
12/17/2022 15:02:32,Caleb G - Whynaut#28590,Paul G - TheDragon#61289,2-0,,1,,,
12/17/2022 15:33:50,Cody-Rayce MG - Rayce#56572,Caleb G - Whynaut#28590,2-0,,1,ggs plundering barbs,,
12/17/2022 15:36:23,Dan A - BEATDOWNBRINGA#04779,Ryan D - TheSlickness#10857,2-0,,1,,,
12/17/2022 15:45:47,Paul G - TheDragon#61289,Juan Q - JuanCu#95616,2-0,,1,,,
12/17/2022 15:51:45,Cody-Rayce MG - Rayce#56572,Damian S - ButCrackMagic#71223,2-0,,1,ggs,,
12/17/2022 16:56:37,Cody-Rayce MG - Rayce#56572,Christopher G - oompaloompa#65002,2-1,,1,end the festivities!!,,
12/17/2022 17:46:22,Serge T - Sergyboy514#39979,Cody-Rayce MG - Rayce#56572,2-0,,1,,,
12/17/2022 17:54:18,Christopher S - Stemz#96067,Sawyer T - soyboy#35469,2-0,,1,gg,,
12/17/2022 18:47:36,Noah B - Sisco#71800,Christopher S - Stemz#96067,2-1,,1,,,
12/17/2022 19:10:56,Sawyer T - soyboy#35469,Juan Q - JuanCu#95616,2-1,,1,,,
12/17/2022 21:05:32,Jordan M - JMTron#46639,Zeke W - smarmyplatapus#30066,2-0,,1,,,
12/17/2022 22:11:31,Jordan M - JMTron#46639,Benson P - sick beak#62405,2-1,,1,,,
12/18/2022 2:12:48,Walter H - DenzelKittyBoi#22057,Dan A - BEATDOWNBRINGA#04779,2-1,,1,,,
12/18/2022 2:42:33,Raghu B - Midnitfalcon#19670,Zeke W - smarmyplatapus#30066,2-0,,1,,,
12/18/2022 13:03:37,Richard K - preacher26#59445,Dan A - BEATDOWNBRINGA#04779,2-0,,1,,,
12/18/2022 14:19:28,John P - gokuorgohome#51511,JP G - jaypiex#97612,2-0,,1,,,
12/18/2022 15:16:19,Paul G - TheDragon#61289,John P - gokuorgohome#51511,2-0,,1,,,
12/18/2022 15:42:16,Chris Y - Yorke on Games#66909,Raghu B - Midnitfalcon#19670,2-0,,1,Soldiers in the Sky!,,
12/18/2022 16:06:02,John P - gokuorgohome#51511,Sawyer T - soyboy#35469,2-1,,1,,,
12/18/2022 16:28:05,Benson P - sick beak#62405,John P - gokuorgohome#51511,2-0,,1,,,
12/18/2022 16:39:57,Christopher S - Stemz#96067,Chris Y - Yorke on Games#66909,2-0,,1,gg,,
12/18/2022 17:18:15,Christopher S - Stemz#96067,Raghu B - Midnitfalcon#19670,2-0,,1,gg,,
12/18/2022 17:23:09,Benson P - sick beak#62405,Chris Y - Yorke on Games#66909,2-1,,1,,,
12/18/2022 17:24:07,Richard K - preacher26#59445,Gerardo L - Seductiveturtle#91515,2-1,,1,,,
12/18/2022 18:09:38,Michael M - Atombomb11991#07305,Benson P - sick beak#62405,2-1,,1,,,
12/18/2022 18:11:31,Jordan M - JMTron#46639,Dante R - dantesper#59172,2-1,,1,,,
12/18/2022 18:33:47,Dante R - dantesper#59172,Michael M - Atombomb11991#07305,2-0,,1,,,
12/18/2022 19:09:10,Dan A - BEATDOWNBRINGA#04779,Sean S - UnknownThursday#95034,2-0,,1,,,
12/18/2022 21:25:59,John R - Ged#72302,Krzys H - FaceBeardMcBeard#24731,2-1,,1,Great games! Thanks!,,
12/19/2022 0:58:51,Walter H - DenzelKittyBoi#22057,Sean S - UnknownThursday#95034,2-1,,1,,,
12/19/2022 13:05:11,Chris P - Joker01#66827,Noah B - Sisco#71800,2-1,,1,,,
12/19/2022 14:40:03,John R - Ged#72302,Luca P - LukeCloud#68182,2-0,,1,ggs,,
12/19/2022 15:07:45,Chris P - Joker01#66827,Paul G - TheDragon#61289,2-0,,1,,,
12/19/2022 19:19:00,Krzys H - FaceBeardMcBeard#24731,Chris Y - Yorke on Games#66909,2-0,,1,,,
12/19/2022 19:58:26,James T - RevisedIsland#19780,Krzys H - FaceBeardMcBeard#24731,2-0,,1,GGs,,
12/19/2022 20:36:14,Adam S - wizma#29010,James T - RevisedIsland#19780,2-1,,1,Good games!,,
12/19/2022 21:06:45,John R - Ged#72302,Mitchel S - SpaghettiMitch#18619,2-0,,1,Awesome games!,,
12/19/2022 21:41:38,Serge T - Sergyboy514#39979,James T - RevisedIsland#19780,2-1,,1,,,
12/19/2022 22:08:52,James T - RevisedIsland#19780,Mitchel S - SpaghettiMitch#18619,2-0,,1,GGs,,
12/19/2022 22:17:42,Sean S - UnknownThursday#95034,Krzys H - FaceBeardMcBeard#24731,2-0,,1,,,
12/19/2022 22:32:28,Christopher S - Stemz#96067,Tony G - YnotRock#76764,2-1,,1,gg! ,,
12/19/2022 23:04:35,Chris R - Sinkwater#27508,Mitchel S - SpaghettiMitch#18619,2-0,,1,,,
12/20/2022 0:19:10,Noah B - Sisco#71800,Sawyer T - soyboy#35469,2-1,,1,,,
12/20/2022 0:20:19,Daniel G - Friskyhobbit#43185,Ryan D - TheSlickness#10857,2-0,,1,,,
12/20/2022 1:55:07,Trevor F - treskies#75643,Walter H - DenzelKittyBoi#22057,2-0,,1,,,
12/20/2022 12:51:00,Jonathan R - Jraps#79124,John R - Ged#72302,2-1,,1,,,
12/20/2022 13:16:39,Jonathan R - Jraps#79124,Chris P - Joker01#66827,2-0,,1,,,
12/20/2022 15:08:29,Raghu B - Midnitfalcon#19670,Russell S - rstad#89052,2-1,,1,,,
12/20/2022 15:22:51,Richard K - preacher26#59445,Jonathan R - Jraps#79124,2-1,,1,,,
12/20/2022 16:19:42,John R - Ged#72302,Chris P - Joker01#66827,2-1,,1,Thanks! I found the grind enjoyable.,,
12/20/2022 16:41:44,Jonathan R - Jraps#79124,Walter H - DenzelKittyBoi#22057,2-1,,1,,,
12/20/2022 17:56:08,Russell S - rstad#89052,Jake C - the_man_mulcahey#74753,2-0,,1,,,
12/20/2022 19:03:16,Jake C - the_man_mulcahey#74753,Chris R - Sinkwater#27508,2-1,,1,,,
12/20/2022 20:41:14,Pierre-Marc D - pmduguay#67919,Sean Sp - Talrand#06333,2-1,,1,,,
12/20/2022 21:51:42,Pierre-Marc D - pmduguay#67919,Russell S - rstad#89052,2-0,,1,,,
12/20/2022 22:01:23,Jacob C - Breadlord#83962,Adam S - wizma#29010,2-0,,1,,,
12/20/2022 22:35:42,Jacob C - Breadlord#83962,Sean Sp - Talrand#06333,2-1,,1,,,
12/20/2022 23:07:02,Tony G - YnotRock#76764,Russell S - rstad#89052,2-0,,1,,,
12/20/2022 23:44:46,Sean S - UnknownThursday#95034,Sean Sp - Talrand#06333,2-0,,1,,,
12/21/2022 0:05:07,Jordan M - JMTron#46639,Mitchel S - SpaghettiMitch#18619,2-1,,1,,,
12/21/2022 0:38:23,Dante R - dantesper#59172,Jonathan R - Jraps#79124,2-0,,1,,,
12/21/2022 13:06:28,Daniel G - Friskyhobbit#43185,Noah B - Sisco#71800,2-1,,1,,,
12/21/2022 16:07:08,Ryan D - TheSlickness#10857,Richard K - preacher26#59445,2-0,,1,,,
12/21/2022 17:10:54,Jake C - the_man_mulcahey#74753,Noah B - Sisco#71800,2-1,,1,,,
12/21/2022 17:20:14,Chris P - Joker01#66827,Kyle C - AFKyle#29319,2-0,,1,,,
12/21/2022 18:02:03,Dan A - BEATDOWNBRINGA#04779,Kyle C - AFKyle#29319,2-0,,1,,,
12/21/2022 20:15:48,Russell S - rstad#89052,Juan Q - JuanCu#95616,2-1,,1,,,
12/21/2022 20:38:07,Tony G - YnotRock#76764,James T - RevisedIsland#19780,2-1,,1,,,
12/21/2022 21:02:11,Tony G - YnotRock#76764,Jacob C - Breadlord#83962,2-0,,1,,,
12/21/2022 21:39:05,Tony G - YnotRock#76764,Jordan M - JMTron#46639,2-1,,1,,,
12/21/2022 22:24:08,Steve T - strout#45062,Tony G - YnotRock#76764,2-1,,1,,,
12/21/2022 23:12:51,Trevor F - treskies#75643,Dante R - dantesper#59172,2-1,,1,,,
12/21/2022 23:17:16,Daniel G - Friskyhobbit#43185,Steve T - strout#45062,2-0,,1,,,
12/21/2022 23:52:23,Sean S - UnknownThursday#95034,Trevor F - treskies#75643,2-1,,1,,,
12/22/2022 0:21:02,Sean S - UnknownThursday#95034,Steve T - strout#45062,2-1,,1,,,
12/22/2022 15:22:20,Jacob C - Breadlord#83962,Walter H - DenzelKittyBoi#22057,2-0,,1,,,
12/22/2022 17:13:18,Jake C - the_man_mulcahey#74753,Daniel J - Insequent#82225,2-0,,1,,,
12/22/2022 17:26:55,Jake C - the_man_mulcahey#74753,Luca P - LukeCloud#68182,2-0,,1,,,
12/22/2022 17:33:37,Trevor F - treskies#75643,Russell S - rstad#89052,2-0,,1,,,
12/22/2022 18:03:51,Chris P - Joker01#66827,Jake C - the_man_mulcahey#74753,2-1,,1,,,
12/22/2022 22:40:41,Dante R - dantesper#59172,Pierre-Marc D - pmduguay#67919,2-1,,1,,,
12/22/2022 23:46:06,Daniel G - Friskyhobbit#43185,Pierre-Marc D - pmduguay#67919,2-0,,1,,,
12/23/2022 15:54:19,Trevor F - treskies#75643,Chris P - Joker01#66827,2-0,,1,,,
12/23/2022 16:11:56,Mitchel S - SpaghettiMitch#18619,Zeke W - smarmyplatapus#30066,2-0,,1,,,
12/23/2022 17:53:13,Benson P - sick beak#62405,Sean Sp - Talrand#06333,2-0,,1,,,
12/23/2022 17:53:54,John R - Ged#72302,Russell S - rstad#89052,2-0,,1,GGs. Thanks!,,
12/23/2022 18:17:18,Dan A - BEATDOWNBRINGA#04779,Ryan D - TheSlickness#10857,2-1,,1,,,
12/23/2022 18:43:55,Raghu B - Midnitfalcon#19670,Daniel G - Friskyhobbit#43185,2-1,,1,,,
12/23/2022 18:52:12,Trevor F - treskies#75643,Benson P - sick beak#62405,2-0,,1,,,
12/23/2022 19:05:33,Dan A - BEATDOWNBRINGA#04779,Jordan M - JMTron#46639,2-1,,1,,,
12/23/2022 20:04:30,Jordan M - JMTron#46639,Kyle W - EtherEngineer#51748,2-1,,1,,,
12/23/2022 20:47:13,Pierre-Marc D - pmduguay#67919,Kyle W - EtherEngineer#51748,2-0,,1,,,
12/23/2022 22:37:16,Sean S - UnknownThursday#95034,Kyle W - EtherEngineer#51748,2-0,,1,,,
12/23/2022 23:10:13,Daniel G - Friskyhobbit#43185,Kyle W - EtherEngineer#51748,2-1,,1,,,
12/23/2022 23:43:13,Ryan D - TheSlickness#10857,Kyle W - EtherEngineer#51748,2-0,,1,,,
12/24/2022 0:32:02,Ryan D - TheSlickness#10857,Jordan M - JMTron#46639,2-1,,1,,,
12/24/2022 1:19:40,Dan A - BEATDOWNBRINGA#04779,Paul G - TheDragon#61289,2-1,,1,,,
12/24/2022 2:01:12,Trevor F - treskies#75643,Jacob C - Breadlord#83962,2-1,,1,,,
12/24/2022 2:45:05,Mitchel S - SpaghettiMitch#18619,Jacob C - Breadlord#83962,2-1,,1,,,
12/24/2022 8:54:03,Serge T - Sergyboy514#39979,Raghu B - Midnitfalcon#19670,2-1,,1,,,
12/24/2022 11:13:40,Raghu B - Midnitfalcon#19670,Dan A - BEATDOWNBRINGA#04779,2-1,,1,,,
12/24/2022 12:16:29,Trevor F - treskies#75643,Christopher S - Stemz#96067,2-1,,1,,,
12/24/2022 12:19:41,Caleb G - Whynaut#28590,John R - Ged#72302,2-0,,1,,,
12/24/2022 13:08:28,Serge T - Sergyboy514#39979,John R - Ged#72302,2-1,,1,,,
12/24/2022 13:10:50,Dan A - BEATDOWNBRINGA#04779,Caleb G - Whynaut#28590,2-0,,1,,,
12/24/2022 13:53:20,Serge T - Sergyboy514#39979,Walter H - DenzelKittyBoi#22057,2-1,,1,,,
12/24/2022 14:12:57,Caleb G - Whynaut#28590,Jordan M - JMTron#46639,2-1,,1,,,
12/24/2022 17:25:58,Raghu B - Midnitfalcon#19670,Jordan M - JMTron#46639,2-1,,1,,,
12/24/2022 17:49:57,Daniel G - Friskyhobbit#43185,Caleb G - Whynaut#28590,2-1,,1,,,
12/24/2022 23:53:02,Trevor F - treskies#75643,Mitchel S - SpaghettiMitch#18619,2-1,,1,,,
12/25/2022 16:04:06,Serge T - Sergyboy514#39979,Jacob C - Breadlord#83962,2-0,,1,,,
12/25/2022 16:51:32,Serge T - Sergyboy514#39979,Trevor F - treskies#75643,2-1,,1,,,
12/25/2022 20:10:18,Daniel G - Friskyhobbit#43185,Serge T - Sergyboy514#39979,2-1,,1,,,
12/25/2022 22:14:53,Ryan D - TheSlickness#10857,Mitchel S - SpaghettiMitch#18619,2-0,,1,,,
12/26/2022 12:55:57,Pierre-Marc D - pmduguay#67919,John R - Ged#72302,2-0,,1,,,
12/26/2022 17:50:11,Sean S - UnknownThursday#95034,Benson P - sick beak#62405,2-1,,1,,,
12/26/2022 20:21:32,Christopher S - Stemz#96067,Ryan D - TheSlickness#10857,2-0,,1,gg,,
12/26/2022 21:32:35,Daniel G - Friskyhobbit#43185,Christopher S - Stemz#96067,2-0,,1,,,
12/26/2022 22:18:14,John R - Ged#72302,Jonathan R - Jraps#79124,2-0,,1,GGS,,
12/26/2022 22:39:24,Pierre-Marc D - pmduguay#67919,Christopher S - Stemz#96067,2-1,,1,,,
12/26/2022 23:05:57,Pierre-Marc D - pmduguay#67919,Dante R - dantesper#59172,2-0,,1,,,
12/27/2022 0:03:31,Chris P - Joker01#66827,Pierre-Marc D - pmduguay#67919,2-1,,1,,,
12/27/2022 17:16:30,Chris P - Joker01#66827,Sean S - UnknownThursday#95034,2-0,,1,,,
12/27/2022 17:48:01,Daniel G - Friskyhobbit#43185,Sean S - UnknownThursday#95034,2-0,,1,,,
12/27/2022 22:37:07,Chris P - Joker01#66827,Dante R - dantesper#59172,2-1,,1,,,
12/29/2022 2:37:29,Raghu B - Midnitfalcon#19670,Chris P - Joker01#66827,2-1,,1,,,