Timestamp,Winner Name,Loser Name,Result,Punishment Pack,Punishment Pack contents,Notes,,Winner Game Wins,Loser Game Wins,Week,Week Value,Week Start (PST)
,,,,,,,,,,,,
4/8/2022 18:25:54,Maxime R - Tasigurr#89921,Damian S - ButCrackMagic#71223,2-0,,1,,,,,,,
4/8/2022 18:30:55,Ryan D - TheSlickness#10857,Chris Y - Yorke on Games#66909,2-1,,1,,,,,,,
4/8/2022 18:53:11,Maxime R - Tasigurr#89921,Ryan D - TheSlickness#10857,2-1,,1,,,,,,,
4/8/2022 19:06:36,Johnny M - Johnny#69519,Damian S - ButCrackMagic#71223,2-1,,1,,,,,,,
4/8/2022 19:09:19,Justin P - Code Pigeon#84057,Cody-Rayce M-G - Rayce#56572,2-1,,1,,,,,,,
4/8/2022 19:15:11,Daniel J - Insequent#82225,Chris Y - Yorke on Games#66909,2-0,,1,,,,,,,
4/8/2022 19:23:50,Justin P - Code Pigeon#84057,Maxime R - Tasigurr#89921,2-0,,1,,,,,,,
4/8/2022 19:47:47,Pierre-Marc D - pmduguay#67919,Justin P - Code Pigeon#84057,2-1,,1,,,,,,,
4/8/2022 20:04:09,Maxime R - Tasigurr#89921,Chris Y - Yorke on Games#66909,2-0,,1,,,,,,,
4/8/2022 20:16:14,Andrew A - Mapo Dofu#77365,Pierre-Marc D - pmduguay#67919,2-0,,1,,,,,,,
4/8/2022 20:49:48,Caleb G - Whynaut#28590,Richard K - preacher26#59445,2-1,,1,,,,,,,
4/8/2022 20:56:17,Steve T - strout#45062,Pierre-Marc D - pmduguay#67919,2-0,,1,,,,,,,
4/8/2022 21:08:21,Daniel J - Insequent#82225,Damian S - ButCrackMagic#71223,2-1,,1,,,,,,,
4/8/2022 21:25:53,Maxime R - Tasigurr#89921,Pierre-Marc D - pmduguay#67919,2-0,,1,,,,,,,
4/8/2022 21:35:36,Maranda L - BlackCanary#59791,Caleb G - Whynaut#28590,2-1,,1,,,,,,,
4/8/2022 21:59:58,Steve T - strout#45062,Olivier F - NephilimOli#21523,2-1,,1,,,,,,,
4/8/2022 22:10:21,Johnny M - Johnny#69519,Zeke W - smarmyplatapus#30066,2-0,,1,,,,,,,
4/9/2022 0:19:58,Steve T - strout#45062,Michael M - Atombomb11991#07305,2-1,,1,,,,,,,
4/9/2022 1:11:48,Johnny M - Johnny#69519,Daniel M - HPWizard#40332,2-1,,1,,,,,,,
4/9/2022 2:07:35,Patrick M - FullestJ#22936,Michael M - Atombomb11991#07305,2-1,,1,,,,,,,
4/9/2022 10:01:11,Chris Y - Yorke on Games#66909,Patrick M - FullestJ#22936,2-0,,1,,,,,,,
4/9/2022 10:53:23,Chris Y - Yorke on Games#66909,Sean L - dankesean#67393,2-1,,1,Tiiiiight games,,,,,,
4/9/2022 14:15:14,John P - gokuorgohome#51511,Nik S - njsiii#50504,2-1,,1,,,,,,,
4/9/2022 14:46:39,Nik S - njsiii#50504,Tony G - YnotRock#76764,2-0,,1,,,,,,,
4/9/2022 14:58:45,Chris R - Sinkwater#27508,Olivier F - NephilimOli#21523,2-0,,1,,,,,,,
4/9/2022 15:11:16,Steve T - strout#45062,Richard K - preacher26#59445,2-0,,1,,,,,,,
4/9/2022 15:39:49,Ryan D - TheSlickness#10857,John P - gokuorgohome#51511,2-0,,1,,,,,,,
4/9/2022 16:48:52,Joseph H - JoCool#84350,John P - gokuorgohome#51511,2-0,,1,,,,,,,
4/9/2022 17:07:15,Caleb G - Whynaut#28590,Russell S - rstad#89052,2-1,,1,,,,,,,
4/9/2022 17:28:08,Joseph H - JoCool#84350,Jeremy E - Lhurgoyf#37289,2-0,,1,,,,,,,
4/9/2022 18:08:29,Nik S - njsiii#50504,Coleman N - avo#92320,2-0,,1,,,,,,,
4/9/2022 19:13:26,Ryan W - MuttBunchies#61653,Daniel J - Insequent#82225,2-0,,1,,,,,,,
4/9/2022 19:36:36,Robby P - Locke_009#22200,Jeremy E - Lhurgoyf#37289,2-1,,1,,,,,,,
4/9/2022 20:38:58,Russell S - rstad#89052,Patrick M - FullestJ#22936,2-1,,1,Liesa!,,,,,,
4/9/2022 21:32:11,Adam S - wizma#29010,Zeke W - smarmyplatapus#30066,2-1,,1,Great games! Sorry about Clone Olivia!,,,,,,
4/9/2022 21:34:36,Maranda L - BlackCanary#59791,Cody-Rayce M-G - Rayce#56572,2-0,,1,,,,,,,
4/9/2022 22:08:25,Andrew A - Mapo Dofu#77365,Sean L - dankesean#67393,2-0,,1,,,,,,,
4/9/2022 22:39:25,Mitchel S - SpaghettiMitch#18619,Christopher G - oompaloompa#65002,2-1,,1,,,,,,,
4/9/2022 23:00:52,Sean L - dankesean#67393,Cody-Rayce M-G - Rayce#56572,2-1,,1,,,,,,,
4/9/2022 23:39:16,Sean L - dankesean#67393,Steve T - strout#45062,2-1,,1,,,,,,,
4/10/2022 0:15:58,Patrick M - FullestJ#22936,Christopher G - oompaloompa#65002,2-1,,1,,,,,,,
4/10/2022 0:59:31,Mitchel S - SpaghettiMitch#18619,Jaidin M - MnemonicDevice#38774,2-0,,1,(pack was manually generated),,,,,,
4/10/2022 10:04:53,Nick L - ironick#50169,Ryan W - MuttBunchies#61653,2-0,,,,,,,,,
4/10/2022 11:24:05,Jordan P - chunkieluver53#92811,Jeremy E - Lhurgoyf#37289,2-0,,1,,,,,,,
4/10/2022 12:51:05,Patrick M - FullestJ#22936,Shuo L - Tamamo#30654,2-0,,1,,,,,,,
4/10/2022 13:59:56,Maranda L - BlackCanary#59791,Zeke W - smarmyplatapus#30066,2-1,,1,,,,,,,
4/10/2022 14:08:29,Shuo L - Tamamo#30654,Adam S - wizma#29010,2-0,,1,,,,,,,
4/10/2022 14:38:25,John P - gokuorgohome#51511,Sawyer T - soyboy#35469,2-1,,1,,,,,,,
4/10/2022 15:37:48,Robby P - Locke_009#22200,Jordan P - chunkieluver53#92811,2-1,,1,,,,,,,
4/10/2022 16:24:14,Shuo L - Tamamo#30654,Joel L - Instinctive#21903,2-0,,1,,,,,,,
4/10/2022 16:25:21,Coleman N - avo#92320,Ryan W - MuttBunchies#61653,2-0,,1,,,,,,,
4/10/2022 17:05:45,Jordan P - chunkieluver53#92811,John L - fightstrife#66069,2-1,,1,,,,,,,
4/10/2022 17:43:27,Cody-Rayce M-G - Rayce#56572,Russell S - rstad#89052,2-1,,1,ggs,,,,,,
4/10/2022 17:46:18,John L - fightstrife#66069,Robby P - Locke_009#22200,2-1,,1,ggs!,,,,,,
4/10/2022 18:02:01,Jordan P - chunkieluver53#92811,Richard K - preacher26#59445,2-1,,1,,,,,,,
4/10/2022 19:41:26,Caleb G - Whynaut#28590,Andrew A - Mapo Dofu#77365,2-1,,1,,,,,,,
4/10/2022 20:12:38,Zeke W - smarmyplatapus#30066,Nick L - ironick#50169,2-1,,1,,,,,,,
4/10/2022 21:50:56,Jake C - the_man_mulcahey#74753,Jordan P - chunkieluver53#92811,2-0,,1,,,,,,,
4/10/2022 22:23:49,Johnny M - Johnny#69519,Maranda L - BlackCanary#59791,2-1,,1,,,,,,,
4/10/2022 22:34:35,Jake C - the_man_mulcahey#74753,Raphael T - bograts#18620,2-0,,1,(pack was manually generated),,,,,,
,,,,,,double reported match,,,,,,
4/10/2022 23:06:46,Jeremy E - Lhurgoyf#37289,Mitchel S - SpaghettiMitch#18619,2-0,,1,,,,,,,
4/10/2022 23:39:52,Jeremy E - Lhurgoyf#37289,Olivier F - NephilimOli#21523,2-1,,1,ggs!,,,,,,
4/11/2022 0:31:55,Joel L - Instinctive#21903,Sylvain T - Iquitos#15484,2-0,,1,gg wp,,,,,,
4/11/2022 0:45:55,Sawyer T - soyboy#35469,Adam S - wizma#29010,2-0,,1,,,,,,,
4/11/2022 10:32:03,Cody-Rayce M-G - Rayce#56572,Sylvain T - Iquitos#15484,2-1,,1,ggs,,,,,,
4/11/2022 10:54:39,Nick L - ironick#50169,Ben A - JankInTheTank#50714,2-0,,1,,,,,,,
4/11/2022 15:14:28,Ben A - JankInTheTank#50714,Tony G - YnotRock#76764,2-0,,1,,,,,,,
4/11/2022 15:56:57,Maranda L - BlackCanary#59791,Tony G - YnotRock#76764,2-0,,1,,,,,,,
4/11/2022 18:02:23,Coleman N - avo#92320,Nick L - ironick#50169,2-0,,1,,,,,,,
4/11/2022 18:34:26,Sawyer T - soyboy#35469,Emmett F - Sepulchure#51526,2-1,,1,,,,,,,
4/11/2022 19:18:33,Coleman N - avo#92320,Robby P - Locke_009#22200,2-0,,1,,,,,,,
4/11/2022 19:31:42,Emmett F - Sepulchure#51526,Joseph H - JoCool#84350,2-0,,1,,,,,,,
4/11/2022 20:13:22,Emmett F - Sepulchure#51526,Russell S - rstad#89052,2-1,,1,,,,,,,
4/11/2022 22:16:16,Sawyer T - soyboy#35469,Raphael T - bograts#18620,2-0,,1,(pack manually generated by Sawyer),,,,,,
4/11/2022 23:07:42,Pierre-Marc D - pmduguay#67919,Johnny M - Johnny#69519,2-0,,1,,,,,,,
4/11/2022 23:49:50,Olivier F - NephilimOli#21523,Sylvain T - Iquitos#15484,2-0,,1,,,,,,,
4/12/2022 1:01:12,Jake C - the_man_mulcahey#74753,Sylvain T - Iquitos#15484,2-0,,1,,,,,,,
4/12/2022 15:27:50,Sawyer T - soyboy#35469,Chris R - Sinkwater#27508,2-0,,1,,,,,,,
4/12/2022 16:06:18,Richard K - preacher26#59445,Chris R - Sinkwater#27508,2-0,,1,,,,,,,
4/12/2022 17:08:31,Chris R - Sinkwater#27508,John L - fightstrife#66069,2-1,,1,,,,,,,
4/12/2022 17:41:39,John L - fightstrife#66069,Ryan W - MuttBunchies#61653,2-0,,1,ggs Ryan! ,,,,,,
4/12/2022 20:07:20,Andrew A - Mapo Dofu#77365,Audi J - Squeakz#38671,2-0,,1,,,,,,,
4/12/2022 21:02:42,Russell S - rstad#89052,Chris R - Sinkwater#27508,2-0,,1,,,,,,,
4/12/2022 21:29:29,Christopher G - oompaloompa#65002,Andrew A - Mapo Dofu#77365,2-1,,1,,,,,,,
4/12/2022 22:08:30,Coleman N - avo#92320,Ryan D - TheSlickness#10857,2-1,,1,,,,,,,
4/12/2022 23:04:51,Mitchel S - SpaghettiMitch#18619,Damian S - ButCrackMagic#71223,2-1,,1,double misplay league,,,,,,
4/13/2022 0:18:19,Jake C - the_man_mulcahey#74753,Mitchel S - SpaghettiMitch#18619,2-0,,1,,,,,,,
4/13/2022 0:59:44,Emmett F - Sepulchure#51526,Jake C - the_man_mulcahey#74753,2-0,,1,Incredibly close games,,,,,,
4/13/2022 17:46:51,Ben A - JankInTheTank#50714,Joel L - Instinctive#21903,2-1,,1,,,,,,,
4/13/2022 18:26:56,Nik S - njsiii#50504,Michael M - Atombomb11991#07305,2-0,,1,,,,,,,
4/13/2022 19:55:44,John P - gokuorgohome#51511,Michael M - Atombomb11991#07305,2-1,,1,,,,,,,
4/13/2022 20:59:52,Daniel M - HPWizard#40332,Sean L - dankesean#67393,2-1,,1,,,,,,,
4/13/2022 21:39:02,Justin P - Code Pigeon#84057,Ryan D - TheSlickness#10857,2-1,,1,,,,,,,
4/13/2022 22:05:26,Justin P - Code Pigeon#84057,Joel L - Instinctive#21903,2-1,,1,,,,,,,
4/14/2022 13:25:53,Tony G - YnotRock#76764,Zeke W - smarmyplatapus#30066,2-1,,1,,,,,,,
4/14/2022 18:17:21,Caleb G - Whynaut#28590,Tony G - YnotRock#76764,2-1,,1,,,,,,,
4/14/2022 18:55:55,Emmett F - Sepulchure#51526,Daniel J - Insequent#82225,2-0,,1,,,,,,,
4/14/2022 20:00:59,Christopher G - oompaloompa#65002,Audi J - Squeakz#38671,2-0,,1,,,,,,,
4/14/2022 22:30:53,Damian S - ButCrackMagic#71223,Joseph H - JoCool#84350,2-0,,1,,,,,,,
4/14/2022 22:43:40,Nik S - njsiii#50504,Shuo L - Tamamo#30654,2-0,,1,,,,,,,
4/14/2022 23:02:38,John L - fightstrife#66069,Daniel J - Insequent#82225,2-0,,1,,,,,,,
4/14/2022 23:17:42,Daniel M - HPWizard#40332,Sylvain T - Iquitos#15484,2-1,,1,,,,,,,
4/15/2022 0:08:36,Raphael T - bograts#18620,Daniel M - HPWizard#40332,2-1,,1,,,,,,,
4/15/2022 11:21:34,Richard K - preacher26#59445,Ben A - JankInTheTank#50714,2-0,,1,,,,,,,
4/15/2022 12:21:35,Jaidin M - MnemonicDevice#38774,Ben A - JankInTheTank#50714,2-1,,1,The shuffler strikes again,,,,,,
4/15/2022 12:55:21,Shuo L - Tamamo#30654,Jaidin M - MnemonicDevice#38774,2-0,,1,,,,,,,
4/15/2022 14:02:27,Jaidin M - MnemonicDevice#38774,Audi J - Squeakz#38671,2-0,,1,,,,,,,
4/15/2022 19:07:51,Caleb G - Whynaut#28590,Emmett F - Sepulchure#51526,2-1,,1,,,,,,,
4/15/2022 19:28:24,Maxime R - Tasigurr#89921,Robby P - Locke_009#22200,2-0,,1,,,,,,,
4/15/2022 20:20:29,Coleman N - avo#92320,Robby P - Locke_009#22200,2-0,,1,,,,,,,
4/15/2022 21:07:10,Maxime R - Tasigurr#89921,Russell S - rstad#89052,2-1,,1,,,,,,,
4/15/2022 21:51:53,Patrick M - FullestJ#22936,Sawyer T - soyboy#35469,2-1,,1,,,,,,,
4/15/2022 22:11:43,Daniel J - Insequent#82225,Maranda L - BlackCanary#59791,2-0,,1,,,,,,,
4/15/2022 23:02:55,Zeke W - smarmyplatapus#30066,Maranda L - BlackCanary#59791,2-0,,1,,,,,,,
4/15/2022 23:05:06,Daniel J - Insequent#82225,Steve T - strout#45062,2-0,,1,,,,,,,
4/15/2022 23:36:29,Emmett F - Sepulchure#51526,Zeke W - smarmyplatapus#30066,2-0,,1,,,,,,,
4/16/2022 0:17:55,Steve T - strout#45062,Jeremy E - Lhurgoyf#37289,2-1,,1,,,,,,,
4/16/2022 0:42:31,Steve T - strout#45062,Olivier F - NephilimOli#21523,2-0,,1,,,,,,,
4/16/2022 1:18:05,Maxime R - Tasigurr#89921,Maranda L - BlackCanary#59791,2-0,,1,,,,,,,
4/16/2022 1:44:09,Maxime R - Tasigurr#89921,Johnny M - Johnny#69519,2-0,,1,,,,,,,
4/16/2022 9:52:01,Jordan P - chunkieluver53#92811,Nik S - njsiii#50504,2-0,,1,,,,,,,
4/16/2022 13:29:36,Patrick M - FullestJ#22936,Jordan P - chunkieluver53#92811,2-0,,1,,,,,,,
4/16/2022 15:00:20,Nik S - njsiii#50504,Russell S - rstad#89052,2-1,,1,,,,,,,
4/16/2022 17:20:43,Richard K - preacher26#59445,Coleman N - avo#92320,2-0,,1,,,,,,,
4/17/2022 10:55:30,Ryan W - MuttBunchies#61653,Nik S - njsiii#50504,2-1,,1,,,,,,,
4/17/2022 11:59:17,Emmett F - Sepulchure#51526,Ryan W - MuttBunchies#61653,2-0,,1,,,,,,,
4/17/2022 12:20:10,Jordan P - chunkieluver53#92811,Emmett F - Sepulchure#51526,2-0,,1,,,,,,,
4/17/2022 12:29:40,Nik S - njsiii#50504,Shuo L - Tamamo#30654,2-1,,1,,,,,,,
4/17/2022 13:10:49,Jordan P - chunkieluver53#92811,Chris R - Sinkwater#27508,2-1,,1,,,,,,,
4/17/2022 13:52:56,Ryan W - MuttBunchies#61653,Shuo L - Tamamo#30654,2-1,,1,,,,,,,
4/17/2022 14:43:42,Caleb G - Whynaut#28590,Patrick M - FullestJ#22936,2-1,,1,,,,,,,
4/17/2022 15:08:24,Caleb G - Whynaut#28590,John P - gokuorgohome#51511,2-1,,1,,,,,,,
4/17/2022 15:08:49,Jordan P - chunkieluver53#92811,Chris Y - Yorke on Games#66909,2-0,,1,,,,,,,
4/17/2022 16:34:36,John P - gokuorgohome#51511,Jeremy E - Lhurgoyf#37289,2-1,,1,,,,,,,
4/17/2022 17:57:36,Caleb G - Whynaut#28590,Maxime R - Tasigurr#89921,2-1,,1,,,,,,,
4/17/2022 19:55:31,Richard K - preacher26#59445,Ryan D - TheSlickness#10857,2-1,,1,,,,,,,
4/17/2022 20:30:43,Steve T - strout#45062,Patrick M - FullestJ#22936,2-1,,1,,,,,,,
4/17/2022 20:48:59,Olivier F - NephilimOli#21523,Sean L - dankesean#67393,2-1,,1,,,,,,,
4/17/2022 21:00:26,Jake C - the_man_mulcahey#74753,Daniel J - Insequent#82225,2-1,,1,,,,,,,
4/17/2022 21:31:27,Andrew A - Mapo Dofu#77365,Sean L - dankesean#67393,2-1,,1,,,,,,,
4/17/2022 21:52:41,Daniel J - Insequent#82225,Zeke W - smarmyplatapus#30066,2-0,,1,,,,,,,
4/17/2022 22:10:30,Adam S - wizma#29010,Johnny M - Johnny#69519,2-0,,1,Good games!,,,,,,
4/17/2022 23:59:23,Steve T - strout#45062,Adam S - wizma#29010,2-1,,1,,,,,,,
4/18/2022 13:35:35,Olivier F - NephilimOli#21523,Robby P - Locke_009#22200,2-0,,1,,,,,,,
4/18/2022 14:35:01,Ben A - JankInTheTank#50714,Sawyer T - soyboy#35469,2-1,,1,,,,,,,
4/18/2022 18:24:50,Sawyer T - soyboy#35469,John P - gokuorgohome#51511,2-0,,1,,,,,,,
4/18/2022 18:54:15,John P - gokuorgohome#51511,Ryan W - MuttBunchies#61653,2-0,,1,,,,,,,
4/18/2022 19:00:53,Chris Y - Yorke on Games#66909,Justin P - Code Pigeon#84057,2-1,,1,,,,,,,
4/18/2022 20:13:39,Justin P - Code Pigeon#84057,John P - gokuorgohome#51511,2-0,,1,,,,,,,
4/18/2022 20:15:23,Cody-Rayce M-G - Rayce#56572,Russell S - rstad#89052,2-0,,1,ggs,,,,,,
4/18/2022 20:56:56,Justin P - Code Pigeon#84057,Coleman N - avo#92320,2-1,,1,,,,,,,
4/18/2022 21:28:39,Justin P - Code Pigeon#84057,Caleb G - Whynaut#28590,2-0,,1,,,,,,,
4/18/2022 21:36:22,Russell S - rstad#89052,Andrew A - Mapo Dofu#77365,2-0,,1,,,,,,,
4/18/2022 22:25:53,Cody-Rayce M-G - Rayce#56572,Zeke W - smarmyplatapus#30066,2-0,,1,ggs!,,,,,,
4/18/2022 22:47:52,Cody-Rayce M-G - Rayce#56572,Raphael T - bograts#18620,2-0,,1,ggs!,,,,,,
4/18/2022 23:13:37,Jeremy E - Lhurgoyf#37289,Chris Y - Yorke on Games#66909,2-0,,1,,,,,,,
4/18/2022 23:21:55,Olivier F - NephilimOli#21523,Cody-Rayce M-G - Rayce#56572,2-1,,1,,,,,,,
4/18/2022 23:43:16,Cody-Rayce M-G - Rayce#56572,Chris Y - Yorke on Games#66909,2-0,,1,ggs rip mana,,,,,,
4/19/2022 0:42:59,Chris Y - Yorke on Games#66909,Jake C - the_man_mulcahey#74753,2-1,,1,,,,,,,
4/19/2022 1:48:19,Sawyer T - soyboy#35469,Joel L - Instinctive#21903,2-0,,1,,,,,,,
4/19/2022 11:46:31,Ben A - JankInTheTank#50714,Jake C - the_man_mulcahey#74753,2-0,,1,,,,,,,
4/19/2022 20:33:33,Emmett F - Sepulchure#51526,Michael M - Atombomb11991#07305,2-0,,1,,,,,,,
4/19/2022 20:59:14,Damian S - ButCrackMagic#71223,Andrew A - Mapo Dofu#77365,2-1,,1,,,,,,,
4/19/2022 21:54:28,Mitchel S - SpaghettiMitch#18619,Raphael T - bograts#18620,2-0,,1,,,,,,,
4/19/2022 22:17:59,Russell S - rstad#89052,Joel L - Instinctive#21903,2-0,,1,,,,,,,
4/19/2022 22:57:17,Damian S - ButCrackMagic#71223,Joel L - Instinctive#21903,2-1,,1,,,,,,,
4/19/2022 23:08:53,Mitchel S - SpaghettiMitch#18619,Coleman N - avo#92320,2-0,,1,,,,,,,
4/19/2022 23:36:13,Pierre-Marc D - pmduguay#67919,Jeremy E - Lhurgoyf#37289,2-0,,1,,,,,,,
4/20/2022 0:09:58,Adam S - wizma#29010,Tony G - YnotRock#76764,2-1,,1,Great games ,,,,,,
4/20/2022 0:11:42,Pierre-Marc D - pmduguay#67919,Sylvain T - Iquitos#15484,2-0,,1,,,,,,,
4/20/2022 1:03:14,Sylvain T - Iquitos#15484,Tony G - YnotRock#76764,2-0,,1,good games!,,,,,,
4/20/2022 10:52:52,Pierre-Marc D - pmduguay#67919,Nick L - ironick#50169,2-0,,1,,,,,,,
4/20/2022 11:49:34,Nick L - ironick#50169,Jaidin M - MnemonicDevice#38774,2-1,,1,,,,,,,
4/20/2022 12:15:25,Pierre-Marc D - pmduguay#67919,Jaidin M - MnemonicDevice#38774,2-0,,1,,,,,,,
4/20/2022 13:10:12,Nick L - ironick#50169,Jake C - the_man_mulcahey#74753,2-1,,1,,,,,,,
4/20/2022 14:32:56,Chris R - Sinkwater#27508,Ben A - JankInTheTank#50714,2-1,,1,,,,,,,
4/20/2022 15:15:22,Nick L - ironick#50169,Ben A - JankInTheTank#50714,2-0,,1,,,,,,,
4/20/2022 17:21:09,Justin P - Code Pigeon#84057,Audi J - Squeakz#38671,2-1,,1,,,,,,,
4/20/2022 18:17:45,Damian S - ButCrackMagic#71223,Ryan D - TheSlickness#10857,2-0,,1,,,,,,,
4/20/2022 19:02:47,Richard K - preacher26#59445,Damian S - ButCrackMagic#71223,2-1,,1,,,,,,,
4/20/2022 19:52:25,Daniel M - HPWizard#40332,Olivier F - NephilimOli#21523,2-0,,1,,,,,,,
4/20/2022 20:35:31,Nick L - ironick#50169,Audi J - Squeakz#38671,2-0,,1,,,,,,,
4/20/2022 21:59:53,Christopher G - oompaloompa#65002,Joseph H - JoCool#84350,2-1,,1,,,,,,,
4/20/2022 22:02:32,Mitchel S - SpaghettiMitch#18619,Johnny M - Johnny#69519,2-1,,1,,,,,,,
4/20/2022 22:22:05,Mitchel S - SpaghettiMitch#18619,Ryan D - TheSlickness#10857,2-0,,1,,,,,,,
4/20/2022 22:56:14,Pierre-Marc D - pmduguay#67919,Mitchel S - SpaghettiMitch#18619,2-1,,1,,,,,,,
4/20/2022 23:00:27,Daniel M - HPWizard#40332,Christopher G - oompaloompa#65002,2-0,,1,,,,,,,
4/20/2022 23:31:58,Daniel J - Insequent#82225,Daniel M - HPWizard#40332,2-0,,1,,,,,,,
4/20/2022 23:58:00,Nik S - njsiii#50504,Adam S - wizma#29010,2-1,,1,,,,,,,
4/21/2022 1:14:44,Adam S - wizma#29010,Sylvain T - Iquitos#15484,2-1,,1,Great games!,,,,,,
4/21/2022 9:59:13,Sean L - dankesean#67393,Chris R - Sinkwater#27508,2-1,,1,,,,,,,
4/21/2022 12:30:00,Jake C - the_man_mulcahey#74753,Chris R - Sinkwater#27508,2-0,,1,,,,,,,
4/21/2022 13:09:42,Sawyer T - soyboy#35469,Tony G - YnotRock#76764,2-0,,1,,,,,,,
4/21/2022 16:38:40,Joseph H - JoCool#84350,John L - fightstrife#66069,2-1,,1,,,,,,,
4/21/2022 17:35:09,Joseph H - JoCool#84350,Adam S - wizma#29010,2-0,,1,,,,,,,
4/21/2022 17:53:27,Jaidin M - MnemonicDevice#38774,Michael M - Atombomb11991#07305,2-0,,1,Close games!,,,,,,
4/21/2022 18:00:29,Richard K - preacher26#59445,Johnny M - Johnny#69519,2-1,,1,,,,,,,
4/21/2022 19:07:54,Michael M - Atombomb11991#07305,Damian S - ButCrackMagic#71223,2-1,,1,,,,,,,
4/21/2022 23:34:10,Michael M - Atombomb11991#07305,Sean L - dankesean#67393,2-1,,1,,,,,,,
4/21/2022 23:56:01,John L - fightstrife#66069,Christopher G - oompaloompa#65002,2-0,,1,,,,,,,
4/22/2022 0:22:04,Daniel M - HPWizard#40332,John L - fightstrife#66069,2-0,,1,,,,,,,
4/22/2022 15:08:06,Jaidin M - MnemonicDevice#38774,Shuo L - Tamamo#30654,2-0,,1,Thanks for helping me dodge entropy,,,,,,
4/22/2022 17:10:45,Coleman N - avo#92320,Christopher G - oompaloompa#65002,2-0,,1,,,,,,,
4/23/2022 12:07:52,Sean L - dankesean#67393,Emmett F - Sepulchure#51526,2-0,,1,,,,,,,
4/23/2022 13:20:53,Sean L - dankesean#67393,Jordan P - chunkieluver53#92811,2-0,,1,,,,,,,
4/23/2022 14:01:51,Sawyer T - soyboy#35469,Jordan P - chunkieluver53#92811,2-0,,1,,,,,,,
4/23/2022 14:52:33,Sawyer T - soyboy#35469,Ryan W - MuttBunchies#61653,2-0,,1,,,,,,,
4/23/2022 16:10:40,Jake C - the_man_mulcahey#74753,Maxime R - Tasigurr#89921,2-0,,1,,,,,,,
4/23/2022 16:44:54,Maxime R - Tasigurr#89921,Justin P - Code Pigeon#84057,2-0,,1,,,,,,,
4/23/2022 18:41:03,Maxime R - Tasigurr#89921,Sawyer T - soyboy#35469,2-1,,1,,,,,,,
4/23/2022 23:12:18,Sean L - dankesean#67393,Maxime R - Tasigurr#89921,2-0,,1,,,,,,,
4/23/2022 23:21:06,Daniel J - Insequent#82225,Maranda L - BlackCanary#59791,2-0,,1,,,,,,,
4/24/2022 0:24:44,Maranda L - BlackCanary#59791,Sean L - dankesean#67393,2-0,,1,,,,,,,
4/24/2022 1:10:39,Emmett F - Sepulchure#51526,Steve T - strout#45062,2-0,,1,,,,,,,
4/24/2022 1:35:30,Emmett F - Sepulchure#51526,Maxime R - Tasigurr#89921,2-0,,1,,,,,,,
4/24/2022 12:51:55,Zeke W - smarmyplatapus#30066,Nik S - njsiii#50504,2-1,,1,,,,,,,
4/24/2022 13:25:59,Zeke W - smarmyplatapus#30066,Richard K - preacher26#59445,2-0,,1,,,,,,,
4/24/2022 16:14:25,Zeke W - smarmyplatapus#30066,Daniel J - Insequent#82225,2-1,,1,,,,,,,
4/24/2022 17:20:17,Zeke W - smarmyplatapus#30066,Steve T - strout#45062,2-1,,1,,,,,,,
4/24/2022 19:01:17,Daniel J - Insequent#82225,Jake C - the_man_mulcahey#74753,2-1,,1,,,,,,,
4/24/2022 22:53:54,Daniel J - Insequent#82225,Patrick M - FullestJ#22936,2-0,,1,,,,,,,
4/24/2022 23:30:14,Mitchel S - SpaghettiMitch#18619,Zeke W - smarmyplatapus#30066,2-1,,1,,,,,,,
4/25/2022 0:22:03,John L - fightstrife#66069,Steve T - strout#45062,2-1,,1,,,,,,,
4/25/2022 1:31:52,Maranda L - BlackCanary#59791,John L - fightstrife#66069,2-0,,1,,,,,,,
4/25/2022 3:43:11,Sawyer T - soyboy#35469,Steve T - strout#45062,2-1,,1,,,,,,,
4/25/2022 14:01:13,Nick L - ironick#50169,Mitchel S - SpaghettiMitch#18619,2-0,,1,,,,,,,
4/25/2022 16:40:14,Sawyer T - soyboy#35469,Richard K - preacher26#59445,2-0,,1,,,,,,,
4/25/2022 17:36:38,Emmett F - Sepulchure#51526,Richard K - preacher26#59445,2-1,,1,,,,,,,
4/25/2022 18:09:49,Caleb G - Whynaut#28590,Emmett F - Sepulchure#51526,2-1,,1,,,,,,,
4/25/2022 18:44:23,Caleb G - Whynaut#28590,Damian S - ButCrackMagic#71223,2-1,,1,,,,,,,
4/25/2022 19:57:14,Sean L - dankesean#67393,Cody-Rayce M-G - Rayce#56572,2-1,,1,,,,,,,
4/25/2022 20:34:20,Nick L - ironick#50169,Cody-Rayce M-G - Rayce#56572,2-0,,1,,,,,,,
4/25/2022 21:39:37,Nick L - ironick#50169,Pierre-Marc D - pmduguay#67919,2-0,,1,,,,,,,
4/26/2022 0:39:01,Sean L - dankesean#67393,Olivier F - NephilimOli#21523,2-0,,1,,,,,,,
4/26/2022 13:21:17,Daniel J - Insequent#82225,Andrew A - Mapo Dofu#77365,2-1,,1,,,,,,,
4/26/2022 22:01:54,Michael M - Atombomb11991#07305,Mitchel S - SpaghettiMitch#18619,2-1,,1,,,,,,,
4/26/2022 22:02:43,Russell S - rstad#89052,Caleb G - Whynaut#28590,2-0,,1,,,,,,,
4/26/2022 22:50:36,Daniel M - HPWizard#40332,Nik S - njsiii#50504,2-0,,1,,,,,,,
4/26/2022 23:53:10,Daniel M - HPWizard#40332,Russell S - rstad#89052,2-1,,1,,,,,,,
4/27/2022 0:47:43,Nick L - ironick#50169,Daniel M - HPWizard#40332,2-0,,1,,,,,,,
4/27/2022 1:19:12,Nik S - njsiii#50504,Maranda L - BlackCanary#59791,2-1,,1,Good games,,,,,,
4/27/2022 17:32:31,Justin P - Code Pigeon#84057,Nick L - ironick#50169,2-1,,1,,,,,,,
4/27/2022 18:59:58,Christopher G - oompaloompa#65002,Justin P - Code Pigeon#84057,2-0,,1,,,,,,,
4/27/2022 20:40:36,Christopher G - oompaloompa#65002,Nik S - njsiii#50504,2-0,,1,,,,,,,
4/27/2022 22:01:01,Michael M - Atombomb11991#07305,Jake C - the_man_mulcahey#74753,2-0,,1,,,,,,,
4/27/2022 22:40:46,Christopher G - oompaloompa#65002,Richard K - preacher26#59445,2-1,,1,,,,,,,
4/28/2022 0:00:17,Jake C - the_man_mulcahey#74753,Daniel M - HPWizard#40332,2-0,,1,,,,,,,
6/8/2022 20:53:52,Johnny M - Johnny#69519,Caleb G - Whynaut#28590,2-0,,1,TEST,,,,,,