Timestamp,Winner Name,Loser Name,Result,Punishment Pack,Pack Generated,Notes,Winner Colour Pair,Loser Colour Pair,Punishment Pack,,Punishment Pack choice?
,,,,,,,,,,,
,,,,,,,,,,,
,,,,,,,,,,,
,,,,,,,,,,,
,,,,,,,,,,,
,,,,,,,,,,,
,,,,,,,,,,,
6/23/2023 17:28:28,John P - gokuorgohome#51511,Cody-Rayce MG - Rayce#56572,2-0,,1,,,,,,
6/23/2023 17:44:58,Nik S - njsiii#50504,Emmett F - Sepulchure#51526,2-0,,1,,,,,,
6/23/2023 18:02:34,Paul G - TheDragon#61289,Steve T - strout#45062,2-1,,1,,,,,,
6/23/2023 18:09:27,Damian S - ButCrackMagic#71223,Cody-Rayce MG - Rayce#56572,2-1,,1,THE ONE RING,,,,,
6/23/2023 18:24:06,Caleb G - Whynaut#28590,Chris P - Joker01#66827,2-1,,1,,,,,,
6/23/2023 18:32:27,John B - Vasilas#78257,Emmett F - Sepulchure#51526,2-1,,1,,,,,,
6/23/2023 18:44:53,Cody-Rayce MG - Rayce#56572,Steve T - strout#45062,2-1,,1,ggs,,,,,
6/23/2023 19:02:06,Caleb G - Whynaut#28590,Kevin I - kni1993#29285,2-1,,1,,,,,,
6/23/2023 19:18:02,Emmett F - Sepulchure#51526,Cody-Rayce MG - Rayce#56572,2-0,,1,,,,,,
6/23/2023 19:28:27,Johnny M - Johnny#69519,Damian S - ButCrackMagic#71223,2-1,,1,Sting Stang Stung,,,,,
6/23/2023 19:44:46,Kevin I - kni1993#29285,Bob P - HIT#08120,2-1,,1,Ggs,,,,,
6/23/2023 19:49:01,Wesley L - weslars#49889,Caleb K - BlackEcho#09078,2-0,,1,,,,,,
6/23/2023 19:52:45,Caleb G - Whynaut#28590,Damian S - ButCrackMagic#71223,2-0,,1,,,,,,
6/23/2023 20:20:31,Caleb G - Whynaut#28590,Matthew K - Tortag#62633,2-0,,1,,,,,,
6/23/2023 20:26:59,Phillip M - Fat_kitty#63794,Wesley L - weslars#49889,2-0,,1,,,,,,
6/23/2023 20:27:59,Kevin I - kni1993#29285,John B - Vasilas#78257,2-1,,1,Ggs,,,,,
6/23/2023 20:46:41,Phillip M - Fat_kitty#63794,Caleb K - BlackEcho#09078,2-0,,1,,,,,,
6/23/2023 20:48:27,Caleb G - Whynaut#28590,Wyatt C - hotdolphin#30769,2-0,,1,,,,,,
6/23/2023 21:02:13,Wesley L - weslars#49889,John P - gokuorgohome#51511,2-0,,1,,,,,,
6/23/2023 21:24:28,Caleb K - BlackEcho#09078,Wyatt C - hotdolphin#30769,2-1,,1,ggs,,,,,
6/23/2023 22:20:21,Steve T - strout#45062,Jack H - Rakic#98298,2-0,,1,,,,,,
6/23/2023 22:23:44,Damian S - ButCrackMagic#71223,Philip B - Plipster#75000,2-1,,1,,,,,,
6/23/2023 22:38:04,Wesley L - weslars#49889,Emmett F - Sepulchure#51526,2-0,,1,,,,,,
6/23/2023 22:41:47,Damian S - ButCrackMagic#71223,Jack H - Rakic#98298,2-0,,1,,,,,,
6/23/2023 22:49:17,Phillip M - Fat_kitty#63794,Deven W - deven#51146,2-0,,1,,,,,,
6/23/2023 22:52:33,Steve T - strout#45062,Yoshitake M - cradilygo#76222,2-1,,1,GGs!,,,,,
6/23/2023 23:03:43,Maranda L - blackcanary#59791,Zeke W - smarmyplatapus#30066,2-0,,1,,,,,,
6/23/2023 23:06:35,Wesley L - weslars#49889,Jack H - Rakic#98298,2-0,,1,,,,,,
6/23/2023 23:40:49,Emmett F - Sepulchure#51526,Deven W - deven#51146,2-0,,1,,,,,,
6/23/2023 23:56:30,Yoshitake M - cradilygo#76222,Phillip M - Fat_kitty#63794,2-1,,1,,,,,,
6/24/2023 1:56:41,Philip B - Plipster#75000,Paul G - TheDragon#61289,2-0,,1,,,,,,
6/24/2023 8:55:52,Pierre-Marc D - pmduguay#67919,John R - Ged#72302,2-1,,1,,,,,,
6/24/2023 10:28:29,Drake M - KoMODO#43282,Paul G - TheDragon#61289,2-1,,1,,,,,,
6/24/2023 11:01:38,Pierre-Marc D - pmduguay#67919,Kevin I - kni1993#29285,2-1,,1,,,,,,
6/24/2023 11:39:21,Jeremy E - Lhurgoyf#37289,Kevin I - kni1993#29285,2-1,,1,,,,,,
6/24/2023 13:33:09,Pierre-Marc D - pmduguay#67919,Ryan D - TheSlickness#10857,2-0,,1,,,,,,
6/24/2023 14:18:32,Eric S - Smitte#94855,Ryan D - TheSlickness#10857,2-1,,1,,,,,,
6/24/2023 14:35:44,Wyatt C - hotdolphin#30769,James S - Zoid#33631,2-1,,1,,,,,,
6/24/2023 15:01:47,Caleb K - BlackEcho#09078,Blake R - Trogdorr#20061,2-0,,1,,,,,,
6/24/2023 15:17:43,Bob P - HIT#08120,James S - Zoid#33631,2-0,,1,,,,,,
6/24/2023 15:48:50,James S - Zoid#33631,Blake R - Trogdorr#20061,2-0,,1,,,,,,
6/24/2023 16:18:26,Michael B - Monkeymage#12141,Jeremy E - Lhurgoyf#37289,2-0,,1,,,,,,
6/24/2023 16:45:17,Michael B - Monkeymage#12141,Caleb K - BlackEcho#09078,2-1,,1,,,,,,
6/24/2023 17:16:14,Jeremy E - Lhurgoyf#37289,John B - Vasilas#78257,2-0,,1,,,,,,
6/24/2023 18:01:49,Dan K - Fizishy#82483,Michael B - Monkeymage#12141,2-1,,1,,,,,,
6/24/2023 22:20:39,Yoshitake M - cradilygo#76222,Joe T - elasticity#07466,2-0,,1,,,,,,
6/24/2023 22:47:44,John B - Vasilas#78257,Yoshitake M - cradilygo#76222,2-0,,1,,,,,,
6/24/2023 23:05:45,Philip B - Plipster#75000,Joe T - elasticity#07466,2-1,,1,,,,,,
6/24/2023 23:32:21,Philip B - Plipster#75000,Chris Y - Yorke on Games#66909,2-0,,1,,,,,,
6/24/2023 23:46:08,Michael B - Monkeymage#12141,Deven W - deven#51146,2-0,,1,,,,,,
6/25/2023 0:44:01,Bob P - HIT#08120,Johnny M - Johnny#69519,2-1,,1,,,,,,
6/25/2023 0:50:08,Philip B - Plipster#75000,Pedro D - Goombassa#17203,2-0,,1,,,,,,
6/25/2023 10:37:50,Paul G - TheDragon#61289,John R - Ged#72302,2-0,,1,,,,,,
6/25/2023 11:57:18,Bob P - HIT#08120,Mike P - unwieldybiscuit#26471,2-0,,1,,,,,,
6/25/2023 12:42:12,Joe T - elasticity#07466,Phillip M - Fat_kitty#63794,2-1,,1,,,,,,
6/25/2023 13:47:26,James S - Zoid#33631,Johnny M - Johnny#69519,2-1,,1,,,,,,
6/25/2023 14:51:23,Adam S - wizma#29010,Trevor F - treskies#75643,2-1,,1,Good games!,,,,,
6/25/2023 15:31:21,Michael M - Atombomb11991#07305,Mitchel S - SpaghettiMitch#18619,2-0,,1,,,,,,
6/25/2023 15:42:00,James S - Zoid#33631,John P - gokuorgohome#51511,2-0,,1,,,,,,
6/25/2023 17:56:46,Eric S - Smitte#94855,Jeremy E - Lhurgoyf#37289,2-0,,1,,,,,,
6/25/2023 18:10:11,Pedro D - Goombassa#17203,Eric S - Smitte#94855,2-0,,1,GGs,,,,,
6/25/2023 18:50:12,Sawyer T - soyboy#35469,Jeremy E - Lhurgoyf#37289,2-0,,1,,,,,,
6/25/2023 19:47:10,Bob P - HIT#08120,Pedro D - Goombassa#17203,2-1,,1,,,,,,
6/25/2023 20:12:07,Maranda L - blackcanary#59791,Serge T - Sergyboy514#39979,2-1,,1,,,,,,
6/25/2023 20:58:21,Serge T - Sergyboy514#39979,Nicholas K - Bionick#55161,2-0,,1,,,,,,
6/25/2023 21:17:50,Mike P - unwieldybiscuit#26471,Nicholas K - Bionick#55161,2-1,,1,,,,,,
6/25/2023 21:18:21,Nik S - njsiii#50504,Daniel G - Friskyhobbit#43185,2-1,,1,,,,,,
6/25/2023 21:34:58,Adam S - wizma#29010,Nik S - njsiii#50504,2-0,,1,Good games!,,,,,
6/25/2023 21:55:45,Pedro D - Goombassa#17203,Nik S - njsiii#50504,2-0,,1,GGs,,,,,
6/25/2023 22:30:13,Adam S - wizma#29010,Nicholas K - Bionick#55161,2-0,,1,Letâ€™s go RB!,,,,,
6/25/2023 22:32:08,Nik S - njsiii#50504,Maranda L - blackcanary#59791,2-0,,1,,,,,,
6/25/2023 22:48:49,Pedro D - Goombassa#17203,Pierre-Marc D - pmduguay#67919,2-0,,1,GGs,,,,,
6/25/2023 23:09:43,Jordan M - JMTron#46639,Jaidin M - MnemonicDevice#38774,2-0,,1,,,,,,
6/25/2023 23:29:22,Reed P - bigfingsnake#86869,Pierre-Marc D - pmduguay#67919,2-0,,1,,,,,,
6/25/2023 23:50:51,Dan A - BEATDOWNBRINGA#04779,Jacob V - Drysle#29533,2-0,,1,,,,,,
6/26/2023 0:20:31,Michael B - Monkeymage#12141,Jacob V - Drysle#29533,2-0,,1,,,,,,
6/26/2023 0:22:18,Mitchel S - SpaghettiMitch#18619,Reed P - bigfingsnake#86869,2-1,,1,,,,,,
6/26/2023 1:18:20,Yoshitake M - cradilygo#76222,Mitchel S - SpaghettiMitch#18619,2-1,,1,,,,,,
6/26/2023 12:21:57,Evan C - PeasOfCrab#00133,Chris P - Joker01#66827,2-0,,1,,,,,,
6/26/2023 12:43:50,Dan A - BEATDOWNBRINGA#04779,Evan C - PeasOfCrab#00133,2-0,,1,,,,,,
6/26/2023 12:57:22,Sawyer T - soyboy#35469,Daniel G - Friskyhobbit#43185,2-0,,1,,,,,,
6/26/2023 14:05:49,Chris P - Joker01#66827,Daniel G - Friskyhobbit#43185,2-1,,1,,,,,,
6/26/2023 15:00:59,Reed P - bigfingsnake#86869,Serge T - Sergyboy514#39979,2-1,,1,,,,,,
6/26/2023 16:05:14,Wyatt C - hotdolphin#30769,John P - gokuorgohome#51511,2-0,,1,,,,,,
6/26/2023 17:27:45,Dan A - BEATDOWNBRINGA#04779,Serge T - Sergyboy514#39979,2-1,,1,,,,,,
6/26/2023 18:35:44,Jordan M - JMTron#46639,Blake R - Trogdorr#20061,2-1,,1,,,,,,
6/26/2023 18:47:36,Rafael F - Prudent#24319,Adam S - wizma#29010,2-1,,1,tight games!,,,,,
6/26/2023 19:21:27,Dan A - BEATDOWNBRINGA#04779,Matthew K - Tortag#62633,2-1,,1,,,,,,
6/26/2023 19:26:33,Ryan D - TheSlickness#10857,John P - gokuorgohome#51511,2-0,,1,,,,,,
6/26/2023 19:48:48,Maranda L - blackcanary#59791,Matthew K - Tortag#62633,2-1,,1,,,,,,
6/26/2023 20:16:23,Daniel G - Friskyhobbit#43185,Matthew K - Tortag#62633,2-0,,1,,,,,,
6/26/2023 20:23:26,Rafael F - Prudent#24319,Reed P - bigfingsnake#86869,2-0,,1,,,,,,
6/26/2023 20:47:21,Matthew K - Tortag#62633,Drake M - KoMODO#43282,2-0,,1,,,,,,
6/26/2023 21:00:07,Daniel G - Friskyhobbit#43185,John B - Vasilas#78257,2-0,,1,,,,,,
6/26/2023 21:01:42,Steve T - strout#45062,Maranda L - blackcanary#59791,2-1,,1,lands :(,,,,,
6/26/2023 21:26:16,Drake M - KoMODO#43282,Sawyer T - soyboy#35469,2-0,,1,,,,,,
6/26/2023 21:27:30,Reed P - bigfingsnake#86869,Chris Y - Yorke on Games#66909,2-1,,1,"rise up, ent",,,,,
6/26/2023 21:48:03,Drake M - KoMODO#43282,Zeke W - smarmyplatapus#30066,2-0,,1,,,,,,
6/26/2023 22:03:47,Doug D - dougnukem#51899,Zeke W - smarmyplatapus#30066,2-1,,1,Note: Doug (me) had to pause the match after game 1 due to IRL stuff ,,,,,
6/26/2023 22:27:57,Chris Y - Yorke on Games#66909,Doug D - dougnukem#51899,2-0,,1,ONE RING!,,,,,
6/26/2023 22:37:32,Adam S - wizma#29010,John R - Ged#72302,2-1,,1,Good games!,,,,,
6/26/2023 23:18:50,Chris Y - Yorke on Games#66909,Drake M - KoMODO#43282,2-1,,1,ONE RING!!,,,,,
6/26/2023 23:27:33,Jacob V - Drysle#29533,Doug D - dougnukem#51899,2-0,,1,,,,,,
6/26/2023 23:56:22,Johnny M - Johnny#69519,Jacob V - Drysle#29533,2-1,,1,,,,,,
6/27/2023 0:53:46,Mitchel S - SpaghettiMitch#18619,Chris Y - Yorke on Games#66909,2-0,,1,,,,,,
6/27/2023 0:54:00,Trevor F - treskies#75643,Doug D - dougnukem#51899,2-0,,1,,,,,,
6/27/2023 1:45:10,Sawyer T - soyboy#35469,Trevor F - treskies#75643,2-1,,1,,,,,,
6/27/2023 11:20:12,Rafael F - Prudent#24319,Eric S - Smitte#94855,2-0,,1,,,,,,
6/27/2023 15:46:27,Jordan M - JMTron#46639,Wyatt C - hotdolphin#30769,2-1,,1,,,,,,
6/27/2023 16:03:16,Eric S - Smitte#94855,Lotte P - Lotte #93345,2-1,,1,,,,,,
6/27/2023 16:30:42,Jordan M - JMTron#46639,Lotte P - Lotte #93345,2-0,,1,,,,,,
6/27/2023 19:22:28,Rafael F - Prudent#24319,Evan C - PeasOfCrab#00133,2-0,,1,,,,,,
6/27/2023 21:24:07,Mike P - unwieldybiscuit#26471,Grey H - grensley#29260,2-1,,1,,,,,,
6/27/2023 22:09:35,Trevor F - treskies#75643,Evan C - PeasOfCrab#00133,2-1,,1,,,,,,
6/27/2023 22:30:12,Sawyer T - soyboy#35469,Evan C - PeasOfCrab#00133,2-0,,1,,,,,,
6/27/2023 22:32:40,Sean Sp - Talrand#06333,Mike P - unwieldybiscuit#26471,2-1,,1,,,,,,
6/27/2023 22:51:15,Rafael F - Prudent#24319,Trevor F - treskies#75643,2-0,,1,Tight games,,,,,
6/27/2023 23:36:27,Dan A - BEATDOWNBRINGA#04779,Doug D - dougnukem#51899,2-0,,1,,,,,,
6/28/2023 1:30:16,Mitchel S - SpaghettiMitch#18619,Wei C - Azayaka#83352,2-1,,1,,,,,,
6/28/2023 11:22:20,Tony G - YnotRock#76764,John R - Ged#72302,2-0,,1,,,,,,
6/28/2023 12:33:14,Tony G - YnotRock#76764,Johnny M - Johnny#69519,2-1,,1,,,,,,
6/28/2023 13:00:21,Tony G - YnotRock#76764,Sean Sp - Talrand#06333,2-0,,1,,,,,,
6/28/2023 13:55:55,Jordan M - JMTron#46639,Tony G - YnotRock#76764,2-0,,1,,,,,,
6/28/2023 16:11:14,John R - Ged#72302,Sean Sp - Talrand#06333,2-0,,1,ggs,,,,,
6/28/2023 21:10:11,Chris R - Sinkwater#27508,Ryan D - TheSlickness#10857,2-0,,1,,,,,,
6/28/2023 22:11:58,Chris R - Sinkwater#27508,Deven W - deven#51146,2-1,,1,,,,,,
6/28/2023 22:34:17,Grey H - grensley#29260,Nicholas K - Bionick#55161,2-0,,1,,,,,,
6/28/2023 22:47:22,Michael M - Atombomb11991#07305,Tony G - YnotRock#76764,2-0,,1,,,,,,
6/28/2023 23:57:17,Wei C - Azayaka#83352,Grey H - grensley#29260,2-0,,1,,,,,,
6/29/2023 0:22:42,Wei C - Azayaka#83352,Doug D - dougnukem#51899,2-0,,1,,,,,,
6/29/2023 14:03:37,Wei C - Azayaka#83352,Doug Co - daceris#24713,2-0,,1,,,,,,
6/29/2023 14:54:02,Blake R - Trogdorr#20061,Wei C - Azayaka#83352,2-1,,1,,,,,,
6/29/2023 16:54:09,Blake R - Trogdorr#20061,Doug Co - daceris#24713,2-1,,1,,,,,,
6/29/2023 19:05:58,Doug Co - daceris#24713,Chris R - Sinkwater#27508,2-0,,1,,,,,,
6/29/2023 19:20:45,Bill D - Cato Phoenix#70805,Ryan D - TheSlickness#10857,2-1,,1,,,,,,
6/29/2023 19:25:12,Joe T - elasticity#07466,Doug Co - daceris#24713,2-0,,1,,,,,,
6/29/2023 19:47:39,Joe T - elasticity#07466,Serge T - Sergyboy514#39979,2-0,,1,,,,,,
6/29/2023 19:58:12,Bill D - Cato Phoenix#70805,Chris R - Sinkwater#27508,2-1,,1,,,,,,
6/29/2023 21:04:40,Bill D - Cato Phoenix#70805,Michael M - Atombomb11991#07305,2-1,,1,,,,,,
6/29/2023 21:41:12,Sean Sp - Talrand#06333,Nicholas K - Bionick#55161,2-0,,1,,,,,,
6/29/2023 22:08:30,Sean Sp - Talrand#06333,Grey H - grensley#29260,2-0,,1,,,,,,
6/29/2023 22:20:32,Jaidin M - MnemonicDevice#38774,Dan K - Fizishy#82483,2-0,,1,Bill Bill Bill,,,,,
6/29/2023 22:41:30,Chris R - Sinkwater#27508,Christopher G - oompaloompa#65002,2-1,,1,,,,,,
6/29/2023 23:02:10,Dan K - Fizishy#82483,Michael M - Atombomb11991#07305,2-0,,1,,,,,,
6/29/2023 23:49:12,Zeke W - smarmyplatapus#30066,Chris P - Joker01#66827,2-1,,1,gg!,,,,,
6/30/2023 10:50:01,Bill D - Cato Phoenix#70805,Jaidin M - MnemonicDevice#38774,2-1,,1,,,,,,
6/30/2023 11:40:47,Lotte P - Lotte #93345,Dustin D - Bloone#16018,2-1,,1,,,,,,
6/30/2023 12:20:03,Jack H - Rakic#98298,Dustin D - Bloone#16018,2-1,,1,,,,,,
6/30/2023 12:31:56,Lotte P - Lotte #93345,Jaidin M - MnemonicDevice#38774,2-1,,1,,,,,,
6/30/2023 13:36:53,Dan K - Fizishy#82483,Dustin D - Bloone#16018,2-0,,1,,,,,,
6/30/2023 15:04:33,Paul G - TheDragon#61289,Dustin D - Bloone#16018,2-0,,1,,,,,,
6/30/2023 17:41:55,Paul G - TheDragon#61289,Caleb G - Whynaut#28590,2-0,,1,,,,,,
6/30/2023 18:09:09,Damian S - ButCrackMagic#71223,Caleb G - Whynaut#28590,2-1,,1,BIRDS AND SWORDS,,,,,
6/30/2023 18:39:03,Philip B - Plipster#75000,Wyatt C - hotdolphin#30769,2-1,,1,,,,,,
6/30/2023 18:47:42,Damian S - ButCrackMagic#71223,Dan K - Fizishy#82483,2-0,,1,,,,,,
6/30/2023 19:20:47,Pierre-Marc D - pmduguay#67919,Jeremy E - Lhurgoyf#37289,2-0,,1,,,,,,
6/30/2023 19:25:59,Kevin I - kni1993#29285,Philip B - Plipster#75000,2-0,,1,,,,,,
6/30/2023 19:48:14,Johnny M - Johnny#69519,Wesley L - weslars#49889,2-0,,1,,,,,,
6/30/2023 19:52:44,Philip B - Plipster#75000,Jeremy E - Lhurgoyf#37289,2-1,,1,,,,,,
6/30/2023 20:01:43,Dan K - Fizishy#82483,Pierre-Marc D - pmduguay#67919,2-1,,1,,,,,,
6/30/2023 20:29:36,Dan K - Fizishy#82483,Wesley L - weslars#49889,2-0,,1,,,,,,
6/30/2023 20:36:01,Kevin I - kni1993#29285,Trevor F - treskies#75643,2-0,,1,,,,,,
6/30/2023 20:58:58,Pierre-Marc D - pmduguay#67919,Sawyer T - soyboy#35469,2-1,,1,,,,,,
6/30/2023 22:53:53,Ryan D - TheSlickness#10857,Phillip M - Fat_kitty#63794,2-1,,1,,,,,,
6/30/2023 23:28:15,Evan C - PeasOfCrab#00133,Bob P - HIT#08120,2-0,,1,,,,,,
6/30/2023 23:42:45,Ryan D - TheSlickness#10857,John B - Vasilas#78257,2-1,,1,,,,,,
7/1/2023 0:01:53,Bob P - HIT#08120,Pierre-Marc D - pmduguay#67919,2-0,,1,GGs!,,,,,
7/1/2023 0:33:42,Caleb G - Whynaut#28590,Ryan D - TheSlickness#10857,2-1,,1,,,,,,
7/1/2023 1:43:37,Steve T - strout#45062,Pedro D - Goombassa#17203,2-0,,1,GGs!,,,,,
7/1/2023 2:40:26,Steve T - strout#45062,Zeke W - smarmyplatapus#30066,2-1,,1,GGs!,,,,,
7/1/2023 12:29:49,Philip B - Plipster#75000,Pedro D - Goombassa#17203,2-1,,1,,,,,,
7/1/2023 12:50:58,Nik S - njsiii#50504,Pedro D - Goombassa#17203,2-1,,1,,,,,,
7/1/2023 12:57:40,Wesley L - weslars#49889,Serge T - Sergyboy514#39979,2-1,,1,,,,,,
7/1/2023 13:26:15,Wesley L - weslars#49889,Nik S - njsiii#50504,2-0,,1,,,,,,
7/1/2023 13:34:08,Pedro D - Goombassa#17203,Jack H - Rakic#98298,2-0,,1,GGs,,,,,
7/1/2023 13:53:35,Johnny M - Johnny#69519,Dan K - Fizishy#82483,2-0,,1,,,,,,
7/1/2023 14:08:35,Paul G - TheDragon#61289,Dan A - BEATDOWNBRINGA#04779,2-1,,1,,,,,,
7/1/2023 14:09:32,Wesley L - weslars#49889,Pedro D - Goombassa#17203,2-1,,1,,,,,,
7/1/2023 14:35:28,Michael M - Atombomb11991#07305,James S - Zoid#33631,2-1,,1,,,,,,
7/1/2023 14:37:45,Jack H - Rakic#98298,Johnny M - Johnny#69519,2-0,,1,,,,,,
7/1/2023 14:51:31,Dan A - BEATDOWNBRINGA#04779,Philip B - Plipster#75000,2-1,,1,,,,,,
7/1/2023 14:53:35,Cody-Rayce MG - Rayce#56572,Lotte P - Lotte #93345,2-1,,1,ggs! dragonbat!,,,,,
7/1/2023 15:04:06,Johnny M - Johnny#69519,James S - Zoid#33631,2-0,,1,,,,,,
7/1/2023 15:05:10,Jack H - Rakic#98298,Michael M - Atombomb11991#07305,2-0,,1,,,,,,
7/1/2023 15:06:45,Nik S - njsiii#50504,Dan K - Fizishy#82483,2-1,,1,,,,,,
7/1/2023 15:28:06,James S - Zoid#33631,Lotte P - Lotte #93345,2-0,,1,,,,,,
7/1/2023 15:48:05,Dan A - BEATDOWNBRINGA#04779,Jack H - Rakic#98298,2-0,,1,,,,,,
7/1/2023 16:18:18,Dan K - Fizishy#82483,Caleb G - Whynaut#28590,2-1,,1,,,,,,
7/1/2023 16:35:27,Lotte P - Lotte #93345,Wyatt C - hotdolphin#30769,2-1,,1,,,,,,
7/1/2023 17:07:38,Lotte P - Lotte #93345,Chris Y - Yorke on Games#66909,2-0,,1,,,,,,
7/1/2023 17:25:03,Rafael F - Prudent#24319,Cody-Rayce MG - Rayce#56572,2-0,,1,,,,,,
7/1/2023 17:25:49,Michael B - Monkeymage#12141,Sawyer T - soyboy#35469,2-1,,1,,,,,,
7/1/2023 17:34:02,Jack H - Rakic#98298,Lotte P - Lotte #93345,2-1,,1,,,,,,
7/1/2023 17:54:11,Jack H - Rakic#98298,Chris Y - Yorke on Games#66909,2-0,,1,,,,,,
7/1/2023 18:54:28,Dan A - BEATDOWNBRINGA#04779,Kevin I - kni1993#29285,2-1,,1,,,,,,
7/1/2023 20:02:24,James S - Zoid#33631,Chris Y - Yorke on Games#66909,2-1,,1,,,,,,
7/1/2023 21:03:25,Jeremy E - Lhurgoyf#37289,Kevin I - kni1993#29285,2-1,,1,,,,,,
7/1/2023 23:01:49,James S - Zoid#33631,Bob P - HIT#08120,2-0,,1,,,,,,
7/1/2023 23:38:36,Steve T - strout#45062,Bob P - HIT#08120,2-1,,1,GGs!,,,,,
7/2/2023 0:01:54,Steve T - strout#45062,Jacob V - Drysle#29533,2-0,,1,GGs!,,,,,
7/2/2023 9:42:42,Bob P - HIT#08120,Adam S - wizma#29010,2-0,,1,,,,,,
7/2/2023 11:48:42,Cody-Rayce MG - Rayce#56572,John B - Vasilas#78257,2-0,,1,ggs wp!,,,,,
7/2/2023 12:16:50,Ryan D - TheSlickness#10857,Cody-Rayce MG - Rayce#56572,2-0,,1,,,,,,
7/2/2023 12:58:25,Ryan D - TheSlickness#10857,Reed P - bigfingsnake#86869,2-0,,1,,,,,,
7/2/2023 13:55:07,Wyatt C - hotdolphin#30769,Daniel G - Friskyhobbit#43185,2-1,,1,,,,,,
7/2/2023 13:56:00,John P - gokuorgohome#51511,Chris Y - Yorke on Games#66909,2-0,,1,,,,,,
7/2/2023 14:22:56,Daniel G - Friskyhobbit#43185,Jacob V - Drysle#29533,2-0,,1,,,,,,
7/2/2023 14:39:35,Reed P - bigfingsnake#86869,Chris Y - Yorke on Games#66909,2-1,,1,,,,,,
7/2/2023 14:55:07,Trevor F - treskies#75643,Jacob V - Drysle#29533,2-0,,1,,,,,,
7/2/2023 14:56:28,John P - gokuorgohome#51511,Daniel G - Friskyhobbit#43185,2-0,,1,,,,,,
7/2/2023 14:57:28,Nicholas K - Bionick#55161,Mike P - unwieldybiscuit#26471,2-1,,1,,,,,,
7/2/2023 14:58:38,Reed P - bigfingsnake#86869,Matthew K - Tortag#62633,2-0,,1,,,,,,
7/2/2023 15:26:12,John P - gokuorgohome#51511,Lotte P - Lotte #93345,2-1,,1,,,,,,
7/2/2023 15:37:33,Blake R - Trogdorr#20061,Paul G - TheDragon#61289,2-0,,1,,,,,,
7/2/2023 15:46:36,Sean Sp - Talrand#06333,Nicholas K - Bionick#55161,2-0,,1,,,,,,
7/2/2023 15:57:13,John P - gokuorgohome#51511,Paul G - TheDragon#61289,2-1,,1,,,,,,
7/2/2023 16:04:29,Sean Sp - Talrand#06333,Mike P - unwieldybiscuit#26471,2-0,,1,,,,,,
7/2/2023 16:08:47,Reed P - bigfingsnake#86869,Caleb K - BlackEcho#09078,2-0,,1,,,,,,
7/2/2023 16:12:23,Jeremy E - Lhurgoyf#37289,Rafael F - Prudent#24319,2-1,,1,,,,,,
7/2/2023 16:33:38,Reed P - bigfingsnake#86869,Paul G - TheDragon#61289,2-1,,1,,,,,,
7/2/2023 18:12:14,Emmett F - Sepulchure#51526,Zeke W - smarmyplatapus#30066,2-0,,1,,,,,,
7/2/2023 18:33:26,Emmett F - Sepulchure#51526,Damian S - ButCrackMagic#71223,2-1,,1,,,,,,
7/2/2023 19:40:52,Drake M - KoMODO#43282,Damian S - ButCrackMagic#71223,2-1,,1,,,,,,
7/2/2023 19:42:20,Nik S - njsiii#50504,Jacob V - Drysle#29533,2-1,,1,,,,,,
7/2/2023 19:50:37,Maranda L - blackcanary#59791,Mitchel S - SpaghettiMitch#18619,2-1,,1,,,,,,
7/2/2023 20:14:28,Nik S - njsiii#50504,Mike P - unwieldybiscuit#26471,2-0,,1,,,,,,
7/2/2023 20:23:24,Jacob V - Drysle#29533,Drake M - KoMODO#43282,2-1,,1,,,,,,
7/2/2023 21:20:39,Drake M - KoMODO#43282,Adam S - wizma#29010,2-1,,1,,,,,,
7/2/2023 23:11:13,Caleb K - BlackEcho#09078,Wei C - Azayaka#83352,2-1,,1,,,,,,
7/2/2023 23:23:30,Evan C - PeasOfCrab#00133,Zeke W - smarmyplatapus#30066,2-0,,1,,,,,,
7/2/2023 23:51:54,Wei C - Azayaka#83352,Evan C - PeasOfCrab#00133,2-1,,1,,,,,,
7/3/2023 0:13:08,Jacob V - Drysle#29533,Wei C - Azayaka#83352,2-1,,1,,,,,,
7/3/2023 0:24:16,Evan C - PeasOfCrab#00133,Caleb K - BlackEcho#09078,2-0,,1,,,,,,
7/3/2023 0:51:41,Wei C - Azayaka#83352,Eric S - Smitte#94855,2-0,,1,,,,,,
7/3/2023 12:21:00,Johnny M - Johnny#69519,Kevin I - kni1993#29285,2-0,,1,,,,,,
7/3/2023 13:41:50,Serge T - Sergyboy514#39979,Jordan M - JMTron#46639,2-1,,1,,,,,,
7/3/2023 14:31:55,Rafael F - Prudent#24319,Jordan M - JMTron#46639,2-1,,1,gg!,,,,,
7/3/2023 15:37:24,Trevor F - treskies#75643,John P - gokuorgohome#51511,2-1,,1,,,,,,
7/3/2023 16:04:02,Wyatt C - hotdolphin#30769,Sawyer T - soyboy#35469,2-0,,1,,,,,,
7/3/2023 19:56:25,Jeremy E - Lhurgoyf#37289,John B - Vasilas#78257,2-1,,1,,,,,,
7/3/2023 20:57:11,Steve T - strout#45062,Sawyer T - soyboy#35469,2-1,,1,GGs!,,,,,
7/3/2023 20:59:34,Blake R - Trogdorr#20061,Michael M - Atombomb11991#07305,2-1,,1,,,,,,
7/3/2023 21:12:11,Matthew K - Tortag#62633,Trevor F - treskies#75643,2-0,,1,,,,,,
7/3/2023 21:28:25,Sawyer T - soyboy#35469,Michael M - Atombomb11991#07305,2-0,,1,,,,,,
7/3/2023 22:27:55,Cody-Rayce MG - Rayce#56572,Zeke W - smarmyplatapus#30066,2-0,,1,gg fun stips,,,,,
7/3/2023 23:40:26,Sean Sp - Talrand#06333,Wyatt C - hotdolphin#30769,2-0,,1,,,,,,
7/4/2023 0:07:20,Damian S - ButCrackMagic#71223,Mitchel S - SpaghettiMitch#18619,2-0,,1,,,,,,
7/4/2023 0:46:35,Evan C - PeasOfCrab#00133,Mitchel S - SpaghettiMitch#18619,2-0,,1,,,,,,
7/4/2023 1:09:19,Adam S - wizma#29010,Yoshitake M - cradilygo#76222,2-1,,1,Incredible match!,,,,,
7/4/2023 2:04:37,Michael B - Monkeymage#12141,Dustin D - Bloone#16018,2-0,,1,,,,,,
7/4/2023 12:26:03,Rafael F - Prudent#24319,Pierre-Marc D - pmduguay#67919,2-0,,1,some great games!,,,,,
7/4/2023 13:38:48,Emmett F - Sepulchure#51526,Yoshitake M - cradilygo#76222,2-0,,1,,,,,,
7/4/2023 14:32:10,Caleb K - BlackEcho#09078,Yoshitake M - cradilygo#76222,2-0,,1,,,,,,
7/4/2023 15:06:59,Dustin D - Bloone#16018,Matthew K - Tortag#62633,2-0,,1,,,,,,
7/4/2023 15:43:04,Caleb K - BlackEcho#09078,Dustin D - Bloone#16018,2-0,,1,,,,,,
7/4/2023 16:12:38,Emmett F - Sepulchure#51526,Dustin D - Bloone#16018,2-1,,1,,,,,,
7/4/2023 16:33:57,Blake R - Trogdorr#20061,Yoshitake M - cradilygo#76222,2-1,,1,,,,,,
7/4/2023 17:06:50,Blake R - Trogdorr#20061,Caleb G - Whynaut#28590,2-1,,1,,,,,,
7/4/2023 18:54:59,Phillip M - Fat_kitty#63794,Chris P - Joker01#66827,2-0,,1,,,,,,
7/4/2023 19:54:57,John R - Ged#72302,Michael B - Monkeymage#12141,2-1,,1,ggs,,,,,
7/4/2023 21:27:31,Dustin D - Bloone#16018,Phillip M - Fat_kitty#63794,2-0,,1,,,,,,
7/4/2023 23:39:08,Eric S - Smitte#94855,Michael B - Monkeymage#12141,2-1,,1,,,,,,
7/5/2023 0:18:31,Sean Sp - Talrand#06333,Blake R - Trogdorr#20061,2-0,,1,,,,,,
7/5/2023 0:22:52,Emmett F - Sepulchure#51526,Michael B - Monkeymage#12141,2-1,,1,,,,,,
7/5/2023 12:11:31,Eric S - Smitte#94855,Rafael F - Prudent#24319,2-0,,1,,,,,,
7/5/2023 12:57:59,Yoshitake M - cradilygo#76222,John R - Ged#72302,2-1,,1,,,,,,
7/5/2023 13:35:25,Eric S - Smitte#94855,John R - Ged#72302,2-1,,1,,,,,,
7/5/2023 14:30:12,Chris P - Joker01#66827,John R - Ged#72302,2-1,,1,,,,,,
7/5/2023 15:04:08,Jordan M - JMTron#46639,Zeke W - smarmyplatapus#30066,2-0,,1,,,,,,
7/5/2023 15:46:46,Jordan M - JMTron#46639,Deven W - deven#51146,2-0,,1,,,,,,
7/5/2023 18:29:13,John B - Vasilas#78257,Chris P - Joker01#66827,2-1,,1,,,,,,
7/5/2023 19:06:03,Chris R - Sinkwater#27508,Doug D - dougnukem#51899,2-1,,1,,,,,,
7/5/2023 19:07:11,John B - Vasilas#78257,Doug Co - daceris#24713,2-0,,1,,,,,,
7/5/2023 19:31:54,Serge T - Sergyboy514#39979,Chris R - Sinkwater#27508,2-1,,1,,,,,,
7/5/2023 19:51:55,Mike P - unwieldybiscuit#26471,Grey H - grensley#29260,2-1,,1,,,,,,
7/5/2023 20:00:23,Cody-Rayce MG - Rayce#56572,Nicholas K - Bionick#55161,2-1,,1,3-2 ggs drink stip,,,,,
7/5/2023 20:20:25,Nicholas K - Bionick#55161,Grey H - grensley#29260,2-0,,1,,,,,,
7/5/2023 21:04:42,Phillip M - Fat_kitty#63794,Nicholas K - Bionick#55161,2-0,,1,,,,,,
7/5/2023 21:19:00,Drake M - KoMODO#43282,Chris R - Sinkwater#27508,2-0,,1,,,,,,
7/5/2023 21:47:52,Drake M - KoMODO#43282,Dan A - BEATDOWNBRINGA#04779,2-0,,1,,,,,,
7/5/2023 22:00:19,Grey H - grensley#29260,Sean Sp - Talrand#06333,2-1,,1,,,,,,
7/5/2023 22:01:51,Maranda L - blackcanary#59791,Chris R - Sinkwater#27508,2-0,,1,,,,,,
7/5/2023 23:16:32,Deven W - deven#51146,Chris P - Joker01#66827,2-1,,1,,,,,,
7/5/2023 23:27:28,Maranda L - blackcanary#59791,Doug D - dougnukem#51899,2-0,,1,,,,,,
7/6/2023 0:05:40,Maranda L - blackcanary#59791,Mike P - unwieldybiscuit#26471,2-1,,1,,,,,,
7/6/2023 10:49:19,Eric S - Smitte#94855,Tony G - YnotRock#76764,2-0,,1,,,,,,
7/6/2023 12:36:44,Tony G - YnotRock#76764,Jordan M - JMTron#46639,2-1,,1,,,,,,
7/6/2023 14:32:20,Tony G - YnotRock#76764,Wei C - Azayaka#83352,2-0,,1,,,,,,
7/6/2023 15:48:23,Daniel G - Friskyhobbit#43185,Tony G - YnotRock#76764,2-0,,1,,,,,,
7/6/2023 18:29:12,Serge T - Sergyboy514#39979,Chris P - Joker01#66827,2-0,,1,,,,,,
7/6/2023 19:00:04,Daniel G - Friskyhobbit#43185,Dustin D - Bloone#16018,2-0,,1,,,,,,
7/6/2023 19:27:45,Chris P - Joker01#66827,Jaidin M - MnemonicDevice#38774,2-1,,1,,,,,,
7/6/2023 22:10:49,Grey H - grensley#29260,Maranda L - blackcanary#59791,2-1,,1,,,,,,
7/6/2023 22:30:17,Michael M - Atombomb11991#07305,Matthew K - Tortag#62633,2-1,,1,,,,,,
7/6/2023 22:58:30,Grey H - grensley#29260,Matthew K - Tortag#62633,2-1,,1,,,,,,
7/6/2023 23:28:51,Grey H - grensley#29260,Adam S - wizma#29010,2-1,,1,,,,,,
7/7/2023 9:44:16,Tony G - YnotRock#76764,Deven W - deven#51146,2-0,,1,,,,,,
7/7/2023 10:33:30,Jaidin M - MnemonicDevice#38774,Deven W - deven#51146,2-0,,1,,,,,,
7/7/2023 11:35:05,Joe T - elasticity#07466,Jaidin M - MnemonicDevice#38774,2-1,,1,,,,,,
7/7/2023 12:42:03,Joe T - elasticity#07466,Doug Co - daceris#24713,2-0,,1,,,,,,
7/7/2023 13:45:03,Joe T - elasticity#07466,Mitchel S - SpaghettiMitch#18619,2-0,,1,,,,,,
7/7/2023 14:31:55,Doug D - dougnukem#51899,Joe T - elasticity#07466,2-1,,1,Colour pair doesn't matter for week 2,,,,,
7/7/2023 14:37:07,Adam S - wizma#29010,Doug Co - daceris#24713,2-1,,1,"Great games, so close!",,,,,
7/7/2023 16:16:44,Jaidin M - MnemonicDevice#38774,Doug Co - daceris#24713,2-1,,1,Ggs!,,,,,
7/7/2023 16:59:52,Mitchel S - SpaghettiMitch#18619,Jaidin M - MnemonicDevice#38774,2-0,,1,,Winner,Loser,,,
7/7/2023 17:04:40,Doug Co - daceris#24713,John R - Ged#72302,2-1,,1,W2 match,,,,,
7/7/2023 17:25:48,Paul G - TheDragon#61289,Nik S - njsiii#50504,2-0,,1,,RW,RW,,,
7/7/2023 17:53:06,Nik S - njsiii#50504,Lotte P - Lotte #93345,2-1,,1,,GW,BR,,,
7/7/2023 17:57:44,Paul G - TheDragon#61289,Johnny M - Johnny#69519,2-0,,1,,WB,BG,,,
7/7/2023 18:04:06,Doug Co - daceris#24713,Sawyer T - soyboy#35469,2-0,,1,ggs!,BR,UR,,,
7/7/2023 18:38:08,Lotte P - Lotte #93345,Sawyer T - soyboy#35469,2-0,,1,,WB,BR,,,
7/7/2023 19:41:36,Kevin I - kni1993#29285,Wesley L - weslars#49889,2-1,,1,,BG,BR,,,
7/7/2023 21:00:45,Kevin I - kni1993#29285,Bob P - HIT#08120,2-1,,1,,RW,WB,,,
7/7/2023 22:10:16,Steve T - strout#45062,Kevin I - kni1993#29285,2-1,,1,GGs!,RW,BR,,,
7/7/2023 22:11:32,Phillip M - Fat_kitty#63794,Wyatt C - hotdolphin#30769,2-1,,1,,UB,RG,,,
7/7/2023 22:35:52,Dan K - Fizishy#82483,Steve T - strout#45062,2-1,,1,,BR,BR,,,
7/7/2023 22:53:09,Johnny M - Johnny#69519,Kevin I - kni1993#29285,2-0,,1,,UR,WB,,,
7/7/2023 23:22:30,Dan K - Fizishy#82483,Joe T - elasticity#07466,2-0,,1,,WB,BR,,,
7/8/2023 0:02:51,Jeremy E - Lhurgoyf#37289,Kevin I - kni1993#29285,2-0,,1,ggs Kevin!,UB,UR,,,
7/8/2023 0:20:46,Philip B - Plipster#75000,Dan K - Fizishy#82483,2-1,,1,,RW,RG,,,
7/8/2023 2:17:52,Chris Y - Yorke on Games#66909,Philip B - Plipster#75000,2-1,,1,!,BR,GW,,,
7/8/2023 10:21:41,John R - Ged#72302,John B - Vasilas#78257,2-0,,1,ggs,BR,BR,,,
7/8/2023 10:30:54,Damian S - ButCrackMagic#71223,Johnny M - Johnny#69519,2-1,,1,,BR,BR,,,
7/8/2023 10:36:01,Rafael F - Prudent#24319,Serge T - Sergyboy514#39979,2-1,,1,good games!,BG,BR,,,
7/8/2023 11:04:46,John R - Ged#72302,Damian S - ButCrackMagic#71223,2-1,,1,Gandalf showdown!,WB,UR,,,
7/8/2023 12:00:35,Cody-Rayce MG - Rayce#56572,Lotte P - Lotte #93345,2-0,,1,ggs wp :),UR,UB,,,
7/8/2023 12:45:10,Jack H - Rakic#98298,Dan K - Fizishy#82483,2-0,,1,,WU,RW,,,
7/8/2023 13:39:38,Jack H - Rakic#98298,Chris Y - Yorke on Games#66909,2-1,,1,,GW,GU,,,
7/8/2023 13:40:41,Cody-Rayce MG - Rayce#56572,Steve T - strout#45062,2-1,,1,ggs tks for wheel stip,WB,WB,,,
7/8/2023 14:48:05,Daniel G - Friskyhobbit#43185,Bob P - HIT#08120,2-1,,1,,UB,BR,,,
7/8/2023 15:18:31,Jack H - Rakic#98298,Paul G - TheDragon#61289,2-1,,1,,UB,BR,,,
7/8/2023 15:42:49,Chris Y - Yorke on Games#66909,John P - gokuorgohome#51511,2-1,,1,"Take my Ring, please!!",GW,WB,,,
7/8/2023 15:47:49,James S - Zoid#33631,Paul G - TheDragon#61289,2-0,,1,,UB,UB,,,
7/8/2023 16:24:45,John P - gokuorgohome#51511,Jack H - Rakic#98298,2-1,,1,,RW,UR,,,
7/8/2023 16:42:54,James S - Zoid#33631,Jacob V - Drysle#29533,2-1,,1,,BR,BR,,,
7/8/2023 16:59:48,Adam S - wizma#29010,Chris Y - Yorke on Games#66909,2-1,,1,Sideboarded so hard I had to mull to 5! Gimli's Axe tho,RW,BG,,,
7/8/2023 17:09:45,Jacob V - Drysle#29533,Jack H - Rakic#98298,2-1,,1,,WB,BR,,,
7/8/2023 17:21:22,James S - Zoid#33631,John P - gokuorgohome#51511,2-1,,1,,WB,BR,,,
7/8/2023 18:40:14,Dustin D - Bloone#16018,John P - gokuorgohome#51511,2-1,,1,,WB,WU,,,
7/8/2023 19:02:45,Philip B - Plipster#75000,James S - Zoid#33631,2-1,,1,,WB,BG,,,
7/8/2023 19:44:58,Deven W - deven#51146,John P - gokuorgohome#51511,2-1,,1,,UR,GW,,,
7/8/2023 21:03:08,Deven W - deven#51146,Joe T - elasticity#07466,2-0,,1,,RW,UB,,,
7/8/2023 21:21:06,Michael B - Monkeymage#12141,Ryan D - TheSlickness#10857,2-0,,1,,RW,BR,,,
7/8/2023 22:06:25,Ryan D - TheSlickness#10857,Deven W - deven#51146,2-0,,1,,RW,BR,,,
7/8/2023 22:35:34,Michael B - Monkeymage#12141,Jeremy E - Lhurgoyf#37289,2-1,,1,,UR,WB,,,
7/8/2023 23:05:12,Jeremy E - Lhurgoyf#37289,Ryan D - TheSlickness#10857,2-0,,1,,BR,WB,,,
7/8/2023 23:41:06,Rafael F - Prudent#24319,Joe T - elasticity#07466,2-1,,1,gg,BR,UR,,,
7/9/2023 0:04:57,Drake M - KoMODO#43282,Eric S - Smitte#94855,2-1,,1,,WB,RW,,,
7/9/2023 0:34:18,Philip B - Plipster#75000,Drake M - KoMODO#43282,2-0,,1,,RG,RW,,,
7/9/2023 9:27:58,Nik S - njsiii#50504,James S - Zoid#33631,2-0,,1,,WB,UR,,,
7/9/2023 9:52:21,Bob P - HIT#08120,Nik S - njsiii#50504,2-0,,1,,BG,WU,,,
7/9/2023 10:36:26,Serge T - Sergyboy514#39979,Bob P - HIT#08120,2-0,,1,,RW,UR,,,
7/9/2023 11:36:13,Reed P - bigfingsnake#86869,Cody-Rayce MG - Rayce#56572,2-0,,1,,WB,UB,,,
7/9/2023 14:10:28,Emmett F - Sepulchure#51526,Serge T - Sergyboy514#39979,2-0,,1,,RW,WB,,,
7/9/2023 14:26:15,Wesley L - weslars#49889,Emmett F - Sepulchure#51526,2-0,,1,,UR,WB,,,
7/9/2023 15:05:09,Evan C - PeasOfCrab#00133,Tony G - YnotRock#76764,2-0,,1,,BR,UB,,,
7/9/2023 15:21:13,Cody-Rayce MG - Rayce#56572,Wesley L - weslars#49889,2-1,,1,ggs wp,BR,RG,,,
7/9/2023 15:30:12,Emmett F - Sepulchure#51526,Joe T - elasticity#07466,2-0,,1,,BR,BG,,,
7/9/2023 15:38:01,Michael M - Atombomb11991#07305,Serge T - Sergyboy514#39979,2-0,,1,,RW,GW,,,
7/9/2023 18:41:51,Rafael F - Prudent#24319,Jacob V - Drysle#29533,2-0,,1,sorry about the mana issues =/,UB,BG,,,
7/9/2023 20:23:11,Joe T - elasticity#07466,Cody-Rayce MG - Rayce#56572,2-1,,1,,WB,BG,,,
7/9/2023 22:19:50,Maranda L - blackcanary#59791,Steve T - strout#45062,2-1,,1,,RW,BG,,,
7/9/2023 22:27:33,Grey H - grensley#29260,Nicholas K - Bionick#55161,2-1,,1,,BR,BR,,,
7/9/2023 22:29:53,Michael B - Monkeymage#12141,Daniel G - Friskyhobbit#43185,2-0,,1,,UB,BG,,,
7/9/2023 22:48:48,Mike P - unwieldybiscuit#26471,Nicholas K - Bionick#55161,2-1,,1,,BG,WB,,,
7/9/2023 23:16:45,Mike P - unwieldybiscuit#26471,Grey H - grensley#29260,2-1,,1,,WB,UB,,,
7/9/2023 23:29:28,Daniel G - Friskyhobbit#43185,Maranda L - blackcanary#59791,2-0,,1,,BR,UR,,,
7/9/2023 23:52:59,Deven W - deven#51146,Jacob V - Drysle#29533,2-0,,1,,RG,UB,,,
7/10/2023 0:28:09,Jacob V - Drysle#29533,Jeremy E - Lhurgoyf#37289,2-1,,1,,UR,BG,,,
7/10/2023 1:08:01,Mitchel S - SpaghettiMitch#18619,Yoshitake M - cradilygo#76222,2-0,,1,,UB,BG,,,
7/10/2023 12:44:11,Daniel G - Friskyhobbit#43185,Nik S - njsiii#50504,2-1,,1,,UR,BR,,,
7/10/2023 14:44:16,Dan A - BEATDOWNBRINGA#04779,Wyatt C - hotdolphin#30769,2-0,,1,,UR,BR,,,
7/10/2023 15:36:57,Phillip M - Fat_kitty#63794,Dan A - BEATDOWNBRINGA#04779,2-1,,1,,WB,GW,,,
7/10/2023 15:38:39,Sawyer T - soyboy#35469,Wesley L - weslars#49889,2-1,,1,,UB,WB,,,
7/10/2023 15:42:31,Adam S - wizma#29010,Wyatt C - hotdolphin#30769,2-0,,1,Good games!,BR,UR,,,
7/10/2023 16:26:15,Sawyer T - soyboy#35469,Phillip M - Fat_kitty#63794,2-1,,1,,RW,BG,,,
7/10/2023 17:25:14,Chris P - Joker01#66827,Eric S - Smitte#94855,2-1,,1,,WB,WB,,,
7/10/2023 17:49:16,Johnny M - Johnny#69519,Doug Co - daceris#24713,2-0,,1,,RW,WB,,,
7/10/2023 18:06:58,Eric S - Smitte#94855,Phillip M - Fat_kitty#63794,2-0,,1,,UB,UR,,,
7/10/2023 18:12:29,Blake R - Trogdorr#20061,Dan A - BEATDOWNBRINGA#04779,2-1,,1,,BR,BR,,,
7/10/2023 18:50:36,Damian S - ButCrackMagic#71223,Phillip M - Fat_kitty#63794,2-1,,1,,RW,BR,,,
7/10/2023 19:23:36,Caleb G - Whynaut#28590,Rafael F - Prudent#24319,2-1,,1,,WB,WB,,,
7/10/2023 19:52:32,Damian S - ButCrackMagic#71223,Caleb G - Whynaut#28590,2-0,,1,,WB,WU,,,
7/10/2023 20:59:45,John R - Ged#72302,Caleb K - BlackEcho#09078,2-1,,1,ggs!,RW,BR,,,
7/10/2023 21:04:17,Caleb G - Whynaut#28590,Maranda L - blackcanary#59791,2-1,,1,,UR,WU,,,
7/10/2023 21:08:07,Sean Sp - Talrand#06333,Mike P - unwieldybiscuit#26471,2-0,,1,,UB,RW,,,
7/10/2023 21:42:51,Sean Sp - Talrand#06333,Caleb G - Whynaut#28590,2-1,,1,,BR,UB,,,
7/10/2023 22:30:42,Dan A - BEATDOWNBRINGA#04779,Johnny M - Johnny#69519,2-0,,1,,RW,RG,,,
7/10/2023 22:38:20,Tony G - YnotRock#76764,Pierre-Marc D - pmduguay#67919,2-0,,1,,BG,UB,,,
7/11/2023 11:29:11,Pierre-Marc D - pmduguay#67919,Adam S - wizma#29010,2-0,,1,,BG,WU,,,
7/11/2023 12:21:40,Pierre-Marc D - pmduguay#67919,Eric S - Smitte#94855,2-0,,1,,WB,BR,,,
7/11/2023 14:00:19,Pierre-Marc D - pmduguay#67919,Chris P - Joker01#66827,2-1,,1,,BR,BG,,,
7/11/2023 16:08:01,Lotte P - Lotte #93345,John R - Ged#72302,2-1,,1,,RW,UB,,,
7/11/2023 18:04:10,Caleb G - Whynaut#28590,Caleb K - BlackEcho#09078,2-0,,1,,BR,UR,,,
7/11/2023 20:54:17,Caleb K - BlackEcho#09078,Trevor F - treskies#75643,2-0,,1,ggs,WB,WB,,,
7/11/2023 21:38:10,Mitchel S - SpaghettiMitch#18619,Chris R - Sinkwater#27508,2-0,,1,,UR,WB,,,
7/11/2023 21:56:59,Evan C - PeasOfCrab#00133,Michael M - Atombomb11991#07305,2-0,,1,,WB,WB,,,
7/11/2023 22:22:18,Chris R - Sinkwater#27508,Evan C - PeasOfCrab#00133,2-0,,1,,BR,RW,,,
7/11/2023 22:39:16,Michael B - Monkeymage#12141,Mitchel S - SpaghettiMitch#18619,2-0,,1,,WB,RG,,,
7/11/2023 23:02:47,Maranda L - blackcanary#59791,Wesley L - weslars#49889,2-1,,1,,BR,RW,,,
7/11/2023 23:19:35,Mike P - unwieldybiscuit#26471,Michael M - Atombomb11991#07305,2-1,,1,gg,BR,GW,,,
7/12/2023 0:03:23,Pedro D - Goombassa#17203,Michael M - Atombomb11991#07305,2-0,,1,GGs,RW,BR,,,
7/12/2023 0:21:41,Michael B - Monkeymage#12141,Michael M - Atombomb11991#07305,2-0,,1,,BR,UR,,,
7/12/2023 0:53:33,Pedro D - Goombassa#17203,Ryan D - TheSlickness#10857,2-1,,1,GGs really close! ,BR,UB,,,
7/12/2023 2:24:10,Michael M - Atombomb11991#07305,Emmett F - Sepulchure#51526,2-1,,1,,BG,UR,,,
7/12/2023 10:49:51,Pedro D - Goombassa#17203,Tony G - YnotRock#76764,2-1,,1,GGs,UR,BR,,,
7/12/2023 14:27:50,Jordan M - JMTron#46639,Pedro D - Goombassa#17203,2-0,,1,,UB,RG,,,
7/12/2023 15:05:26,Pedro D - Goombassa#17203,Wyatt C - hotdolphin#30769,2-1,,1,GGs ,UB,RW,,,
7/12/2023 15:12:57,Deven W - deven#51146,Jordan M - JMTron#46639,2-1,,1,,WB,UR,,,
7/12/2023 15:48:19,Jordan M - JMTron#46639,Reed P - bigfingsnake#86869,2-0,,1,,BR,BR,,,
7/12/2023 16:20:44,Yoshitake M - cradilygo#76222,Jaidin M - MnemonicDevice#38774,2-0,,1,,UR,UR,,,
7/12/2023 16:42:39,Reed P - bigfingsnake#86869,Yoshitake M - cradilygo#76222,2-0,,1,,BG,RW,,,
7/12/2023 17:34:56,Reed P - bigfingsnake#86869,Serge T - Sergyboy514#39979,2-1,,1,,UB,BG,,,
7/12/2023 18:13:49,Blake R - Trogdorr#20061,Chris R - Sinkwater#27508,2-0,,1,,UR,RW,,,
7/12/2023 19:09:25,Chris R - Sinkwater#27508,Mike P - unwieldybiscuit#26471,2-1,,1,,BG,UB,,,
7/12/2023 19:41:28,Jordan M - JMTron#46639,Blake R - Trogdorr#20061,2-0,,1,,RW,UB,,,
7/12/2023 22:35:36,Evan C - PeasOfCrab#00133,Jordan M - JMTron#46639,2-1,,1,,UB,BG,,,
7/12/2023 22:47:03,Tony G - YnotRock#76764,Zeke W - smarmyplatapus#30066,2-0,,1,,GW,GW,,,
7/12/2023 23:44:37,Tony G - YnotRock#76764,Yoshitake M - cradilygo#76222,2-0,,1,,WB,UB,,,
7/13/2023 0:01:03,Wei C - Azayaka#83352,Mitchel S - SpaghettiMitch#18619,2-1,,1,,BR,WU,,,
7/13/2023 0:34:38,Wei C - Azayaka#83352,Yoshitake M - cradilygo#76222,2-0,,1,,RW,BR,,,
7/13/2023 15:08:15,Doug Co - daceris#24713,Blake R - Trogdorr#20061,2-0,,1,,UB,WB,,,
7/13/2023 15:54:26,Chris P - Joker01#66827,Wyatt C - hotdolphin#30769,2-0,,1,,BR,GU,,,
7/13/2023 16:40:14,Doug Co - daceris#24713,Chris P - Joker01#66827,2-1,,1,ggs!,BG,RW,,,
7/13/2023 17:37:25,Matthew K - Tortag#62633,Chris R - Sinkwater#27508,2-1,,1,,BR,GW,,,
7/13/2023 20:56:54,Trevor F - treskies#75643,Matthew K - Tortag#62633,2-0,,1,,RW,WB,,,
7/13/2023 21:35:57,Caleb K - BlackEcho#09078,Matthew K - Tortag#62633,2-1,,1,ggs!,UB,UB,,,
7/13/2023 22:47:43,Evan C - PeasOfCrab#00133,Ryan D - TheSlickness#10857,2-1,,1,,UR,UR,,,
7/13/2023 23:12:02,Grey H - grensley#29260,Sean Sp - Talrand#06333,2-1,,1,,WB,WB,,,
7/13/2023 23:19:59,Dustin D - Bloone#16018,Trevor F - treskies#75643,2-1,,1,,GU,BR,,,
7/13/2023 23:45:13,Nicholas K - Bionick#55161,Sean Sp - Talrand#06333,2-1,,1,,RW,RW,,,
7/14/2023 0:06:59,Grey H - grensley#29260,Dustin D - Bloone#16018,2-1,,1,,BG,GW,,,
7/14/2023 0:21:35,Trevor F - treskies#75643,Nicholas K - Bionick#55161,2-0,,1,,UB,UB,,,
7/14/2023 0:45:03,Dustin D - Bloone#16018,Adam S - wizma#29010,2-0,,1,,UR,WB,,,
7/14/2023 11:56:14,Matthew K - Tortag#62633,Jeremy E - Lhurgoyf#37289,2-0,,1,,BG,UR,,,
7/14/2023 12:13:05,Wei C - Azayaka#83352,Doug Co - daceris#24713,2-1,,1,,GW,UR,,,
7/14/2023 14:58:11,Wei C - Azayaka#83352,Drake M - KoMODO#43282,2-0,,1,,RG,UB,,,
7/14/2023 15:47:55,Zeke W - smarmyplatapus#30066,Matthew K - Tortag#62633,2-0,,1,Ggs!,RW,RW,,,
7/14/2023 15:53:20,Drake M - KoMODO#43282,Trevor F - treskies#75643,2-1,,1,,BR,WU,,,
7/14/2023 16:10:11,Mitchel S - SpaghettiMitch#18619,Zeke W - smarmyplatapus#30066,2-1,,1,,BR,RG,,,
7/14/2023 16:25:59,Zeke W - smarmyplatapus#30066,Steve T - strout#45062,2-0,,1,,UR,UB,,,
7/14/2023 16:48:44,Wei C - Azayaka#83352,Zeke W - smarmyplatapus#30066,2-1,,1,,UR,BR,,,
7/14/2023 17:36:53,Caleb G - Whynaut#28590,Paul G - TheDragon#61289,2-1,,1,,,,,,
7/14/2023 18:02:49,Paul G - TheDragon#61289,Evan C - PeasOfCrab#00133,2-0,,1,,,,,,
7/14/2023 18:14:17,Deven W - deven#51146,Caleb G - Whynaut#28590,2-1,,1,,,,,,
7/14/2023 18:33:12,Evan C - PeasOfCrab#00133,Michael M - Atombomb11991#07305,2-1,,1,,,,,,
7/14/2023 18:43:18,Emmett F - Sepulchure#51526,Dan K - Fizishy#82483,2-1,,1,,,,,,
7/14/2023 19:22:16,Deven W - deven#51146,Philip B - Plipster#75000,2-0,,1,,,,,,
7/14/2023 19:27:31,Emmett F - Sepulchure#51526,Ryan D - TheSlickness#10857,2-0,,1,,,,,,
7/14/2023 20:19:17,Ryan D - TheSlickness#10857,Philip B - Plipster#75000,2-1,,1,,,,,,
7/14/2023 20:39:50,Pierre-Marc D - pmduguay#67919,Kevin I - kni1993#29285,2-1,,1,,,,,,
7/14/2023 20:42:42,Reed P - bigfingsnake#86869,Ryan D - TheSlickness#10857,2-0,,1,,,,,,
7/14/2023 21:19:28,Yoshitake M - cradilygo#76222,Philip B - Plipster#75000,2-0,,1,,,,,,
7/14/2023 22:11:05,Yoshitake M - cradilygo#76222,Kevin I - kni1993#29285,2-1,,1,,,,,,
7/14/2023 22:16:43,Steve T - strout#45062,Philip B - Plipster#75000,2-1,,1,GGs!,,,,,
7/14/2023 22:47:50,Steve T - strout#45062,Eric S - Smitte#94855,2-1,,1,GGs! Side Quest Match!,,,,,
7/14/2023 22:47:56,Michael B - Monkeymage#12141,Pierre-Marc D - pmduguay#67919,2-1,,1,,,,,,
7/14/2023 23:12:49,Jack H - Rakic#98298,Michael B - Monkeymage#12141,2-1,,1,,,,,,
7/14/2023 23:34:46,Yoshitake M - cradilygo#76222,Steve T - strout#45062,2-1,,1,,,,,,
7/14/2023 23:38:51,Philip B - Plipster#75000,Wesley L - weslars#49889,2-1,,1,,,,,,
7/14/2023 23:40:51,Pierre-Marc D - pmduguay#67919,Jack H - Rakic#98298,2-0,,1,,,,,,
7/15/2023 0:21:25,Michael B - Monkeymage#12141,Wesley L - weslars#49889,2-1,,1,,,,,,
7/15/2023 0:26:35,Jack H - Rakic#98298,Drake M - KoMODO#43282,2-1,,1,,,,,,
7/15/2023 0:44:56,Rafael F - Prudent#24319,Michael B - Monkeymage#12141,2-1,,1,,,,,,
7/15/2023 1:07:38,Drake M - KoMODO#43282,Chris Y - Yorke on Games#66909,2-0,,1,,,,,,
7/15/2023 1:43:28,Dan A - BEATDOWNBRINGA#04779,Johnny M - Johnny#69519,2-0,,1,,,,,,
7/15/2023 8:41:00,Rafael F - Prudent#24319,Paul G - TheDragon#61289,2-1,,1,,,,,,
7/15/2023 9:51:14,Lotte P - Lotte #93345,John R - Ged#72302,2-1,,1,,,,,,
7/15/2023 9:53:44,Tony G - YnotRock#76764,Dan A - BEATDOWNBRINGA#04779,2-0,,1,,,,,,
7/15/2023 10:39:22,Dan A - BEATDOWNBRINGA#04779,Lotte P - Lotte #93345,2-1,,1,,,,,,
7/15/2023 10:53:26,Damian S - ButCrackMagic#71223,Jack H - Rakic#98298,2-1,,1,,,,,,
7/15/2023 10:54:07,Johnny M - Johnny#69519,John R - Ged#72302,2-1,,1,,,,,,
7/15/2023 11:16:31,Tony G - YnotRock#76764,Lotte P - Lotte #93345,2-0,,1,,,,,,
7/15/2023 11:37:54,Pedro D - Goombassa#17203,Caleb G - Whynaut#28590,2-0,,1,GGs,,,,,
7/15/2023 12:16:20,Damian S - ButCrackMagic#71223,Pedro D - Goombassa#17203,2-1,,1,,,,,,
7/15/2023 12:16:48,Dan A - BEATDOWNBRINGA#04779,Caleb G - Whynaut#28590,2-1,,1,,,,,,
7/15/2023 12:41:23,Pedro D - Goombassa#17203,Johnny M - Johnny#69519,2-0,,1,GGs,,,,,
7/15/2023 12:46:15,Damian S - ButCrackMagic#71223,Cody-Rayce MG - Rayce#56572,2-0,,1,,,,,,
7/15/2023 13:28:00,John P - gokuorgohome#51511,Emmett F - Sepulchure#51526,2-0,,1,,,,,,
7/15/2023 13:45:34,John P - gokuorgohome#51511,Maranda L - blackcanary#59791,2-0,,1,,,,,,
7/15/2023 13:49:00,Jacob V - Drysle#29533,Adam S - wizma#29010,2-1,,1,,,,,,
7/15/2023 14:06:09,John P - gokuorgohome#51511,James S - Zoid#33631,2-1,,1,,,,,,
7/15/2023 14:41:45,Bob P - HIT#08120,James S - Zoid#33631,2-0,,1,,,,,,
7/15/2023 15:12:56,Adam S - wizma#29010,James S - Zoid#33631,2-0,,1,Good games!,,,,,
7/15/2023 15:25:39,John P - gokuorgohome#51511,Paul G - TheDragon#61289,2-0,,1,,,,,,
7/15/2023 15:38:18,Jordan M - JMTron#46639,Caleb K - BlackEcho#09078,2-0,,1,,,,,,
7/15/2023 15:38:26,Emmett F - Sepulchure#51526,James S - Zoid#33631,2-0,,1,,,,,,
7/15/2023 15:59:49,Paul G - TheDragon#61289,Bob P - HIT#08120,2-1,,1,,,,,,
7/15/2023 16:14:40,Jordan M - JMTron#46639,John P - gokuorgohome#51511,2-1,,1,,,,,,
7/15/2023 17:18:54,Wesley L - weslars#49889,Jordan M - JMTron#46639,2-1,,1,,,,,,
7/15/2023 17:25:14,Maranda L - blackcanary#59791,Adam S - wizma#29010,2-1,,1,,,,,,
7/15/2023 17:32:54,Reed P - bigfingsnake#86869,Jeremy E - Lhurgoyf#37289,2-0,,1,,,,,,
7/15/2023 17:57:19,Wesley L - weslars#49889,Reed P - bigfingsnake#86869,2-0,,1,,,,,,
7/15/2023 18:07:44,Emmett F - Sepulchure#51526,Jordan M - JMTron#46639,2-1,,1,,,,,,
7/15/2023 18:27:55,Daniel G - Friskyhobbit#43185,Reed P - bigfingsnake#86869,2-1,,1,,,,,,
7/15/2023 18:45:34,Jeremy E - Lhurgoyf#37289,Wesley L - weslars#49889,2-1,,1,marauder putting in some OT,,,,,
7/15/2023 19:09:52,Jordan M - JMTron#46639,Daniel G - Friskyhobbit#43185,2-1,,1,,,,,,
7/15/2023 20:21:30,Tony G - YnotRock#76764,Maranda L - blackcanary#59791,2-0,,1,,,,,,
7/15/2023 22:37:09,Reed P - bigfingsnake#86869,Pedro D - Goombassa#17203,2-0,,1,,,,,,
7/15/2023 23:09:09,Jeremy E - Lhurgoyf#37289,Pedro D - Goombassa#17203,2-0,,1,,,,,,
7/15/2023 23:45:33,Sawyer T - soyboy#35469,Chris P - Joker01#66827,2-0,,1,,,,,,
7/16/2023 0:13:44,Bob P - HIT#08120,Chris P - Joker01#66827,2-1,,1,,,,,,
7/16/2023 0:24:55,Sawyer T - soyboy#35469,Bob P - HIT#08120,2-0,,1,,,,,,
7/16/2023 13:35:55,Rafael F - Prudent#24319,Sawyer T - soyboy#35469,2-0,,1,,,,,,
7/16/2023 15:05:28,Sawyer T - soyboy#35469,Jacob V - Drysle#29533,2-0,,1,,,,,,
7/16/2023 15:39:06,Sawyer T - soyboy#35469,Reed P - bigfingsnake#86869,2-1,,1,,,,,,
7/16/2023 16:02:34,Sawyer T - soyboy#35469,Mike P - unwieldybiscuit#26471,2-0,,1,,,,,,
7/16/2023 17:16:18,Deven W - deven#51146,Mike P - unwieldybiscuit#26471,2-1,,1,,,,,,
7/16/2023 18:23:43,Deven W - deven#51146,Rafael F - Prudent#24319,2-1,,1,,,,,,
7/16/2023 19:28:47,Evan C - PeasOfCrab#00133,Cody-Rayce MG - Rayce#56572,2-0,,1,,,,,,
7/16/2023 20:09:44,Deven W - deven#51146,Emmett F - Sepulchure#51526,2-0,,1,,,,,,
7/16/2023 20:52:39,Tony G - YnotRock#76764,Deven W - deven#51146,2-1,,1,,,,,,
7/16/2023 21:59:35,Evan C - PeasOfCrab#00133,Steve T - strout#45062,2-1,,1,,,,,,
7/16/2023 22:50:24,Blake R - Trogdorr#20061,Steve T - strout#45062,2-0,,1,,,,,,
7/16/2023 23:48:06,Johnny M - Johnny#69519,Blake R - Trogdorr#20061,2-1,,1,,,,,,
7/16/2023 23:53:15,Evan C - PeasOfCrab#00133,Dan A - BEATDOWNBRINGA#04779,2-1,,1,,,,,,
7/17/2023 1:22:18,Sean Sp - Talrand#06333,Pierre-Marc D - pmduguay#67919,2-1,,1,,,,,,
7/17/2023 12:06:31,Nik S - njsiii#50504,Jeremy E - Lhurgoyf#37289,2-0,,1,,,,,,
7/17/2023 14:27:17,Nik S - njsiii#50504,Eric S - Smitte#94855,2-1,,1,,,,,,
7/17/2023 15:06:53,Pierre-Marc D - pmduguay#67919,Eric S - Smitte#94855,2-0,,1,,,,,,
7/17/2023 16:57:21,Nik S - njsiii#50504,Sean Sp - Talrand#06333,2-1,,1,,,,,,
7/17/2023 18:03:23,Adam S - wizma#29010,Sean Sp - Talrand#06333,2-1,,1,Great games!,,,,,
7/17/2023 18:28:17,Nik S - njsiii#50504,Dan A - BEATDOWNBRINGA#04779,2-1,,1,,,,,,
7/17/2023 20:43:41,Tony G - YnotRock#76764,Chris R - Sinkwater#27508,2-0,,1,,,,,,
7/17/2023 21:24:20,Phillip M - Fat_kitty#63794,Maranda L - blackcanary#59791,2-0,,1,,,,,,
7/17/2023 22:02:11,Maranda L - blackcanary#59791,Sean Sp - Talrand#06333,2-1,,1,,,,,,
7/17/2023 22:25:02,Bob P - HIT#08120,Chris R - Sinkwater#27508,2-0,,1,,,,,,
7/17/2023 22:40:10,Daniel G - Friskyhobbit#43185,Caleb K - BlackEcho#09078,2-0,,1,,,,,,
7/17/2023 23:00:29,Pierre-Marc D - pmduguay#67919,Rafael F - Prudent#24319,2-0,,1,,,,,,
7/17/2023 23:35:47,Sean Sp - Talrand#06333,Mike P - unwieldybiscuit#26471,2-1,,1,,,,,,
7/18/2023 0:16:29,Daniel G - Friskyhobbit#43185,Mitchel S - SpaghettiMitch#18619,2-0,,1,,,,,,
7/18/2023 12:47:31,Damian S - ButCrackMagic#71223,Nik S - njsiii#50504,2-1,,1,,,,,,
7/18/2023 17:20:33,Cody-Rayce MG - Rayce#56572,Eric S - Smitte#94855,2-0,,1,ggs bud,,,,,
7/18/2023 17:58:05,Cody-Rayce MG - Rayce#56572,Mitchel S - SpaghettiMitch#18619,2-1,,1,ggs mana :( pippin tho,,,,,
7/18/2023 18:38:26,Daniel G - Friskyhobbit#43185,Joe T - elasticity#07466,2-0,,1,,,,,,
7/18/2023 18:42:25,Damian S - ButCrackMagic#71223,Chris R - Sinkwater#27508,2-0,,1,,,,,,
7/18/2023 19:05:16,Caleb K - BlackEcho#09078,Joe T - elasticity#07466,2-1,,1,ggs,,,,,
7/18/2023 19:27:46,Damian S - ButCrackMagic#71223,Caleb K - BlackEcho#09078,2-0,,1,,,,,,
7/18/2023 20:37:45,Joe T - elasticity#07466,Wei C - Azayaka#83352,2-0,,1,,,,,,
7/18/2023 21:09:59,Adam S - wizma#29010,Phillip M - Fat_kitty#63794,2-0,,1,Good games!,,,,,
7/18/2023 21:42:52,Wei C - Azayaka#83352,Phillip M - Fat_kitty#63794,2-1,,1,,,,,,
7/18/2023 21:45:53,Caleb K - BlackEcho#09078,Yoshitake M - cradilygo#76222,2-0,,1,ggs,,,,,
7/18/2023 22:21:43,Eric S - Smitte#94855,Phillip M - Fat_kitty#63794,2-1,,1,,,,,,
7/18/2023 22:23:31,Johnny M - Johnny#69519,Wei C - Azayaka#83352,2-0,,1,,,,,,
7/18/2023 23:01:44,Caleb K - BlackEcho#09078,Michael M - Atombomb11991#07305,2-1,,1,ggs,,,,,
7/18/2023 23:43:40,Wei C - Azayaka#83352,Drake M - KoMODO#43282,2-1,,1,,,,,,
7/19/2023 17:45:07,Rafael F - Prudent#24319,Blake R - Trogdorr#20061,2-0,,1,,,,,,
7/19/2023 18:22:14,Blake R - Trogdorr#20061,Phillip M - Fat_kitty#63794,2-0,,1,rest in peace a hero,,,,,
7/19/2023 19:10:57,Daniel G - Friskyhobbit#43185,Blake R - Trogdorr#20061,2-1,,1,,,,,,
7/19/2023 20:46:15,Drake M - KoMODO#43282,Dan K - Fizishy#82483,2-1,,1,,,,,,
7/20/2023 18:47:43,Dustin D - Bloone#16018,Drake M - KoMODO#43282,2-1,,1,,,,,,
7/20/2023 19:20:15,Grey H - grensley#29260,Dustin D - Bloone#16018,2-1,,1,,,,,,
7/20/2023 19:45:19,Joe T - elasticity#07466,Dustin D - Bloone#16018,2-1,,1,,,,,,
7/20/2023 20:06:51,Joe T - elasticity#07466,Grey H - grensley#29260,2-1,,1,,,,,,
7/20/2023 22:22:53,Grey H - grensley#29260,Dan K - Fizishy#82483,2-1,,1,,,,,,
7/20/2023 23:22:30,Dan K - Fizishy#82483,Adam S - wizma#29010,2-0,,1,,,,,,
7/21/2023 0:35:47,Grey H - grensley#29260,Mitchel S - SpaghettiMitch#18619,2-0,,1,,,,,,
7/21/2023 2:23:28,Cody-Rayce MG - Rayce#56572,Dan K - Fizishy#82483,2-0,,1,ggs!,,,,,
7/21/2023 17:56:50,Cody-Rayce MG - Rayce#56572,Johnny M - Johnny#69519,2-1,,1,ggs bud,,,,,
7/21/2023 18:08:47,Sawyer T - soyboy#35469,Emmett F - Sepulchure#51526,2-0,,1,,,,,,
7/21/2023 18:29:08,Daniel G - Friskyhobbit#43185,Damian S - ButCrackMagic#71223,2-0,,1,,,,,,
7/21/2023 18:49:55,Emmett F - Sepulchure#51526,Philip B - Plipster#75000,2-0,,1,,,,,,
7/21/2023 18:50:33,Evan C - PeasOfCrab#00133,Cody-Rayce MG - Rayce#56572,2-0,,1,,,,,,
7/21/2023 18:57:53,Reed P - bigfingsnake#86869,Deven W - deven#51146,2-1,,1,,,,,,
7/21/2023 19:12:25,Emmett F - Sepulchure#51526,Pierre-Marc D - pmduguay#67919,2-1,,1,,,,,,
7/21/2023 19:48:46,Evan C - PeasOfCrab#00133,Wesley L - weslars#49889,2-1,,1,,,,,,
7/21/2023 19:53:32,Emmett F - Sepulchure#51526,Cody-Rayce MG - Rayce#56572,2-0,,1,,,,,,
7/21/2023 20:26:57,Sawyer T - soyboy#35469,Damian S - ButCrackMagic#71223,2-0,,1,,,,,,
7/21/2023 22:12:17,Bob P - HIT#08120,Dan K - Fizishy#82483,2-0,,1,,,,,,
7/21/2023 22:38:58,Paul G - TheDragon#61289,Sawyer T - soyboy#35469,2-0,,1,,,,,,
7/21/2023 23:16:38,Eric S - Smitte#94855,Caleb G - Whynaut#28590,2-0,,1,GGs,,,,,
7/21/2023 23:21:48,Michael B - Monkeymage#12141,Damian S - ButCrackMagic#71223,2-0,,1,,,,,,
7/21/2023 23:47:57,Rafael F - Prudent#24319,Damian S - ButCrackMagic#71223,2-0,,1,Wiggity woogity grab you a commander boogity,,,,,
7/22/2023 0:20:14,Michael B - Monkeymage#12141,Jack H - Rakic#98298,2-0,,1,,,,,,
7/22/2023 1:05:22,Jack H - Rakic#98298,Pedro D - Goombassa#17203,2-0,,1,,,,,,
7/22/2023 12:24:54,Jeremy E - Lhurgoyf#37289,Jack H - Rakic#98298,2-1,,1,"ggs man, crazy games",,,,,
7/22/2023 16:36:41,Evan C - PeasOfCrab#00133,John P - gokuorgohome#51511,2-0,,1,,,,,,
7/22/2023 17:04:23,Paul G - TheDragon#61289,James S - Zoid#33631,2-0,,1,,,,,,
7/22/2023 23:51:16,Bob P - HIT#08120,Steve T - strout#45062,2-1,,1,,,,,,
7/22/2023 23:53:38,Michael B - Monkeymage#12141,Tony G - YnotRock#76764,2-1,,1,,,,,,
7/23/2023 0:31:50,Tony G - YnotRock#76764,Reed P - bigfingsnake#86869,2-1,,1,,,,,,
7/23/2023 0:39:06,Maranda L - blackcanary#59791,Steve T - strout#45062,2-0,,1,,,,,,
7/23/2023 2:35:00,Paul G - TheDragon#61289,Rafael F - Prudent#24319,2-1,,1,,,,,,
7/23/2023 12:41:09,Evan C - PeasOfCrab#00133,Jeremy E - Lhurgoyf#37289,2-1,,1,,,,,,
7/23/2023 17:27:44,Caleb G - Whynaut#28590,Philip B - Plipster#75000,2-0,,1,,,,,,
7/23/2023 19:22:31,Dan A - BEATDOWNBRINGA#04779,Johnny M - Johnny#69519,2-1,,1,,,,,,
7/23/2023 20:20:04,Dan A - BEATDOWNBRINGA#04779,Bob P - HIT#08120,2-1,,1,,,,,,
7/23/2023 21:14:17,Adam S - wizma#29010,Pierre-Marc D - pmduguay#67919,2-1,,1,Faramirror :(,,,,,
7/23/2023 21:56:56,Caleb G - Whynaut#28590,Pierre-Marc D - pmduguay#67919,2-0,,1,,,,,,
7/23/2023 22:04:40,Sawyer T - soyboy#35469,Jordan M - JMTron#46639,2-1,,1,,,,,,
7/23/2023 22:35:34,Adam S - wizma#29010,Eric S - Smitte#94855,2-0,,1,Faramirror: Episode 2,,,,,
7/23/2023 22:46:45,Tony G - YnotRock#76764,Caleb G - Whynaut#28590,2-1,,1,,,,,,
7/23/2023 22:48:22,Jordan M - JMTron#46639,Daniel G - Friskyhobbit#43185,2-0,,1,,,,,,
7/24/2023 0:10:50,Michael B - Monkeymage#12141,Bob P - HIT#08120,2-0,,1,,,,,,
7/24/2023 2:55:43,Dan A - BEATDOWNBRINGA#04779,Paul G - TheDragon#61289,2-1,,1,,,,,,
7/24/2023 13:42:44,Tony G - YnotRock#76764,Dan A - BEATDOWNBRINGA#04779,2-1,,1,,,,,,
7/24/2023 19:16:20,Dan A - BEATDOWNBRINGA#04779,Adam S - wizma#29010,2-1,,1,,,,,,
7/24/2023 21:53:55,Maranda L - blackcanary#59791,Nik S - njsiii#50504,2-0,,1,,,,,,
7/24/2023 22:31:03,Rafael F - Prudent#24319,Nik S - njsiii#50504,2-1,,1,Clean brawl week,,,,,
7/24/2023 22:57:04,Wei C - Azayaka#83352,Reed P - bigfingsnake#86869,2-0,,1,,,,,,
7/24/2023 23:28:38,Nik S - njsiii#50504,Wei C - Azayaka#83352,2-1,,1,,,,,,
7/25/2023 0:35:07,Wei C - Azayaka#83352,Rafael F - Prudent#24319,2-1,,1,,,,,,
7/25/2023 16:42:48,Sawyer T - soyboy#35469,Maranda L - blackcanary#59791,2-1,,1,,,,,,
7/25/2023 18:25:05,Rafael F - Prudent#24319,Joe T - elasticity#07466,2-0,,1,,,,,,
7/25/2023 19:14:06,Jordan M - JMTron#46639,Nik S - njsiii#50504,2-0,,1,,,,,,
7/25/2023 19:38:09,Maranda L - blackcanary#59791,Daniel G - Friskyhobbit#43185,2-1,,1,,,,,,
7/25/2023 22:31:09,Joe T - elasticity#07466,Reed P - bigfingsnake#86869,2-0,,1,,,,,,
7/26/2023 0:00:12,Jordan M - JMTron#46639,Michael B - Monkeymage#12141,2-1,,1,,,,,,
7/26/2023 21:05:54,Joe T - elasticity#07466,Philip B - Plipster#75000,2-1,,1,,,,,,
7/26/2023 22:47:56,Adam S - wizma#29010,Tony G - YnotRock#76764,2-1,,1,You got a Faramir win! No one can take that away from you!,,,,,
7/27/2023 0:01:44,Maranda L - blackcanary#59791,Caleb K - BlackEcho#09078,2-0,,1,,,,,,
7/27/2023 20:27:05,Maranda L - blackcanary#59791,Sean Sp - Talrand#06333,2-0,,1,,,,,,
7/27/2023 21:53:49,Grey H - grensley#29260,Sean Sp - Talrand#06333,2-0,,1,,,,,,
7/27/2023 21:55:34,Wei C - Azayaka#83352,Emmett F - Sepulchure#51526,2-1,,1,,,,,,
7/27/2023 22:43:19,Joe T - elasticity#07466,Wei C - Azayaka#83352,2-0,,1,,,,,,
7/28/2023 3:07:00,Wei C - Azayaka#83352,Daniel G - Friskyhobbit#43185,2-1,,1,,,,,,
7/28/2023 12:42:39,Adam S - wizma#29010,Drake M - KoMODO#43282,2-0,,1,Great games!!,,,,,
7/28/2023 13:46:08,Joe T - elasticity#07466,Drake M - KoMODO#43282,2-1,,1,,,,,,
7/28/2023 18:39:43,Emmett F - Sepulchure#51526,Damian S - ButCrackMagic#71223,2-1,,1,,,,,,
7/28/2023 19:16:27,Jordan M - JMTron#46639,Dan A - BEATDOWNBRINGA#04779,2-1,,1,,,,,,
7/28/2023 20:21:15,Dan A - BEATDOWNBRINGA#04779,Emmett F - Sepulchure#51526,2-0,,1,,,,,,
7/29/2023 0:39:30,Sawyer T - soyboy#35469,Daniel G - Friskyhobbit#43185,2-1,,1,,,,,,
7/29/2023 11:48:41,Evan C - PeasOfCrab#00133,Nik S - njsiii#50504,2-0,,1,,,,,,
7/29/2023 14:06:42,Dan A - BEATDOWNBRINGA#04779,Reed P - bigfingsnake#86869,2-0,,1,,,,,,
7/29/2023 16:57:37,Tony G - YnotRock#76764,Dan A - BEATDOWNBRINGA#04779,2-1,,1,,,,,,
7/29/2023 18:11:57,Adam S - wizma#29010,Joe T - elasticity#07466,2-0,,1,Good games!,,,,,
7/29/2023 18:43:53,Evan C - PeasOfCrab#00133,Adam S - wizma#29010,2-0,,1,,,,,,
7/29/2023 22:53:41,Maranda L - blackcanary#59791,Michael B - Monkeymage#12141,2-1,,1,,,,,,
7/30/2023 15:09:37,Maranda L - blackcanary#59791,Dan A - BEATDOWNBRINGA#04779,2-1,,1,,,,,,
7/30/2023 17:09:22,Emmett F - Sepulchure#51526,Maranda L - blackcanary#59791,2-0,,1,,,,,,
7/30/2023 17:14:46,Michael B - Monkeymage#12141,Evan C - PeasOfCrab#00133,2-1,,1,,,,,,
7/30/2023 17:47:13,Emmett F - Sepulchure#51526,Michael B - Monkeymage#12141,2-1,,1,,,,,,
7/30/2023 18:44:21,Michael B - Monkeymage#12141,Sawyer T - soyboy#35469,2-0,,1,,,,,,
7/30/2023 19:55:16,Jordan M - JMTron#46639,Michael B - Monkeymage#12141,2-1,,1,,,,,,
7/30/2023 20:47:13,Sawyer T - soyboy#35469,Rafael F - Prudent#24319,2-0,,1,,,,,,
7/30/2023 21:17:22,Evan C - PeasOfCrab#00133,Rafael F - Prudent#24319,2-1,,1,,,,,,
7/30/2023 21:44:45,Sawyer T - soyboy#35469,Evan C - PeasOfCrab#00133,2-0,,1,,,,,,
7/30/2023 22:01:33,Rafael F - Prudent#24319,Emmett F - Sepulchure#51526,2-1,,1,,,,,,
7/30/2023 22:22:34,Evan C - PeasOfCrab#00133,Tony G - YnotRock#76764,2-0,,1,,,,,,
7/31/2023 18:13:03,Jordan M - JMTron#46639,Rafael F - Prudent#24319,2-1,,1,,,,,,
7/31/2023 23:11:15,Jordan M - JMTron#46639,Wei C - Azayaka#83352,2-0,,1,,,,,,
7/31/2023 23:38:31,Michael B - Monkeymage#12141,Wei C - Azayaka#83352,2-0,,1,,,,,,
8/1/2023 15:03:52,Tony G - YnotRock#76764,Rafael F - Prudent#24319,2-1,,1,,,,,,
8/1/2023 18:40:16,Maranda L - blackcanary#59791,Damian S - ButCrackMagic#71223,2-1,,1,,,,,,
8/1/2023 19:54:40,Sawyer T - soyboy#35469,Maranda L - blackcanary#59791,2-1,,1,,,,,,
8/1/2023 22:21:52,Jordan M - JMTron#46639,Tony G - YnotRock#76764,2-1,,1,,,,,,