Timestamp,Winner Name,Loser Name,Result,Punishment Pack,Pack Generated,Notes,Messaged?
,,,,,,,
,,,,,,,
,,,,,,,
,,,,,,,
,,,,,,,
,,,,,,,
,,,,,,,
6/14/2024 17:17:38,Patrick M - FullestJ#22936,Paul G - TheDragon#61289,2-0,,1,,
6/14/2024 17:37:20,Oskar T - ossytubbi#87966,Damon B - Nomad#43918,2-1,,1,,
6/14/2024 17:40:15,Ryan M - rrrn22#32842,Alex H - Merriman#08092,2-0,,1,,
6/14/2024 17:44:37,Johnny M - Johnny#69519,Thomas C - jamberine#68248,2-1,,1,,
6/14/2024 17:46:20,Wyatt C - hotdolphin#30769,Emmett F - Sepulchure#51526,2-1,,1,,
6/14/2024 17:54:57,Daniel S - Obitus#54120,Aaron B - Bevelman#18220,2-0,,1,GG,
6/14/2024 18:02:52,Paul G - TheDragon#61289,Ryan D - TheSlickness#10857,2-1,,1,,
6/14/2024 18:07:52,Shuo L - Tamamo#30654,Oskar T - ossytubbi#87966,2-1,,1,,
6/14/2024 18:13:34,Zeke W - smarmyplatapus#30066,Jack H - Rakic#98298,2-1,,1,ggs,
6/14/2024 18:15:10,Tony G - YnotRock#76764,Zach C - ZachCarr#31881,2-1,,1,,
6/14/2024 18:19:49,Jonathan R - MetalFingers#36803,Amir H - Shazam#02792,2-1,,1,,
6/14/2024 18:29:10,Daniel G - FriskyHobbit#43185,Johnny M - Johnny#69519,2-0,,1,,
6/14/2024 18:30:34,Jordan M - JMTron#46639,Nick A - Nistar#14127,2-1,,1,,
6/14/2024 18:35:37,Shuo L - Tamamo#30654,Thomas C - jamberine#68248,2-1,,1,,
6/14/2024 18:39:40,Paul G - TheDragon#61289,Oskar T - ossytubbi#87966,2-0,,1,,
6/14/2024 18:52:19,Jonathan R - MetalFingers#36803,Zeke W - smarmyplatapus#30066,2-1,,1,,
6/14/2024 19:05:53,Amir H - Shazam#02792,Shuo L - Tamamo#30654,2-1,,1,,
6/14/2024 19:17:03,Zeke W - smarmyplatapus#30066,Julian K - Citizen_Snippies#31245,2-0,,1,,
6/14/2024 19:22:19,Zach C - ZachCarr#31881,Jordan M - JMTron#46639,2-1,,1,I am jealous of your deck!!,
6/14/2024 19:24:21,Emmett F - Sepulchure#51526,Amir H - Shazam#02792,2-0,,1,,
6/14/2024 19:24:43,Jonathan R - MetalFingers#36803,Mark A - JackalMagi#52035,2-0,,1,,
6/14/2024 20:02:24,Nick A - Nistar#14127,Joseph H - Sexcellence#51112,2-0,,1,,
6/14/2024 20:29:00,Jonathan R - MetalFingers#36803,Emmett F - Sepulchure#51526,2-1,,1,,
6/14/2024 20:32:05,Alex O - NLP#02898,Evan W - baminoscaa#04385,2-1,,1,Good match!,
6/14/2024 20:37:39,Ryan M - rrrn22#32842,Amir H - Shazam#02792,2-1,,1,,
6/14/2024 20:57:23,Caleb K - BlackEcho#09078,Miguel B - Ethereus#60108,2-1,,1,ggs,
6/14/2024 21:06:44,Wyatt C - hotdolphin#30769,Alex O - NLP#02898,2-0,,1,,
6/14/2024 21:09:53,Thomas C - jamberine#68248,Ryan M - rrrn22#32842,2-1,,1,,
6/14/2024 21:18:15,Jonathan R - MetalFingers#36803,Peter B - Celsius232#44031,2-1,,1,,
6/14/2024 21:18:19,Emmett F - Sepulchure#51526,Alexis M - Alexsfly#67052,2-0,,1,,
6/14/2024 21:39:57,Thomas C - jamberine#68248,Wyatt C - hotdolphin#30769,2-1,,1,,
6/14/2024 21:46:36,Bob P - HIT#08120,Chris Y - Yorke on Games#66909,2-0,,1,ggs.,
6/14/2024 21:49:49,Emmett F - Sepulchure#51526,Mark A - JackalMagi#52035,2-0,,1,,
6/14/2024 22:06:59,Peter B - Celsius232#44031,Evan W - baminoscaa#04385,2-0,,1,"Very good guy on the other side of the screen, bore with me during an export issue",
6/14/2024 22:20:47,Bob P - HIT#08120,Wyatt C - hotdolphin#30769,2-0,,1,,
6/14/2024 22:36:46,Johnny M - Johnny#69519,Amir H - Shazam#02792,2-0,,1,https://docs.google.com/spreadsheets/d/1zX8zm0hGa8pHpRkX08yFqH2cCg4VIYrpvlM5FqYjFyU/edit?usp=sharing,
6/14/2024 22:38:16,Caleb G - Whynaut#28590,Patrick M - FullestJ#22936,2-0,,1,,
6/14/2024 22:56:09,Chris S - shipleycgm#89474,Maranda L - BlackCanary#59791,2-0,,1,Good plays,
6/14/2024 22:57:11,Jeremy E - Lhurgoyf#37289,Chris Y - Yorke on Games#66909,2-1,,1,,
6/14/2024 23:00:31,Bob P - HIT#08120,Mark A - JackalMagi#52035,2-0,,1,ggs,
6/14/2024 23:02:37,Evan W - baminoscaa#04385,Wyatt C - hotdolphin#30769,2-0,,1,,
6/14/2024 23:11:15,Caleb G - Whynaut#28590,Damon B - Nomad#43918,2-0,,1,,
6/14/2024 23:13:54,Thomas C - jamberine#68248,Bob P - HIT#08120,2-0,,1,,
6/14/2024 23:30:40,Sawyer T - soyboy#35469,Cody-Rayce MG - Rayce#56572,2-1,,1,,
6/14/2024 23:36:32,Caleb G - Whynaut#28590,Jeremy E - Lhurgoyf#37289,2-1,,1,,
6/14/2024 23:39:09,Bob P - HIT#08120,Caleb K - BlackEcho#09078,2-0,,1,,
6/14/2024 23:46:42,Alex H - Merriman#08092,Cyril C - knightt76#92032,2-0,,1,,
6/14/2024 23:58:56,Zev G - Meep3278#19615,Joaquin E - DiabolicMachine#23891,2-0,,1,"Bug: When my opponent placed cards on top of their deck with Brainsurge, I was clicked on their library, and I briefly saw their revealed Devourer of Destiny put on top. Obviously didn't affect my gameplay much if at all, but worth pointing out.",
6/15/2024 0:04:05,Marley L - BeautyAndTheGitrog#98732,Evan W - baminoscaa#04385,2-1,,1,,
6/15/2024 0:15:50,Jethro J - bigxjulius#88849,Carlos V - ShuntStub#78198,2-1,,1,,
6/15/2024 0:26:32,Patrick M - FullestJ#22936,Dan H - dan12456#37617,2-0,,1,,
6/15/2024 0:37:11,Zev G - Meep3278#19615,Steve T - strout#45062,2-0,,1,,
6/15/2024 0:48:24,Sawyer T - soyboy#35469,Jeremy E - Lhurgoyf#37289,2-0,,1,,
6/15/2024 0:52:47,Jethro J - bigxjulius#88849,Jack H - Rakic#98298,2-0,,1,,
6/15/2024 0:55:30,Patrick M - FullestJ#22936,Zev G - Meep3278#19615,2-0,,1,,
6/15/2024 1:24:53,Sawyer T - soyboy#35469,Evan W - baminoscaa#04385,2-0,,1,,
6/15/2024 1:45:34,Patrick M - FullestJ#22936,Ron C - Lennor#52740,2-1,,1,,
6/15/2024 5:27:06,Aaron A - Eclipse2470#03650,Oskar T - ossytubbi#87966,2-1,,1,,
6/15/2024 5:30:38,Cody-Rayce MG - Rayce#56572,Matthias H - Rezreh#11308,2-0,,1,ggs,
6/15/2024 6:05:25,Oskar T - ossytubbi#87966,Tom M - TomSoniQ#28649,2-0,,1,,
6/15/2024 6:23:42,Aaron A - Eclipse2470#03650,Matthias H - Rezreh#11308,2-0,,1,,
6/15/2024 7:01:00,Zach C - ZachCarr#31881,Avery JB - Averyoftheelves#92950,2-1,,1,Gl in the league,
6/15/2024 7:32:25,Matthias H - Rezreh#11308,Wesley C - GigaVoltaic#11782,2-1,,1,,
6/15/2024 8:25:59,Chris Y - Yorke on Games#66909,Daniel M - HPWizard#40332,2-0,,1,Blocked the goblin,
6/15/2024 9:40:52,Gabe P - GLP#6825,Chris Y - Yorke on Games#66909,2-0,,1,,
6/15/2024 10:21:09,Chris S - shipleycgm#89474,Tom M - TomSoniQ#28649,2-1,,1,Emerge - whoa!,
6/15/2024 10:29:20,Chris Y - Yorke on Games#66909,Matthias H - Rezreh#11308,2-0,,1,+1/+1,
6/15/2024 11:23:51,Lotte P - Lotte #93345,Chris S - shipleycgm#89474,2-1,,1,,
6/15/2024 11:24:36,Matthias H - Rezreh#11308,Gabe P - GLP#6825,2-0,,1,,
6/15/2024 12:08:58,Caleb G - Whynaut#28590,DeWitt K - SeethingOctopus#02129,2-1,,1,,
6/15/2024 12:19:11,Blake R - Trogdorr#20061,Nadir C - Diddy#38922,2-0,,1,,
6/15/2024 12:44:04,François R - Ayora#29960,Caleb G - Whynaut#28590,2-1,,1,,
6/15/2024 13:31:44,Gabe P - GLP#6825,Alexis M - Alexsfly#67052,2-1,,1,longest bo3 ever?,
6/15/2024 13:33:07,Alex H - Merriman#08092,Chris S - shipleycgm#89474,2-1,,1,,
6/15/2024 14:05:31,Damon B - Nomad#43918,Joseph H - Sexcellence#51112,2-1,,1,,
6/15/2024 14:39:26,Gabe P - GLP#6825,Julian K - Citizen_Snippies#31245,2-1,,1,,
6/15/2024 15:29:42,Gabe P - GLP#6825,Sawyer T - soyboy#35469,2-1,,1,,
6/15/2024 15:36:39,François R - Ayora#29960,Joseph H - Sexcellence#51112,2-1,,1,,
6/15/2024 15:49:57,Chris D - Stereolab#37691,Dave T - RestiveNebula#74573,2-1,,1,,
6/15/2024 16:39:03,Kyle C - AFKyle#29319,Chris D - Stereolab#37691,2-0,,1,,
6/15/2024 16:39:54,Alexis M - Alexsfly#67052,Alex O - NLP#02898,2-0,,1,,
6/15/2024 16:39:59,Damon B - Nomad#43918,François R - Ayora#29960,2-1,,1,,
6/15/2024 16:55:40,Maranda L - BlackCanary#59791,Jondrion J - jondrion#40531,2-0,,1,,
6/15/2024 17:17:53,John P - gokuorgohome#51511,Wesley C - GigaVoltaic#11782,2-0,,1,,
6/15/2024 17:45:24,Jordan M - JMTron#46639,Chris D - Stereolab#37691,2-1,,1,,
6/15/2024 17:54:04,Maranda L - BlackCanary#59791,James M - Sol_Ring#09384,2-0,,1,,
6/15/2024 17:58:43,Cody-Rayce MG - Rayce#56572,Dave T - RestiveNebula#74573,2-0,,1,ggs,
6/15/2024 17:58:57,Alexis M - Alexsfly#67052,Nick A - Nistar#14127,2-1,,1,,
6/15/2024 18:14:51,Miguel B - Ethereus#60108,Chris D - Stereolab#37691,2-0,,1,GG!,
6/15/2024 18:45:58,Cody-Rayce MG - Rayce#56572,Zev G - Meep3278#19615,2-1,,1,ggs wp,
6/15/2024 18:50:46,Dave T - RestiveNebula#74573,John P - gokuorgohome#51511,2-1,,1,,
6/15/2024 19:08:01,Daniel S - Obitus#54120,Chris D - Stereolab#37691,2-1,,1,,
6/15/2024 20:14:25,Daniel G - FriskyHobbit#43185,Kevin I - kni1993#29285,2-0,,1,,
6/15/2024 23:19:02,Kyle C - AFKyle#29319,Preston B - Vorbis#46420,2-1,,1,,
6/15/2024 23:35:35,Maranda L - BlackCanary#59791,Jethro J - bigxjulius#88849,2-0,,1,,
6/16/2024 0:00:07,Alex O - NLP#02898,Kyle C - AFKyle#29319,2-1,,1,"Crazy close game, down to just a single color of mana not being available :O",
6/16/2024 0:30:57,Alex O - NLP#02898,Alex H - Merriman#08092,2-0,,1,"Deathtouch + Shield Counter, terror",
6/16/2024 0:42:33,Jethro J - bigxjulius#88849,Jeremy E - Lhurgoyf#37289,2-1,,1,,
6/16/2024 1:32:40,Damon B - Nomad#43918,Alexandre GA - AGA#86404,2-1,,1,,
6/16/2024 3:21:20,Aaron A - Eclipse2470#03650,Alexandre GA - AGA#86404,2-1,,1,GGs! Amazing games. ,
6/16/2024 4:16:51,Aaron A - Eclipse2470#03650,Cyril C - knightt76#92032,2-0,,1,GGs,
6/16/2024 8:50:11,Wesley C - GigaVoltaic#11782,Cody-Rayce MG - Rayce#56572,2-0,,1,,
6/16/2024 8:59:28,Zach C - ZachCarr#31881,Alex S - Nicol Bolas#02755,2-0,,1,GGs,
6/16/2024 9:19:40,Avery JB - Averyoftheelves#92950,Max B - baymillionaire#63544,2-0,,1,,
6/16/2024 9:44:32,Alex S - Nicol Bolas#02755,Wesley C - GigaVoltaic#11782,2-1,,1,,
6/16/2024 9:53:46,Cédric L - Hota#65816,Ryan M - rrrn22#32842,2-0,,1,,
6/16/2024 10:01:52,Zach C - ZachCarr#31881,Nadir C - Diddy#38922,2-1,,1,GGs,
6/16/2024 10:11:36,Wesley C - GigaVoltaic#11782,Alex H - Merriman#08092,2-0,,1,,
6/16/2024 11:21:39,Julian K - Citizen_Snippies#31245,Nick A - Nistar#14127,2-0,,1,,
6/16/2024 12:17:39,Nick A - Nistar#14127,François R - Ayora#29960,2-1,,1,,
6/16/2024 13:03:19,Chris O - Chriso91#46230,Ryan D - TheSlickness#10857,2-1,,1,,
6/16/2024 13:57:22,Evan L - Evan#97713,Daniel H - Cosmonaught#43147,2-0,,1,,
6/16/2024 14:01:00,Christopher S - Stemz#96067,Matt K - KirbyKong#37457,2-1,,1,gg!,
6/16/2024 15:02:33,Kevin I - kni1993#29285,Michael B - Monkeymage#12141,2-0,,1,,
6/16/2024 15:54:41,Philip B - Plipster#75000,Dirk E - BegginBlue#16667,2-1,,1,,
6/16/2024 16:15:29,Michael B - Monkeymage#12141,Lotte P - Lotte #93345,2-1,,1,,
6/16/2024 16:19:27,Philip B - Plipster#75000,Blake R - Trogdorr#20061,2-0,,1,,
6/16/2024 17:08:08,James M - Sol_Ring#09384,Blake R - Trogdorr#20061,2-0,,1,,
6/16/2024 17:16:37,Kyle C - AFKyle#29319,John P - gokuorgohome#51511,2-0,,1,,
6/16/2024 17:35:50,Dirk E - BegginBlue#16667,Michael M - Atombomb11991#07305,2-1,,1,,
6/16/2024 18:47:34,Chris S - shipleycgm#89474,James M - Sol_Ring#09384,2-0,,1,,
6/16/2024 19:08:30,John P - gokuorgohome#51511,Craig B - DraftHavoc#97754,2-0,,1,,
6/16/2024 19:18:02,Philip B - Plipster#75000,Doug Co - daceris#24713,2-0,,1,,
6/16/2024 19:43:13,Craig B - DraftHavoc#97754,Doug Co - daceris#24713,2-0,,1,,
6/16/2024 20:17:33,Aaron B - Bevelman#18220,Philip B - Plipster#75000,2-0,,1,ggs!,
6/16/2024 20:32:34,Evan L - Evan#97713,Michael B - Monkeymage#12141,2-1,,1,,
6/16/2024 20:56:14,Evan L - Evan#97713,Philip B - Plipster#75000,2-0,,1,,
6/16/2024 21:22:15,Matt K - KirbyKong#37457,Mitchel S - SpaghettiMitch#18619,2-0,,1,,
6/16/2024 22:29:26,Adam S - wizma#29010,Matthew G - Wolfeye#03170,2-1,,1,Great match! Huge creatures! Welcome to the league!  ,
6/16/2024 22:39:05,James Mc - Fireball#69952,Matt K - KirbyKong#37457,2-0,,1,,
6/16/2024 22:45:25,Zeke W - smarmyplatapus#30066,Evan L - Evan#97713,2-1,,1,,
6/16/2024 22:56:02,Craig B - DraftHavoc#97754,Preston B - Vorbis#46420,2-1,,1,,
6/16/2024 23:20:21,James Mc - Fireball#69952,Mitchel S - SpaghettiMitch#18619,2-0,,1,,
6/16/2024 23:37:46,Aaron B - Bevelman#18220,Jack H - Rakic#98298,2-0,,1,,
6/17/2024 0:13:29,Justin P - Code Pigeon#84057,Cyril C - knightt76#92032,2-0,,1,,
6/17/2024 0:14:27,Blake R - Trogdorr#20061,Julian K - Citizen_Snippies#31245,2-0,,1,,
6/17/2024 0:33:49,Ron C - Lennor#52740,Michael B - Monkeymage#12141,2-1,,1,,
6/17/2024 0:55:27,Evan L - Evan#97713,Zach L - Redwood#12970,2-1,,1,,
6/17/2024 6:26:48,Jethro J - bigxjulius#88849,François R - Ayora#29960,2-0,,1,,
6/17/2024 9:01:06,Cédric L - Hota#65816,Kevin I - kni1993#29285,2-1,,1,,
6/17/2024 9:46:51,Dirk E - BegginBlue#16667,Cédric L - Hota#65816,2-0,,1,Great games!,
6/17/2024 10:32:38,John P - gokuorgohome#51511,Nicholas K - Bionick#55161,2-0,,1,,
6/17/2024 11:06:15,Chris O - Chriso91#46230,DeWitt K - SeethingOctopus#02129,2-0,,1,,
6/17/2024 11:09:46,Craig B - DraftHavoc#97754,Richard K - preacher26#59445,2-1,,1,,
6/17/2024 11:33:29,Harry B - Midnight_0il#97781,Cédric L - Hota#65816,2-0,,1,,
6/17/2024 11:40:57,DeWitt K - SeethingOctopus#02129,James Mc - Fireball#69952,2-0,,1,gg!,
6/17/2024 11:58:30,Harry B - Midnight_0il#97781,Thijn H - Thi-Jin#83537,2-0,,1,,
6/17/2024 12:18:18,Cédric L - Hota#65816,Thijn H - Thi-Jin#83537,2-0,,1,,
6/17/2024 12:18:58,Harry B - Midnight_0il#97781,Craig B - DraftHavoc#97754,2-0,,1,,
6/17/2024 12:50:06,Thijn H - Thi-Jin#83537,Carlos V - ShuntStub#78198,2-0,,1,,
6/17/2024 12:51:54,Dirk E - BegginBlue#16667,Harry B - Midnight_0il#97781,2-0,,1,,
6/17/2024 13:29:09,Nik S - njsiii#50504,Nicholas K - Bionick#55161,2-0,,1,,
6/17/2024 14:23:12,Paul G - TheDragon#61289,Dave T - RestiveNebula#74573,2-0,,1,,
6/17/2024 14:55:45,Tony G - YnotRock#76764,Daniel S - Obitus#54120,2-0,,1,Ggs!,
6/17/2024 15:01:10,Daniel H - Cosmonaught#43147,Zach L - Redwood#12970,2-1,,1,,
6/17/2024 15:20:28,DeWitt K - SeethingOctopus#02129,Nik S - njsiii#50504,2-1,,1,ggs,
6/17/2024 15:32:45,Tony G - YnotRock#76764,Nadir C - Diddy#38922,2-1,,1,GGS! So close,
6/17/2024 15:35:54,Chris O - Chriso91#46230,Christopher S - Stemz#96067,2-1,,1,,
6/17/2024 15:48:57,Daniel H - Cosmonaught#43147,Dave T - RestiveNebula#74573,2-0,,1,,
6/17/2024 16:11:14,Christopher S - Stemz#96067,Zach L - Redwood#12970,2-0,,1,gg,
6/17/2024 16:18:10,Kyle C - AFKyle#29319,Maranda L - BlackCanary#59791,2-0,,1,,
6/17/2024 16:19:36,Nicholas K - Bionick#55161,Jondrion J - jondrion#40531,2-0,,1,,
6/17/2024 16:38:03,Christopher S - Stemz#96067,Zev G - Meep3278#19615,2-0,,1,gg,
6/17/2024 16:54:06,Jondrion J - jondrion#40531,Tony G - YnotRock#76764,2-0,,1,,
6/17/2024 17:46:01,Adam S - wizma#29010,Nicholas K - Bionick#55161,2-0,,1,Great games!,
6/17/2024 17:58:21,Evan C - PeasOfCrab#00133,Sylvain T - Iquitos#15484,2-0,,1,,
6/17/2024 18:41:35,Johnny M - Johnny#69519,Christian L - xXAlpineXx#54284,2-1,,1,,
6/17/2024 18:45:50,Nicholas K - Bionick#55161,Curtis K - Oblivion#40925,2-0,,1,,
6/17/2024 19:17:04,Isaak W - Belern#84813,Curtis K - Oblivion#40925,2-0,,1,ggs,
6/17/2024 19:19:22,Christopher S - Stemz#96067,Nick W - Wheelo#89557,2-1,,1,gg,
6/17/2024 19:33:10,Miguel B - Ethereus#60108,Alexis M - Alexsfly#67052,2-1,,1,GGs!,
6/17/2024 19:36:53,Christian L - xXAlpineXx#54284,Aaron A - Eclipse2470#03650,2-0,,1,,
6/17/2024 19:52:18,Isaak W - Belern#84813,Carlos V - ShuntStub#78198,2-1,,1,Great games,
6/17/2024 20:01:55,Dirk E - BegginBlue#16667,Ryan M - rrrn22#32842,2-1,,1,,
6/17/2024 20:59:24,Evan C - PeasOfCrab#00133,Christopher G - oompaloompa#65002,2-1,,1,,
6/17/2024 21:13:53,Aaron B - Bevelman#18220,Ryan D - TheSlickness#10857,2-0,,1,,
6/17/2024 21:30:28,Sawyer T - soyboy#35469,Isaak W - Belern#84813,2-0,,1,,
6/17/2024 21:42:23,Miguel B - Ethereus#60108,Nick W - Wheelo#89557,2-1,,1,GGs!,
6/17/2024 22:12:55,Isaak W - Belern#84813,Evan C - PeasOfCrab#00133,2-1,,1,crazy finish,
6/17/2024 22:41:24,Joaquin E - DiabolicMachine#23891,Jeremy E - Lhurgoyf#37289,2-1,,1,,
6/17/2024 22:46:56,Joseph H - Sexcellence#51112,Ron C - Lennor#52740,2-1,,1,,
6/17/2024 22:47:53,DeWitt K - SeethingOctopus#02129,Isaak W - Belern#84813,2-0,,1,ggs,
6/17/2024 22:58:16,Jack H - Rakic#98298,Dan A - BEATDOWNBRINGA#04779,2-0,,1,,
6/17/2024 23:57:38,Preston B - Vorbis#46420,Julian K - Citizen_Snippies#31245,2-1,,1,,
6/18/2024 0:14:31,Dan H - dan12456#37617,Matt K - KirbyKong#37457,2-0,,1,,
6/18/2024 0:56:46,Evan C - PeasOfCrab#00133,Caleb K - BlackEcho#09078,2-0,,1,,
6/18/2024 1:55:51,Evan C - PeasOfCrab#00133,Shuo L - Tamamo#30654,2-1,,1,,
6/18/2024 9:26:20,Tony G - YnotRock#76764,Kevin I - kni1993#29285,2-0,,1,,
6/18/2024 10:19:26,Matt K - KirbyKong#37457,Nik S - njsiii#50504,2-0,,1,,
6/18/2024 10:34:39,Nik S - njsiii#50504,Kevin I - kni1993#29285,2-0,,1,,
6/18/2024 12:15:30,Avery JB - Averyoftheelves#92950,Nik S - njsiii#50504,2-1,,1,,
6/18/2024 13:35:49,Duncan M - RobRoyDuncan#16652,Mike N - Gosu#85506,2-0,,1,,
6/18/2024 15:08:55,Duncan M - RobRoyDuncan#16652,Wei C - Azayaka#83352,2-0,,1,,
6/18/2024 15:31:29,Richard K - preacher26#59445,Lotte P - Lotte #93345,2-0,,1,,
6/18/2024 16:15:03,Daniel H - Cosmonaught#43147,Justin P - Code Pigeon#84057,2-0,,1,,
6/18/2024 16:26:36,Tom M - TomSoniQ#28649,Wei C - Azayaka#83352,2-1,,1,,
6/18/2024 17:17:38,Justin P - Code Pigeon#84057,Christian L - xXAlpineXx#54284,2-1,,1,,
6/18/2024 17:33:11,Mike N - Gosu#85506,Daniel G - FriskyHobbit#43185,2-1,,1,gg,
6/18/2024 17:37:24,Jondrion J - jondrion#40531,Bryan G - Fedaykin98#12204,2-0,,1,,
6/18/2024 17:49:52,Joaquin E - DiabolicMachine#23891,Justin P - Code Pigeon#84057,2-0,,1,,
6/18/2024 18:30:56,Jaidin M - MnemonicDevice#38774,Bryan G - Fedaykin98#12204,2-1,,1,close games!,
6/18/2024 19:25:22,Mike N - Gosu#85506,Jaidin M - MnemonicDevice#38774,2-1,,1,ggwp,
6/18/2024 19:43:58,Jack H - Rakic#98298,Jo H - JoCool#84350,2-0,,1,,
6/18/2024 20:16:18,Wei C - Azayaka#83352,Jon B - Jbuckeye#49321,2-0,,1,,
6/18/2024 20:31:11,Adam S - wizma#29010,Jo H - JoCool#84350,2-0,,1,Good games! Siege gang represent!,
6/18/2024 20:50:13,Max B - baymillionaire#63544,Wei C - Azayaka#83352,2-0,,1,,
6/18/2024 21:09:14,Blake R - Trogdorr#20061,Jo H - JoCool#84350,2-0,,1,,
6/18/2024 21:14:01,Aaron B - Bevelman#18220,James T - RevisedIsland#19780,2-0,,1,ggs!,
6/18/2024 21:23:47,Joe T - elasticity#07466,Peter B - Celsius232#44031,2-0,,1,,
6/18/2024 21:28:09,Adam S - wizma#29010,Jon B - Jbuckeye#49321,2-0,,1,Great games! Sorry about the 15/15 flying lifelink vigilant trampler!,
6/18/2024 22:28:23,Joaquin E - DiabolicMachine#23891,Joe T - elasticity#07466,2-1,,1,,
6/18/2024 23:45:53,Matthew G - Wolfeye#03170,Preston B - Vorbis#46420,2-1,,1,,
6/18/2024 23:50:09,Chris O - Chriso91#46230,Christopher G - oompaloompa#65002,2-1,,1,,
6/19/2024 0:22:32,Matthew G - Wolfeye#03170,Zach L - Redwood#12970,2-0,,1,,
6/19/2024 0:44:43,Justin P - Code Pigeon#84057,James M - Sol_Ring#09384,2-0,,1,,
6/19/2024 12:24:26,Avery JB - Averyoftheelves#92950,Chris O - Chriso91#46230,2-1,,1,,
6/19/2024 14:50:47,Alex S - Nicol Bolas#02755,Lotte P - Lotte #93345,2-0,,1,,
6/19/2024 14:56:22,Richard K - preacher26#59445,Duncan M - RobRoyDuncan#16652,2-1,,1,,
6/19/2024 15:15:19,Alex S - Nicol Bolas#02755,Daniel H - Cosmonaught#43147,2-0,,1,,
6/19/2024 15:16:53,Nadir C - Diddy#38922,Archie B - archiebaker#44712,2-0,,1,ggs!,
6/19/2024 16:51:09,Jondrion J - jondrion#40531,Archie B - archiebaker#44712,2-1,,1,,
6/19/2024 18:37:16,Miguel B - Ethereus#60108,Paul S - YungChunk#45977,2-0,,1,GGs!,
6/19/2024 18:58:46,Michael M - Atombomb11991#07305,Curtis K - Oblivion#40925,2-1,,1,,
6/19/2024 19:51:14,Paul S - YungChunk#45977,Michael M - Atombomb11991#07305,2-1,,1,ggs!,
6/19/2024 20:20:01,Christopher G - oompaloompa#65002,Chris R - Sinkwater#27508,2-1,,1,,
6/19/2024 20:42:49,Christopher G - oompaloompa#65002,Edgar A - PlayfulTerror#04926,2-1,,1,,
6/19/2024 21:05:24,Mitchel S - SpaghettiMitch#18619,Max B - baymillionaire#63544,2-1,,1,,
6/19/2024 21:09:32,Chris R - Sinkwater#27508,Curtis K - Oblivion#40925,2-0,,1,,
6/19/2024 21:25:34,James T - RevisedIsland#19780,Wei C - Azayaka#83352,2-1,,1,,
6/19/2024 21:49:32,James Mc - Fireball#69952,James M - Sol_Ring#09384,2-1,,1,,
6/19/2024 21:53:40,Mitchel S - SpaghettiMitch#18619,Shuo L - Tamamo#30654,2-0,,1,,
6/19/2024 22:07:24,Matthew G - Wolfeye#03170,James T - RevisedIsland#19780,2-0,,1,,
6/19/2024 22:20:52,Caleb K - BlackEcho#09078,Edgar A - PlayfulTerror#04926,2-0,,1,ggs,
6/19/2024 22:48:55,Joaquin E - DiabolicMachine#23891,Dan H - dan12456#37617,2-1,,1,,
6/19/2024 22:53:43,Dan A - BEATDOWNBRINGA#04779,Chris R - Sinkwater#27508,2-1,,1,,
6/19/2024 22:54:57,Matthew G - Wolfeye#03170,Josh T - jathornton#23245,2-0,,1,,
6/19/2024 23:37:21,Dan A - BEATDOWNBRINGA#04779,Josh T - jathornton#23245,2-1,,1,,
6/19/2024 23:40:38,Daniel G - FriskyHobbit#43185,Steve T - strout#45062,2-1,,1,,
6/20/2024 0:06:01,Edgar A - PlayfulTerror#04926,Andrew M - Robespierre#01976,2-1,,1,ggs,
6/20/2024 0:19:14,Preston B - Vorbis#46420,Felipe C - Khirgh#61921,2-1,,1,,
6/20/2024 0:40:47,Daniel G - FriskyHobbit#43185,Daniel S - Obitus#54120,2-0,,1,,
6/20/2024 0:41:31,Edgar A - PlayfulTerror#04926,Mike V - Lostinthewarp#09717,2-1,,1,ggs,
6/20/2024 1:01:34,Dan H - dan12456#37617,Andrew M - Robespierre#01976,2-1,,1,,
6/20/2024 11:54:27,Enrique O - Caex#39549,Mike N - Gosu#85506,2-1,,1,,
6/20/2024 12:40:57,Matt F - MadeMyBus#92429,Joe T - elasticity#07466,2-0,,1,,
6/20/2024 13:36:43,Richard K - preacher26#59445,Joe T - elasticity#07466,2-0,,1,,
6/20/2024 13:54:06,Joe G - AardvarkKing #40712,Mike N - Gosu#85506,2-1,,1,,
6/20/2024 14:27:30,Matt F - MadeMyBus#92429,Joe G - AardvarkKing #40712,2-1,,1,,
6/20/2024 14:46:07,Paul S - YungChunk#45977,Joe T - elasticity#07466,2-1,,1,ggs,
6/20/2024 15:04:21,Matt F - MadeMyBus#92429,Nadir C - Diddy#38922,2-0,,1,,
6/20/2024 15:06:08,Mitchel S - SpaghettiMitch#18619,Tom M - TomSoniQ#28649,2-0,,1,,
6/20/2024 15:15:28,Archie B - archiebaker#44712,Peter B - Celsius232#44031,2-1,,1,Fun games :D,
6/20/2024 17:23:54,Enrique O - Caex#39549,Quill M - Nocnoc#13791,2-1,,1,,
6/20/2024 18:06:59,Thijn H - Thi-Jin#83537,Quill M - Nocnoc#13791,2-1,,1,,
6/20/2024 18:32:17,Matt F - MadeMyBus#92429,Bryan G - Fedaykin98#12204,2-0,,1,,
6/20/2024 18:53:42,Quill M - Nocnoc#13791,Christian L - xXAlpineXx#54284,2-1,,1,,
6/20/2024 19:05:35,Christopher G - oompaloompa#65002,Carlos V - ShuntStub#78198,2-0,,1,,
6/20/2024 19:10:04,Daniel M - HPWizard#40332,Adam S - wizma#29010,2-1,,1,,
6/20/2024 19:20:56,Christian L - xXAlpineXx#54284,Ryan D - TheSlickness#10857,2-0,,1,,
6/20/2024 19:59:02,Daniel M - HPWizard#40332,James Mc - Fireball#69952,2-1,,1,,
6/20/2024 20:13:12,Edgar A - PlayfulTerror#04926,Felipe C - Khirgh#61921,2-1,,1,ggs tons of energy,
6/20/2024 20:47:50,Chris R - Sinkwater#27508,Paul S - YungChunk#45977,2-0,,1,,
6/20/2024 22:09:10,Chris R - Sinkwater#27508,Jon B - Jbuckeye#49321,2-0,,1,,
6/20/2024 22:18:12,Zeke W - smarmyplatapus#30066,Marley L - BeautyAndTheGitrog#98732,2-0,,1,ggs!,
6/20/2024 22:33:00,Josh T - jathornton#23245,Carlos V - ShuntStub#78198,2-0,,1,,
6/20/2024 23:22:51,Dan H - dan12456#37617,Johnny M - Johnny#69519,2-0,,1,,
6/21/2024 1:56:00,Andrew M - Robespierre#01976,Mike V - Lostinthewarp#09717,2-1,,1,,
6/21/2024 1:58:37,Steve T - strout#45062,Ron C - Lennor#52740,2-0,,1,GGs!,
6/21/2024 4:26:51,Thijn H - Thi-Jin#83537,Benoit T - benoittravers#49609,2-1,,1,,
6/21/2024 7:59:57,Max B - baymillionaire#63544,Paul G - TheDragon#61289,2-0,,1,,
6/21/2024 10:28:38,Alex S - Nicol Bolas#02755,Enrique O - Caex#39549,2-1,,1,,
6/21/2024 10:47:08,Joe G - AardvarkKing #40712,Zack H - HackZolt#31077,2-0,,1,,
6/21/2024 11:42:38,Joe G - AardvarkKing #40712,Steve T - strout#45062,2-1,,1,,
6/21/2024 11:55:18,Duncan M - RobRoyDuncan#16652,Avery JB - Averyoftheelves#92950,2-0,,1,,
6/21/2024 12:55:51,Alexandre GA - AGA#86404,Zack H - HackZolt#31077,2-1,,1,,
6/21/2024 14:10:43,Peter B - Celsius232#44031,Richard K - preacher26#59445,2-1,,1,"arena had a bug with the emerge dragon cat thing, opponent was not able to cast w emerge cost (I know you don't do anything with bugs but fyi)",
6/21/2024 14:47:32,Zack H - HackZolt#31077,Jaidin M - MnemonicDevice#38774,2-1,,1,great grindy game 3!,
6/21/2024 14:47:45,Lotte P - Lotte #93345,Quill M - Nocnoc#13791,2-1,,1,,
6/21/2024 14:59:52,Enrique O - Caex#39549,Felipe C - Khirgh#61921,2-1,,1,,
6/21/2024 15:10:43,Josh T - jathornton#23245,Mike V - Lostinthewarp#09717,2-0,,1,,
6/21/2024 15:19:44,Duncan M - RobRoyDuncan#16652,Curtis K - Oblivion#40925,2-0,,1,,
6/21/2024 15:43:30,Zack H - HackZolt#31077,Joseph H - Sexcellence#51112,2-0,,1,GGs!,
6/21/2024 16:41:22,Zack H - HackZolt#31077,Marley L - BeautyAndTheGitrog#98732,2-0,,1,GGs!,
6/21/2024 17:13:04,Doug Co - daceris#24713,Jaidin M - MnemonicDevice#38774,2-1,,1,ggs!,
6/21/2024 17:25:41,Thomas C - jamberine#68248,Jonathan R - MetalFingers#36803,2-0,,1,,
6/21/2024 17:42:11,Nicholas K - Bionick#55161,Dirk E - BegginBlue#16667,2-1,,1,,
6/21/2024 17:46:43,Thomas C - jamberine#68248,Zev G - Meep3278#19615,2-0,,1,,
6/21/2024 18:10:20,Zev G - Meep3278#19615,Craig B - DraftHavoc#97754,2-0,,1,,
6/21/2024 18:20:03,Nicholas K - Bionick#55161,Jonathan R - MetalFingers#36803,2-0,,1,,
6/21/2024 18:42:15,Nicholas K - Bionick#55161,Craig B - DraftHavoc#97754,2-1,,1,,
6/21/2024 18:43:43,Zev G - Meep3278#19615,Edgar A - PlayfulTerror#04926,2-0,,1,,
6/21/2024 18:52:44,Thijn H - Thi-Jin#83537,Thomas C - jamberine#68248,2-1,,1,,
6/21/2024 19:05:44,Christopher G - oompaloompa#65002,Evan L - Evan#97713,2-0,,1,,
6/21/2024 19:34:23,Thijn H - Thi-Jin#83537,Jonathan R - MetalFingers#36803,2-1,,1,,
6/21/2024 19:56:38,Daniel G - FriskyHobbit#43185,Wyatt C - hotdolphin#30769,2-1,,1,,
6/21/2024 20:00:32,Zev G - Meep3278#19615,Chris Y - Yorke on Games#66909,2-1,,1,,
6/21/2024 20:18:02,Chris D - Stereolab#37691,Chris S - shipleycgm#89474,2-0,,1,,
6/21/2024 20:26:13,Michael B - Monkeymage#12141,Amir H - Shazam#02792,2-1,,1,,
6/21/2024 20:56:18,Amir H - Shazam#02792,Zev G - Meep3278#19615,2-0,,1,,
6/21/2024 21:12:19,Thomas C - jamberine#68248,Chris D - Stereolab#37691,2-1,,1,,
6/21/2024 21:13:23,Bob P - HIT#08120,Wei C - Azayaka#83352,2-0,,1,ggs,
6/21/2024 21:27:08,Jonathan R - MetalFingers#36803,Chris Y - Yorke on Games#66909,2-1,,1,,
6/21/2024 22:00:56,Wei C - Azayaka#83352,Matthew G - Wolfeye#03170,2-1,,1,,
6/21/2024 22:32:22,Kevin I - kni1993#29285,Emmett F - Sepulchure#51526,2-0,,1,,
6/21/2024 22:37:40,Evan L - Evan#97713,Caleb G - Whynaut#28590,2-0,,1,,
6/21/2024 22:43:22,Bob P - HIT#08120,Matthew G - Wolfeye#03170,2-0,,1,ggs,
6/21/2024 23:01:49,Evan L - Evan#97713,Julian K - Citizen_Snippies#31245,2-0,,1,,
6/21/2024 23:19:15,Bob P - HIT#08120,Nick W - Wheelo#89557,2-0,,1,ggs,
6/21/2024 23:22:39,Alexis M - Alexsfly#67052,Caleb G - Whynaut#28590,2-0,,1,,
6/21/2024 23:44:37,Julian K - Citizen_Snippies#31245,Caleb K - BlackEcho#09078,2-1,,1,,
6/21/2024 23:53:59,Emmett F - Sepulchure#51526,Evan L - Evan#97713,2-1,,1,,
6/21/2024 23:56:59,Caleb G - Whynaut#28590,Bob P - HIT#08120,2-1,,1,,
6/22/2024 0:06:28,Preston B - Vorbis#46420,Zeke W - smarmyplatapus#30066,2-0,,1,,
6/22/2024 0:13:52,Julian K - Citizen_Snippies#31245,Chris Y - Yorke on Games#66909,2-0,,1,,
6/22/2024 0:16:01,Nick W - Wheelo#89557,Amir H - Shazam#02792,2-0,,1,,
6/22/2024 0:32:46,Ryan D - TheSlickness#10857,Caleb G - Whynaut#28590,2-0,,1,,
6/22/2024 0:35:49,Chris Y - Yorke on Games#66909,Cyril C - knightt76#92032,2-0,,1,Dat dragon tho,
6/22/2024 0:40:34,Bob P - HIT#08120,Jack H - Rakic#98298,2-1,,1,ggs!,
6/22/2024 1:03:39,Amir H - Shazam#02792,Ryan D - TheSlickness#10857,2-0,,1,,
6/22/2024 1:20:55,Amir H - Shazam#02792,Ron C - Lennor#52740,2-0,,1,,
6/22/2024 1:22:21,Chris Y - Yorke on Games#66909,Evan L - Evan#97713,2-1,,1,Grindfest '24,
6/22/2024 3:18:26,Michael B - Monkeymage#12141,François R - Ayora#29960,2-1,,1,,
6/22/2024 3:41:24,Oskar T - ossytubbi#87966,Miguel B - Ethereus#60108,2-0,,1,,
6/22/2024 3:58:22,Oskar T - ossytubbi#87966,Wei C - Azayaka#83352,2-1,,1,,
6/22/2024 9:00:53,Jethro J - bigxjulius#88849,Mike N - Gosu#85506,2-1,,1,,
6/22/2024 10:39:52,Oskar T - ossytubbi#87966,Jonathan R - MetalFingers#36803,2-1,,1,,
6/22/2024 12:37:58,Ron C - Lennor#52740,Aaron B - Bevelman#18220,2-1,,1,,
6/22/2024 13:20:35,Ron C - Lennor#52740,Nadir C - Diddy#38922,2-0,,1,,
6/22/2024 13:42:52,Paul G - TheDragon#61289,Kyle C - AFKyle#29319,2-1,,1,,
6/22/2024 13:49:27,Oskar T - ossytubbi#87966,Gabe P - GLP#6825,2-0,,1,,
6/22/2024 14:43:11,Michael M - Atombomb11991#07305,Kevin I - kni1993#29285,2-0,,1,,
6/22/2024 15:08:15,Jack H - Rakic#98298,Paul G - TheDragon#61289,2-1,,1,,
6/22/2024 15:23:23,Alexis M - Alexsfly#67052,Gabe P - GLP#6825,2-1,,1,,
6/22/2024 15:51:45,Jack H - Rakic#98298,Alexis M - Alexsfly#67052,2-0,,1,,
6/22/2024 16:25:40,Wesley C - GigaVoltaic#11782,John P - gokuorgohome#51511,2-1,,1,GGs!,
6/22/2024 16:29:10,Jack H - Rakic#98298,Miguel B - Ethereus#60108,2-1,,1,,
6/22/2024 19:38:28,Kevin I - kni1993#29285,Edgar A - PlayfulTerror#04926,2-1,,1,,
6/22/2024 19:38:39,Damon B - Nomad#43918,Caleb G - Whynaut#28590,2-1,,1,,
6/22/2024 20:07:44,Alexis M - Alexsfly#67052,Sylvain T - Iquitos#15484,2-1,,1,,
6/22/2024 20:38:12,Damon B - Nomad#43918,Chris R - Sinkwater#27508,2-0,,1,,
6/22/2024 21:32:50,Curtis K - Oblivion#40925,Damon B - Nomad#43918,2-1,,1,,
6/22/2024 22:28:41,Damon B - Nomad#43918,Daniel S - Obitus#54120,2-1,,1,,
6/22/2024 22:54:13,Jeremy E - Lhurgoyf#37289,Christopher S - Stemz#96067,2-1,,1,,
6/22/2024 22:59:51,Preston B - Vorbis#46420,Daniel S - Obitus#54120,2-0,,1,,
6/22/2024 23:26:26,Zach C - ZachCarr#31881,James M - Sol_Ring#09384,2-1,,1,GGs,
6/22/2024 23:31:54,Jeremy E - Lhurgoyf#37289,Patrick M - FullestJ#22936,2-0,,1,,
6/23/2024 0:30:48,Preston B - Vorbis#46420,Christopher S - Stemz#96067,2-1,,1,,
6/23/2024 0:36:17,Zach C - ZachCarr#31881,Patrick M - FullestJ#22936,2-1,,1,GGs,
6/23/2024 1:22:21,Christopher S - Stemz#96067,Dan H - dan12456#37617,2-0,,1,gg,
6/23/2024 1:31:29,Ron C - Lennor#52740,Shuo L - Tamamo#30654,2-0,,1,,
6/23/2024 1:36:29,Patrick M - FullestJ#22936,Jethro J - bigxjulius#88849,2-1,,1,,
6/23/2024 2:05:53,Ron C - Lennor#52740,Christopher S - Stemz#96067,2-0,,1,,
6/23/2024 2:22:14,Shuo L - Tamamo#30654,Jethro J - bigxjulius#88849,2-1,,1,,
6/23/2024 6:05:05,Oskar T - ossytubbi#87966,Jethro J - bigxjulius#88849,2-1,,1,,
6/23/2024 9:59:11,Damon B - Nomad#43918,Wesley C - GigaVoltaic#11782,2-1,,1,,
6/23/2024 10:19:17,Chris S - shipleycgm#89474,Nadir C - Diddy#38922,2-1,,1,,
6/23/2024 10:40:42,Christian L - xXAlpineXx#54284,James M - Sol_Ring#09384,2-1,,1,,
6/23/2024 11:01:43,Ron C - Lennor#52740,Dirk E - BegginBlue#16667,2-1,,1,,
6/23/2024 11:27:14,John P - gokuorgohome#51511,Chris S - shipleycgm#89474,2-1,,1,,
6/23/2024 11:29:16,Zach C - ZachCarr#31881,Gabe P - GLP#6825,2-0,,1,GGs,
6/23/2024 11:53:16,John P - gokuorgohome#51511,Alexis M - Alexsfly#67052,2-0,,1,,
6/23/2024 11:56:27,Jeremy E - Lhurgoyf#37289,Kevin I - kni1993#29285,2-1,,1,,
6/23/2024 12:14:11,Chris S - shipleycgm#89474,Chris O - Chriso91#46230,2-0,,1,,
6/23/2024 12:16:57,Zach C - ZachCarr#31881,John P - gokuorgohome#51511,2-0,,1,GGs!,
6/23/2024 12:54:48,Matthias H - Rezreh#11308,Max B - baymillionaire#63544,2-1,,1,,
6/23/2024 13:01:55,Wyatt C - hotdolphin#30769,Chris O - Chriso91#46230,2-0,,1,,
6/23/2024 13:13:38,Johnny M - Johnny#69519,Chris S - shipleycgm#89474,2-1,,1,,
6/23/2024 13:52:24,Max B - baymillionaire#63544,Wyatt C - hotdolphin#30769,2-1,,1,,
6/23/2024 14:15:56,Zach C - ZachCarr#31881,Zeke W - smarmyplatapus#30066,2-0,,1,GGs,
6/23/2024 14:53:21,Wyatt C - hotdolphin#30769,Zeke W - smarmyplatapus#30066,2-1,,1,,
6/23/2024 15:26:27,Wesley C - GigaVoltaic#11782,Michael B - Monkeymage#12141,2-1,,1,,
6/23/2024 15:28:27,Christopher S - Stemz#96067,Daniel H - Cosmonaught#43147,2-1,,1,gg,
6/23/2024 16:04:47,Emmett F - Sepulchure#51526,Tom M - TomSoniQ#28649,2-0,,1,,
6/23/2024 16:12:38,Curtis K - Oblivion#40925,Adam S - wizma#29010,2-1,,1,,
6/23/2024 16:51:02,Dan H - dan12456#37617,Gabe P - GLP#6825,2-0,,1,,
6/23/2024 17:00:35,Lotte P - Lotte #93345,Curtis K - Oblivion#40925,2-1,,1,,
6/23/2024 17:03:43,Daniel H - Cosmonaught#43147,Sylvain T - Iquitos#15484,2-0,,1,,
6/23/2024 17:11:00,Mitchel S - SpaghettiMitch#18619,Emmett F - Sepulchure#51526,2-0,,1,,
6/23/2024 17:32:55,Gabe P - GLP#6825,Daniel H - Cosmonaught#43147,2-0,,1,,
6/23/2024 17:42:52,Mitchel S - SpaghettiMitch#18619,Tony G - YnotRock#76764,2-0,,1,,
6/23/2024 18:31:04,Tony G - YnotRock#76764,John P - gokuorgohome#51511,2-0,,1,,
6/23/2024 20:24:11,Tony G - YnotRock#76764,Nick W - Wheelo#89557,2-1,,1,,
6/23/2024 21:39:40,Joaquin E - DiabolicMachine#23891,Bryan G - Fedaykin98#12204,2-0,,1,,
6/23/2024 21:41:57,Maranda L - BlackCanary#59791,Alex H - Merriman#08092,2-1,,1,,
6/23/2024 22:11:59,Zack H - HackZolt#31077,Carlos V - ShuntStub#78198,2-0,,1,GG!,
6/23/2024 22:23:00,Maranda L - BlackCanary#59791,Aaron A - Eclipse2470#03650,2-0,,1,,
6/23/2024 22:23:10,Matthew G - Wolfeye#03170,Wyatt C - hotdolphin#30769,2-0,,1,GGs. Scary amount of mana. Dodged him drawing Emrakul.,
6/23/2024 23:10:45,Emmett F - Sepulchure#51526,Aaron A - Eclipse2470#03650,2-0,,1,,
6/23/2024 23:25:00,Sawyer T - soyboy#35469,Alex H - Merriman#08092,2-0,,1,,
6/24/2024 0:28:57,Andrew M - Robespierre#01976,Alex H - Merriman#08092,2-0,,1,,
6/24/2024 1:07:56,Preston B - Vorbis#46420,Andrew M - Robespierre#01976,2-1,,1,,
6/24/2024 1:29:29,Andrew M - Robespierre#01976,Shuo L - Tamamo#30654,2-0,,1,,
6/24/2024 7:23:10,Avery JB - Averyoftheelves#92950,Wesley C - GigaVoltaic#11782,2-0,,1,,
6/24/2024 10:21:06,Dan A - BEATDOWNBRINGA#04779,Jondrion J - jondrion#40531,2-0,,1,,
6/24/2024 11:33:31,Richard K - preacher26#59445,Tom M - TomSoniQ#28649,2-0,,1,,
6/24/2024 12:03:28,Zach L - Redwood#12970,Chris O - Chriso91#46230,2-1,,1,,
6/24/2024 13:58:04,Nick A - Nistar#14127,Joe G - AardvarkKing #40712,2-1,,1,,
6/24/2024 14:33:12,Nick A - Nistar#14127,Craig B - DraftHavoc#97754,2-0,,1,gg!,
6/24/2024 14:40:14,François R - Ayora#29960,Richard K - preacher26#59445,2-0,,1,,
6/24/2024 14:48:40,Lotte P - Lotte #93345,Alexandre GA - AGA#86404,2-0,,1,,
6/24/2024 15:05:32,Joe G - AardvarkKing #40712,Nadir C - Diddy#38922,2-0,,1,,
6/24/2024 15:09:44,François R - Ayora#29960,Lotte P - Lotte #93345,2-0,,1,,
6/24/2024 15:43:09,Paul G - TheDragon#61289,Alexandre GA - AGA#86404,2-0,,1,,
6/24/2024 15:53:54,Joaquin E - DiabolicMachine#23891,François R - Ayora#29960,2-1,,1,,
6/24/2024 15:53:58,Cody-Rayce MG - Rayce#56572,Alex O - NLP#02898,2-1,,1,ggs wp,
6/24/2024 16:52:07,François R - Ayora#29960,Nicholas K - Bionick#55161,2-0,,1,,
6/24/2024 17:06:14,Kyle C - AFKyle#29319,Alexandre GA - AGA#86404,2-1,,1,,
6/24/2024 17:28:08,Cody-Rayce MG - Rayce#56572,Nicholas K - Bionick#55161,2-0,,1,ggs wp,
6/24/2024 17:57:55,Nick A - Nistar#14127,Alexandre GA - AGA#86404,2-0,,1,,
6/24/2024 18:21:51,DeWitt K - SeethingOctopus#02129,Cody-Rayce MG - Rayce#56572,2-1,,1,ggs,
6/24/2024 18:39:59,Nick A - Nistar#14127,Tom M - TomSoniQ#28649,2-1,,1,,
6/24/2024 18:48:50,Evan C - PeasOfCrab#00133,DeWitt K - SeethingOctopus#02129,2-0,,1,,
6/24/2024 19:14:10,Ryan M - rrrn22#32842,Alexandre GA - AGA#86404,2-1,,1,,
6/24/2024 19:21:55,DeWitt K - SeethingOctopus#02129,Johnny M - Johnny#69519,2-0,,1,ggs!,
6/24/2024 19:51:12,Evan C - PeasOfCrab#00133,Blake R - Trogdorr#20061,2-0,,1,,
6/24/2024 19:58:55,Jack H - Rakic#98298,Adam S - wizma#29010,2-1,,1,One of the best games I've ever played... Great Games,
6/24/2024 20:52:22,Edgar A - PlayfulTerror#04926,Ryan D - TheSlickness#10857,2-1,,1,ggs,
6/24/2024 20:53:33,Kyle C - AFKyle#29319,Nick W - Wheelo#89557,2-1,,1,,
6/24/2024 20:55:33,Joaquin E - DiabolicMachine#23891,Kevin I - kni1993#29285,2-0,,1,,
6/24/2024 22:04:15,Nik S - njsiii#50504,Paul S - YungChunk#45977,2-1,,1,,
6/24/2024 22:13:02,Daniel G - FriskyHobbit#43185,DeWitt K - SeethingOctopus#02129,2-0,,1,,
6/24/2024 22:28:25,Zack H - HackZolt#31077,Preston B - Vorbis#46420,2-0,,1,"GG, fun first feature match!",
6/24/2024 22:40:28,Evan C - PeasOfCrab#00133,Sawyer T - soyboy#35469,2-1,,1,,
6/24/2024 22:51:28,DeWitt K - SeethingOctopus#02129,Paul S - YungChunk#45977,2-1,,1,,
6/24/2024 22:52:55,Wei C - Azayaka#83352,Aaron A - Eclipse2470#03650,2-1,,1,,
6/24/2024 22:55:17,Chris O - Chriso91#46230,Jon B - Jbuckeye#49321,2-0,,1,,
6/24/2024 22:58:44,Aaron B - Bevelman#18220,Matt F - MadeMyBus#92429,2-0,,1,,
6/24/2024 23:38:24,Wei C - Azayaka#83352,Johnny M - Johnny#69519,2-1,,1,,
6/24/2024 23:55:43,Matt F - MadeMyBus#92429,Evan C - PeasOfCrab#00133,2-1,,1,,
6/25/2024 0:23:39,Cody-Rayce MG - Rayce#56572,Kyle C - AFKyle#29319,2-0,,1,ggs,
6/25/2024 0:45:10,Matt F - MadeMyBus#92429,Matt K - KirbyKong#37457,2-1,,1,,
6/25/2024 0:54:55,Cody-Rayce MG - Rayce#56572,Nick W - Wheelo#89557,2-0,,1,ggs mulligans :(,
6/25/2024 10:22:10,Nik S - njsiii#50504,Jordan M - JMTron#46639,2-0,,1,,
6/25/2024 10:46:22,Dirk E - BegginBlue#16667,Cyril C - knightt76#92032,2-0,,1,Good games,
6/25/2024 11:06:07,Craig B - DraftHavoc#97754,Duncan M - RobRoyDuncan#16652,2-1,,1,,
6/25/2024 11:28:11,James T - RevisedIsland#19780,Jordan M - JMTron#46639,2-1,,1,GG,
6/25/2024 12:47:53,Nick A - Nistar#14127,Matthias H - Rezreh#11308,2-0,,1,,
6/25/2024 13:20:58,Chris O - Chriso91#46230,Matthias H - Rezreh#11308,2-1,,1,,
6/25/2024 13:45:54,Jordan M - JMTron#46639,Lotte P - Lotte #93345,2-1,,1,,
6/25/2024 14:12:46,Duncan M - RobRoyDuncan#16652,Matthias H - Rezreh#11308,2-1,,1,,
6/25/2024 14:34:49,Daniel G - FriskyHobbit#43185,Nik S - njsiii#50504,2-0,,1,,
6/25/2024 15:06:54,Nik S - njsiii#50504,Justin P - Code Pigeon#84057,2-1,,1,,
6/25/2024 15:25:39,Daniel G - FriskyHobbit#43185,Nadir C - Diddy#38922,2-0,,1,,
6/25/2024 15:46:23,Joaquin E - DiabolicMachine#23891,Justin P - Code Pigeon#84057,2-1,,1,,
6/25/2024 16:18:57,Shuo L - Tamamo#30654,Jordan M - JMTron#46639,2-0,,1,,
6/25/2024 16:25:57,Kyle C - AFKyle#29319,Craig B - DraftHavoc#97754,2-1,,1,,
6/25/2024 16:31:15,Richard K - preacher26#59445,Justin P - Code Pigeon#84057,2-1,,1,,
6/25/2024 16:35:10,Ryan M - rrrn22#32842,Christian L - xXAlpineXx#54284,2-0,,1,,
6/25/2024 17:21:47,Shuo L - Tamamo#30654,Ryan M - rrrn22#32842,2-1,,1,,
6/25/2024 17:23:28,Dan H - dan12456#37617,Christian L - xXAlpineXx#54284,2-0,,1,,
6/25/2024 17:38:58,Justin P - Code Pigeon#84057,Max B - baymillionaire#63544,2-0,,1,,
6/25/2024 17:49:21,Dan H - dan12456#37617,Matthias H - Rezreh#11308,2-0,,1,,
6/25/2024 18:26:13,Dan H - dan12456#37617,Mike V - Lostinthewarp#09717,2-1,,1,,
6/25/2024 19:19:19,Jordan M - JMTron#46639,Justin P - Code Pigeon#84057,2-0,,1,,
6/25/2024 19:41:32,Maranda L - BlackCanary#59791,Edgar A - PlayfulTerror#04926,2-1,,1,,
6/25/2024 20:18:11,Thomas C - jamberine#68248,Jordan M - JMTron#46639,2-0,,1,,
6/25/2024 21:16:49,Zach L - Redwood#12970,Dan A - BEATDOWNBRINGA#04779,2-1,,1,,
6/25/2024 21:22:44,Jordan M - JMTron#46639,Nick W - Wheelo#89557,2-0,,1,,
6/25/2024 21:32:06,Mitchel S - SpaghettiMitch#18619,Ryan D - TheSlickness#10857,2-1,,1,,
6/25/2024 21:40:48,James M - Sol_Ring#09384,James T - RevisedIsland#19780,2-1,,1,,
6/25/2024 22:12:23,Mitchel S - SpaghettiMitch#18619,Alex O - NLP#02898,2-1,,1,,
6/25/2024 22:14:36,Blake R - Trogdorr#20061,James T - RevisedIsland#19780,2-1,,1,,
6/25/2024 22:52:00,Aaron B - Bevelman#18220,Michael B - Monkeymage#12141,2-1,,1,GGs!,
6/25/2024 23:00:10,Christopher G - oompaloompa#65002,Maranda L - BlackCanary#59791,2-0,,1,,
6/26/2024 0:29:49,Patrick M - FullestJ#22936,Maranda L - BlackCanary#59791,2-1,,1,,
6/26/2024 1:07:57,Alex H - Merriman#08092,Patrick M - FullestJ#22936,2-0,,1,,
6/26/2024 2:34:02,Nick W - Wheelo#89557,Paul G - TheDragon#61289,2-0,,1,,
6/26/2024 8:43:52,Cédric L - Hota#65816,Evan C - PeasOfCrab#00133,2-1,,1,,
6/26/2024 9:14:56,Cédric L - Hota#65816,Dirk E - BegginBlue#16667,2-0,,1,,
6/26/2024 9:51:48,Tom M - TomSoniQ#28649,Cédric L - Hota#65816,2-1,,1,,
6/26/2024 10:18:55,Mike N - Gosu#85506,Cédric L - Hota#65816,2-0,,1,ggwp,
6/26/2024 10:59:15,Cédric L - Hota#65816,Matt K - KirbyKong#37457,2-0,,1,,
6/26/2024 11:27:21,Adam S - wizma#29010,Mike N - Gosu#85506,2-1,,1,Good games!,
6/26/2024 12:08:00,Joe T - elasticity#07466,Harry B - Midnight_0il#97781,2-0,,1,,
6/26/2024 12:40:05,Mike N - Gosu#85506,Harry B - Midnight_0il#97781,2-0,,1,ggwp,
6/26/2024 13:10:55,Mike N - Gosu#85506,Duncan M - RobRoyDuncan#16652,2-1,,1,ggwp,
6/26/2024 13:20:15,Harry B - Midnight_0il#97781,Avery JB - Averyoftheelves#92950,2-1,,1,,
6/26/2024 13:54:06,Daniel H - Cosmonaught#43147,Harry B - Midnight_0il#97781,2-1,,1,,
6/26/2024 14:17:14,Joe T - elasticity#07466,Mike V - Lostinthewarp#09717,2-1,,1,,
6/26/2024 15:29:17,Tony G - YnotRock#76764,Archie B - archiebaker#44712,2-1,,1,GGS!,
6/26/2024 15:48:55,Alex H - Merriman#08092,Paul G - TheDragon#61289,2-0,,1,,
6/26/2024 16:13:35,Joe T - elasticity#07466,Peter B - Celsius232#44031,2-0,,1,,
6/26/2024 16:24:38,Archie B - archiebaker#44712,Carlos V - ShuntStub#78198,2-1,,1,,
6/26/2024 17:27:52,Tony G - YnotRock#76764,Jondrion J - jondrion#40531,2-0,,1,,
6/26/2024 17:44:55,Miguel B - Ethereus#60108,James T - RevisedIsland#19780,2-1,,1,GGs! ,
6/26/2024 18:48:45,Isaak W - Belern#84813,Chris R - Sinkwater#27508,2-1,,1,GGs,
6/26/2024 19:35:57,Isaak W - Belern#84813,Aaron B - Bevelman#18220,2-1,,1,good games,
6/26/2024 19:58:11,Sylvain T - Iquitos#15484,Michael M - Atombomb11991#07305,2-1,,1,GGs,
6/26/2024 19:58:26,Daniel S - Obitus#54120,Caleb K - BlackEcho#09078,2-1,,1,ggs,
6/26/2024 20:21:20,Edgar A - PlayfulTerror#04926,Alex O - NLP#02898,2-1,,1,ggs,
6/26/2024 20:27:11,Joaquin E - DiabolicMachine#23891,Isaak W - Belern#84813,2-1,,1,,
6/26/2024 20:38:41,Christopher G - oompaloompa#65002,Caleb K - BlackEcho#09078,2-0,,1,,
6/26/2024 21:23:18,Dan A - BEATDOWNBRINGA#04779,Christopher G - oompaloompa#65002,2-0,,1,,
6/26/2024 22:18:00,Aaron A - Eclipse2470#03650,Peter B - Celsius232#44031,2-0,,1,GGs,
6/26/2024 22:33:20,Chris R - Sinkwater#27508,Joe T - elasticity#07466,2-0,,1,,
6/26/2024 22:40:15,Matt F - MadeMyBus#92429,Josh T - jathornton#23245,2-0,,1,,
6/26/2024 22:55:03,Michael B - Monkeymage#12141,Mitchel S - SpaghettiMitch#18619,2-0,,1,,
6/26/2024 23:01:21,Ryan D - TheSlickness#10857,Josh T - jathornton#23245,2-0,,1,,
6/26/2024 23:18:49,Michael B - Monkeymage#12141,Matt F - MadeMyBus#92429,2-0,,1,,
6/26/2024 23:32:07,Joe T - elasticity#07466,Ryan D - TheSlickness#10857,2-0,,1,,
6/26/2024 23:50:31,Avery JB - Averyoftheelves#92950,Blake R - Trogdorr#20061,2-1,,1,Damn close final game. GGs!,
6/26/2024 23:55:08,Miguel B - Ethereus#60108,James M - Sol_Ring#09384,2-0,,1,GGs!,
6/27/2024 0:24:53,Miguel B - Ethereus#60108,Paul S - YungChunk#45977,2-0,,1,GGs! ,
6/27/2024 1:30:45,Paul S - YungChunk#45977,Zach L - Redwood#12970,2-1,,1,,
6/27/2024 11:00:35,Dan A - BEATDOWNBRINGA#04779,Adam S - wizma#29010,2-0,,1,,
6/27/2024 11:09:26,Avery JB - Averyoftheelves#92950,Max B - baymillionaire#63544,2-1,,1,love you max,
6/27/2024 11:42:48,Nik S - njsiii#50504,Zach L - Redwood#12970,2-1,,1,,
6/27/2024 11:50:19,Duncan M - RobRoyDuncan#16652,Alex S - Nicol Bolas#02755,2-0,,1,,
6/27/2024 12:16:56,Jeremy E - Lhurgoyf#37289,Mike V - Lostinthewarp#09717,2-1,,1,,
6/27/2024 15:10:26,Mike V - Lostinthewarp#09717,Tom M - TomSoniQ#28649,2-1,,1,,
6/27/2024 15:52:34,Alex O - NLP#02898,Thijn H - Thi-Jin#83537,2-1,,1,very close!,
6/27/2024 16:02:59,Christian L - xXAlpineXx#54284,Peter B - Celsius232#44031,2-1,,1,,
6/27/2024 16:18:04,Alex O - NLP#02898,Christian L - xXAlpineXx#54284,2-0,,1,rough last game with mana :(,
6/27/2024 16:29:47,Thijn H - Thi-Jin#83537,Mike V - Lostinthewarp#09717,2-1,,1,,
6/27/2024 16:59:15,Matt F - MadeMyBus#92429,Joseph H - Sexcellence#51112,2-1,,1,,
6/27/2024 17:29:25,Mike V - Lostinthewarp#09717,Matt K - KirbyKong#37457,2-0,,1,,
6/27/2024 17:31:11,Zach L - Redwood#12970,Thijn H - Thi-Jin#83537,2-0,,1,,
6/27/2024 17:37:49,Jondrion J - jondrion#40531,Archie B - archiebaker#44712,2-1,,1,,
6/27/2024 18:25:04,Ryan M - rrrn22#32842,Matt K - KirbyKong#37457,2-0,,1,,
6/27/2024 18:53:54,Sylvain T - Iquitos#15484,Ryan M - rrrn22#32842,2-0,,1,,
6/27/2024 19:19:58,Sylvain T - Iquitos#15484,Daniel M - HPWizard#40332,2-1,,1,,
6/27/2024 20:01:07,Paul S - YungChunk#45977,Sylvain T - Iquitos#15484,2-0,,1,ggs,
6/27/2024 20:28:33,Dan A - BEATDOWNBRINGA#04779,Daniel M - HPWizard#40332,2-0,,1,,
6/27/2024 20:49:38,Jo H - JoCool#84350,Enrique O - Caex#39549,2-1,,1,,
6/27/2024 21:08:21,Dan A - BEATDOWNBRINGA#04779,Marley L - BeautyAndTheGitrog#98732,2-1,,1,,
6/27/2024 21:10:49,Daniel M - HPWizard#40332,James T - RevisedIsland#19780,2-1,,1,,
6/27/2024 21:23:12,Christopher G - oompaloompa#65002,Michael M - Atombomb11991#07305,2-1,,1,,
6/27/2024 22:11:23,Enrique O - Caex#39549,James T - RevisedIsland#19780,2-1,,1,,
6/27/2024 23:06:21,Sawyer T - soyboy#35469,Josh T - jathornton#23245,2-0,,1,,
6/27/2024 23:18:31,Aaron A - Eclipse2470#03650,Andrew M - Robespierre#01976,2-0,,1,GGs,
6/27/2024 23:35:13,Joseph H - Sexcellence#51112,Paul S - YungChunk#45977,2-1,,1,,
6/27/2024 23:59:06,Daniel M - HPWizard#40332,Joseph H - Sexcellence#51112,2-1,,1,,
6/28/2024 0:08:39,Andrew M - Robespierre#01976,Caleb K - BlackEcho#09078,2-0,,1,,
6/28/2024 0:44:23,Daniel M - HPWizard#40332,Andrew M - Robespierre#01976,2-0,,1,,
6/28/2024 0:52:25,Caleb K - BlackEcho#09078,James M - Sol_Ring#09384,2-1,,1,ggs,
6/28/2024 0:56:25,Daniel G - FriskyHobbit#43185,Enrique O - Caex#39549,2-0,,1,,
6/28/2024 9:54:25,Jondrion J - jondrion#40531,Dirk E - BegginBlue#16667,2-0,,1,,
6/28/2024 10:30:42,Carlos V - ShuntStub#78198,Michael M - Atombomb11991#07305,2-1,,1,ggs,
6/28/2024 10:52:48,Jethro J - bigxjulius#88849,Philip B - Plipster#75000,2-0,,1,,
6/28/2024 11:23:07,Max B - baymillionaire#63544,Archie B - archiebaker#44712,2-1,,1,,
6/28/2024 11:42:01,Duncan M - RobRoyDuncan#16652,Jondrion J - jondrion#40531,2-0,,1,,
6/28/2024 11:53:26,Adam S - wizma#29010,Avery JB - Averyoftheelves#92950,2-0,,1,Good games!,
6/28/2024 12:07:41,Peter B - Celsius232#44031,Mike V - Lostinthewarp#09717,2-1,,1,,
6/28/2024 12:27:51,Johnny M - Johnny#69519,Archie B - archiebaker#44712,2-1,,1,,
6/28/2024 12:45:38,Alex S - Nicol Bolas#02755,Curtis K - Oblivion#40925,2-0,,1,,
6/28/2024 13:00:22,Enrique O - Caex#39549,Josh T - jathornton#23245,2-0,,1,,
6/28/2024 13:06:48,Alex S - Nicol Bolas#02755,Archie B - archiebaker#44712,2-0,,1,,
6/28/2024 13:53:45,Richard K - preacher26#59445,Philip B - Plipster#75000,2-1,,1,,
6/28/2024 14:36:54,Philip B - Plipster#75000,Daniel H - Cosmonaught#43147,2-1,,1,,
6/28/2024 14:43:38,Johnny M - Johnny#69519,Zack H - HackZolt#31077,2-0,,1,,
6/28/2024 15:06:24,Zeke W - smarmyplatapus#30066,Daniel S - Obitus#54120,2-0,,1,,
6/28/2024 15:23:04,Zack H - HackZolt#31077,Zeke W - smarmyplatapus#30066,2-0,,1,GGs!,
6/28/2024 15:39:51,Zack H - HackZolt#31077,Quill M - Nocnoc#13791,2-0,,1,GGs!,
6/28/2024 16:05:23,Quill M - Nocnoc#13791,Josh T - jathornton#23245,2-1,,1,,
6/28/2024 16:06:55,Enrique O - Caex#39549,Felipe C - Khirgh#61921,2-1,,1,,
6/28/2024 16:29:52,Carlos V - ShuntStub#78198,Chris R - Sinkwater#27508,2-0,,1,GGs,
6/28/2024 16:34:10,Enrique O - Caex#39549,Michael M - Atombomb11991#07305,2-0,,1,,
6/28/2024 16:59:48,Chris R - Sinkwater#27508,Quill M - Nocnoc#13791,2-0,,1,,
6/28/2024 17:34:18,Paul G - TheDragon#61289,Ryan D - TheSlickness#10857,2-0,,1,,
6/28/2024 17:46:25,Nik S - njsiii#50504,Cody-Rayce MG - Rayce#56572,2-1,,1,,
6/28/2024 17:49:31,Thomas C - jamberine#68248,Jonathan R - MetalFingers#36803,2-0,,1,,
6/28/2024 18:15:07,Mike V - Lostinthewarp#09717,Sylvain T - Iquitos#15484,2-0,,1,,
6/28/2024 18:35:35,Thomas C - jamberine#68248,Ryan D - TheSlickness#10857,2-0,,1,,
6/28/2024 18:40:56,Quill M - Nocnoc#13791,Cody-Rayce MG - Rayce#56572,2-1,,1,,
6/28/2024 18:42:20,Nick A - Nistar#14127,Damon B - Nomad#43918,2-0,,1,,
6/28/2024 19:06:37,Nick A - Nistar#14127,Quill M - Nocnoc#13791,2-0,,1,,
6/28/2024 19:11:33,Thomas C - jamberine#68248,Sylvain T - Iquitos#15484,2-0,,1,,
6/28/2024 19:19:09,Jordan M - JMTron#46639,Wyatt C - hotdolphin#30769,2-0,,1,,
6/28/2024 19:32:15,Quill M - Nocnoc#13791,Thomas C - jamberine#68248,2-1,,1,,
6/28/2024 19:32:42,Nick A - Nistar#14127,Amir H - Shazam#02792,2-1,,1,,
6/28/2024 19:34:01,Jonathan R - MetalFingers#36803,Alexis M - Alexsfly#67052,2-1,,1,,
6/28/2024 19:55:41,Jordan M - JMTron#46639,Alexis M - Alexsfly#67052,2-0,,1,,
6/28/2024 20:07:29,Amir H - Shazam#02792,Jonathan R - MetalFingers#36803,2-0,,1,,
6/28/2024 20:15:27,Thomas C - jamberine#68248,Alex O - NLP#02898,2-1,,1,,
6/28/2024 20:47:39,Joaquin E - DiabolicMachine#23891,Amir H - Shazam#02792,2-0,,1,,
6/28/2024 20:53:56,Jordan M - JMTron#46639,James T - RevisedIsland#19780,2-1,,1,,
6/28/2024 21:06:11,Chris Y - Yorke on Games#66909,Alex O - NLP#02898,2-0,,1,GGs!,
6/28/2024 21:19:56,Jordan M - JMTron#46639,Zeke W - smarmyplatapus#30066,2-0,,1,,
6/28/2024 21:38:18,Zeke W - smarmyplatapus#30066,Wyatt C - hotdolphin#30769,2-0,,1,,
6/28/2024 22:03:11,Christopher G - oompaloompa#65002,Amir H - Shazam#02792,2-0,,1,,
6/28/2024 23:22:53,Evan L - Evan#97713,Wyatt C - hotdolphin#30769,2-1,,1,,
6/28/2024 23:36:28,Jordan M - JMTron#46639,Nik S - njsiii#50504,2-0,,1,,
6/28/2024 23:52:06,Amir H - Shazam#02792,Sawyer T - soyboy#35469,2-1,,1,,
6/29/2024 0:38:05,Sawyer T - soyboy#35469,Jonathan R - MetalFingers#36803,2-1,,1,,
6/29/2024 1:07:30,Jack H - Rakic#98298,James M - Sol_Ring#09384,2-1,,1,,
6/29/2024 1:24:27,Wei C - Azayaka#83352,Jonathan R - MetalFingers#36803,2-0,,1,,
6/29/2024 1:26:58,Evan L - Evan#97713,Shuo L - Tamamo#30654,2-1,,1,,
6/29/2024 2:21:50,Paul G - TheDragon#61289,Sawyer T - soyboy#35469,2-0,,1,,
6/29/2024 2:29:29,Jethro J - bigxjulius#88849,Chris Y - Yorke on Games#66909,2-0,,1,,
6/29/2024 4:20:24,Cody-Rayce MG - Rayce#56572,Zev G - Meep3278#19615,2-1,,1,ggs,
6/29/2024 5:46:17,Nick A - Nistar#14127,Oskar T - ossytubbi#87966,2-1,,1,Great games!,
6/29/2024 7:31:09,François R - Ayora#29960,Quill M - Nocnoc#13791,2-1,,1,,
6/29/2024 7:37:02,Nick A - Nistar#14127,Zach C - ZachCarr#31881,2-1,,1,ggs!,
6/29/2024 8:42:11,Zach C - ZachCarr#31881,Oskar T - ossytubbi#87966,2-1,,1,GGs,
6/29/2024 9:36:02,Jethro J - bigxjulius#88849,Alexis M - Alexsfly#67052,2-0,,1,,
6/29/2024 10:23:43,Quill M - Nocnoc#13791,Oskar T - ossytubbi#87966,2-1,,1,,
6/29/2024 10:48:53,Curtis K - Oblivion#40925,Quill M - Nocnoc#13791,2-0,,1,,
6/29/2024 11:17:28,Chris Y - Yorke on Games#66909,Ron C - Lennor#52740,2-1,,1,Whalezz,
6/29/2024 11:17:59,Joaquin E - DiabolicMachine#23891,Jo H - JoCool#84350,2-1,,1,,
6/29/2024 11:49:34,Jo H - JoCool#84350,Chris Y - Yorke on Games#66909,2-0,,1,,
6/29/2024 11:55:03,Curtis K - Oblivion#40925,Chris S - shipleycgm#89474,2-1,,1,,
6/29/2024 12:02:44,Johnny M - Johnny#69519,Julian K - Citizen_Snippies#31245,2-0,,1,,
6/29/2024 12:17:14,Nicholas K - Bionick#55161,Dan A - BEATDOWNBRINGA#04779,2-0,,1,,
6/29/2024 12:26:45,Jo H - JoCool#84350,Johnny M - Johnny#69519,2-1,,1,,
6/29/2024 12:46:56,Nicholas K - Bionick#55161,Curtis K - Oblivion#40925,2-1,,1,,
6/29/2024 13:08:55,Jack H - Rakic#98298,Dan A - BEATDOWNBRINGA#04779,2-0,,1,,
6/29/2024 13:16:55,Richard K - preacher26#59445,James M - Sol_Ring#09384,2-1,,1,,
6/29/2024 13:21:40,Johnny M - Johnny#69519,Curtis K - Oblivion#40925,2-1,,1,,
6/29/2024 13:38:54,Dan A - BEATDOWNBRINGA#04779,Wyatt C - hotdolphin#30769,2-0,,1,,
6/29/2024 14:04:41,Cody-Rayce MG - Rayce#56572,Wyatt C - hotdolphin#30769,2-1,,1,gg wp,
6/29/2024 14:06:36,Johnny M - Johnny#69519,Shuo L - Tamamo#30654,2-0,,1,,
6/29/2024 14:26:06,Dan A - BEATDOWNBRINGA#04779,Curtis K - Oblivion#40925,2-1,,1,,
6/29/2024 14:41:45,Shuo L - Tamamo#30654,Cody-Rayce MG - Rayce#56572,2-0,,1,,
6/29/2024 15:01:24,Evan L - Evan#97713,Caleb G - Whynaut#28590,2-1,,,,
6/29/2024 15:01:26,Bob P - HIT#08120,Zev G - Meep3278#19615,2-1,,1,ggs,
6/29/2024 15:27:00,Michael B - Monkeymage#12141,Shuo L - Tamamo#30654,2-1,,1,,
6/29/2024 15:47:07,Bob P - HIT#08120,Lotte P - Lotte #93345,2-0,,1,ggs!,
6/29/2024 15:50:03,Caleb G - Whynaut#28590,François R - Ayora#29960,2-0,,1,,
6/29/2024 16:03:01,Michael B - Monkeymage#12141,Jack H - Rakic#98298,2-0,,1,,
6/29/2024 16:24:14,François R - Ayora#29960,Michael B - Monkeymage#12141,2-0,,1,,
6/29/2024 16:26:48,Caleb G - Whynaut#28590,Matthew G - Wolfeye#03170,2-1,,1,,
6/29/2024 16:38:06,Michael M - Atombomb11991#07305,Jack H - Rakic#98298,2-1,,1,,
6/29/2024 16:41:46,Nadir C - Diddy#38922,Nicholas K - Bionick#55161,2-1,,1,ggs,
6/29/2024 17:00:12,Michael B - Monkeymage#12141,Evan L - Evan#97713,2-0,,1,,
6/29/2024 17:01:02,Damon B - Nomad#43918,François R - Ayora#29960,2-0,,1,,
6/29/2024 17:23:41,Nadir C - Diddy#38922,Michael M - Atombomb11991#07305,2-1,,1,ggs,
6/29/2024 17:25:40,Johnny M - Johnny#69519,John P - gokuorgohome#51511,2-1,,1,,
6/29/2024 17:38:52,Jo H - JoCool#84350,Dan A - BEATDOWNBRINGA#04779,2-0,,1,,
6/29/2024 18:49:25,Preston B - Vorbis#46420,Sylvain T - Iquitos#15484,2-0,,1,,
6/29/2024 18:56:43,Nicholas K - Bionick#55161,Zeke W - smarmyplatapus#30066,2-1,,1,,
6/29/2024 19:27:27,Zev G - Meep3278#19615,Nicholas K - Bionick#55161,2-1,,1,,
6/29/2024 20:01:12,Matthew G - Wolfeye#03170,Bob P - HIT#08120,2-0,,1,ggs,
6/29/2024 20:53:31,Daniel G - FriskyHobbit#43185,Alexis M - Alexsfly#67052,2-1,,1,,
6/29/2024 20:59:07,James Mc - Fireball#69952,Joaquin E - DiabolicMachine#23891,2-1,,1,,
6/29/2024 21:57:36,Bob P - HIT#08120,Wei C - Azayaka#83352,2-0,,1,,
6/29/2024 23:08:25,Bob P - HIT#08120,Zach L - Redwood#12970,2-1,,1,,
6/29/2024 23:15:22,Daniel G - FriskyHobbit#43185,Caleb G - Whynaut#28590,2-0,,1,,
6/30/2024 1:39:22,Michael M - Atombomb11991#07305,Patrick M - FullestJ#22936,2-1,,1,,
6/30/2024 2:26:59,Patrick M - FullestJ#22936,Jethro J - bigxjulius#88849,2-1,,1,,
6/30/2024 2:53:03,Patrick M - FullestJ#22936,Oskar T - ossytubbi#87966,2-0,,1,,
6/30/2024 4:18:06,Oskar T - ossytubbi#87966,Jethro J - bigxjulius#88849,2-1,,1,,
6/30/2024 8:11:50,Chris R - Sinkwater#27508,Jethro J - bigxjulius#88849,2-0,,1,,
6/30/2024 9:10:15,Chris R - Sinkwater#27508,Patrick M - FullestJ#22936,2-1,,1,,
6/30/2024 10:32:33,John P - gokuorgohome#51511,Gabe P - GLP#6825,2-0,,1,,
6/30/2024 12:09:15,James Mc - Fireball#69952,John P - gokuorgohome#51511,2-0,,1,,
6/30/2024 12:51:57,Alex H - Merriman#08092,Adam S - wizma#29010,2-1,,1,Good game (previous match report was incorrect),
6/30/2024 13:16:38,Kevin I - kni1993#29285,Zack H - HackZolt#31077,2-1,,1,,
6/30/2024 13:29:30,Alex O - NLP#02898,Quill M - Nocnoc#13791,2-0,,1,fun games!,
6/30/2024 13:39:36,James Mc - Fireball#69952,Chris R - Sinkwater#27508,2-1,,1,,
6/30/2024 14:24:29,Gabe P - GLP#6825,Philip B - Plipster#75000,2-1,,1,,
6/30/2024 14:52:31,Philip B - Plipster#75000,Alex H - Merriman#08092,2-0,,1,,
6/30/2024 15:19:29,Caleb G - Whynaut#28590,Zeke W - smarmyplatapus#30066,2-1,,1,,
6/30/2024 15:22:49,Alexis M - Alexsfly#67052,Zack H - HackZolt#31077,2-1,,1,,
6/30/2024 15:43:36,Paul G - TheDragon#61289,Michael M - Atombomb11991#07305,2-0,,1,,
6/30/2024 16:06:47,Mitchel S - SpaghettiMitch#18619,Shuo L - Tamamo#30654,2-0,,1,,
6/30/2024 16:28:53,Paul G - TheDragon#61289,Ron C - Lennor#52740,2-0,,1,,
6/30/2024 17:00:17,Curtis K - Oblivion#40925,Lotte P - Lotte #93345,2-1,,1,,
6/30/2024 17:23:13,Jack H - Rakic#98298,Zev G - Meep3278#19615,2-1,,1,,
6/30/2024 17:37:35,James Mc - Fireball#69952,Isaak W - Belern#84813,2-0,,1,,
6/30/2024 17:38:59,Michael M - Atombomb11991#07305,Philip B - Plipster#75000,2-0,,1,,
6/30/2024 17:40:50,Damon B - Nomad#43918,Kyle C - AFKyle#29319,2-1,,1,,
6/30/2024 18:00:58,Philip B - Plipster#75000,Zev G - Meep3278#19615,2-0,,1,,
6/30/2024 18:10:31,Avery JB - Averyoftheelves#92950,Julian K - Citizen_Snippies#31245,2-1,,1,ggs! mirror match,
6/30/2024 18:30:23,Isaak W - Belern#84813,Kyle C - AFKyle#29319,2-1,,1,Ggs,
6/30/2024 19:11:47,Alex H - Merriman#08092,Julian K - Citizen_Snippies#31245,2-1,,1,,
6/30/2024 19:28:53,Zack H - HackZolt#31077,Nick W - Wheelo#89557,2-0,,1,GGs,
6/30/2024 20:03:14,Julian K - Citizen_Snippies#31245,Nick W - Wheelo#89557,2-0,,1,,
6/30/2024 20:38:30,Max B - baymillionaire#63544,Avery JB - Averyoftheelves#92950,2-1,,1,,
6/30/2024 21:01:33,Nick W - Wheelo#89557,Matt F - MadeMyBus#92429,2-1,,1,,
6/30/2024 21:21:42,Michael B - Monkeymage#12141,Chris O - Chriso91#46230,2-0,,1,,
6/30/2024 21:30:30,Philip B - Plipster#75000,Miguel B - Ethereus#60108,2-0,,1,,
6/30/2024 22:35:59,Matt F - MadeMyBus#92429,Isaak W - Belern#84813,2-1,,1,,
6/30/2024 23:01:26,Caleb K - BlackEcho#09078,Aaron B - Bevelman#18220,2-0,,1,ggs,
6/30/2024 23:08:54,Zack H - HackZolt#31077,Matt F - MadeMyBus#92429,2-1,,1,"GG, sorry autptapper got you :( ",
6/30/2024 23:26:49,Chris O - Chriso91#46230,Philip B - Plipster#75000,2-1,,1,,
6/30/2024 23:26:59,Miguel B - Ethereus#60108,Mitchel S - SpaghettiMitch#18619,2-1,,1,GGs!,
6/30/2024 23:54:17,Christopher G - oompaloompa#65002,Caleb K - BlackEcho#09078,2-1,,1,,
7/1/2024 0:52:42,Alex H - Merriman#08092,Mitchel S - SpaghettiMitch#18619,2-1,,1,Emrakul vs goyfs,
7/1/2024 10:30:37,John P - gokuorgohome#51511,Alex H - Merriman#08092,2-1,,1,,
7/1/2024 11:44:49,Dan H - dan12456#37617,Gabe P - GLP#6825,2-1,,1,,
7/1/2024 12:35:10,Nik S - njsiii#50504,Richard K - preacher26#59445,2-1,,1,,
7/1/2024 14:19:09,Philip B - Plipster#75000,Daniel G - FriskyHobbit#43185,2-1,,1,,
7/1/2024 15:08:37,Matthias H - Rezreh#11308,Mike V - Lostinthewarp#09717,2-1,,1,,
7/1/2024 15:32:12,Avery JB - Averyoftheelves#92950,Christopher S - Stemz#96067,2-0,,1,ggs,
7/1/2024 15:38:54,François R - Ayora#29960,Gabe P - GLP#6825,2-1,,1,,
7/1/2024 15:43:39,Tom M - TomSoniQ#28649,Nadir C - Diddy#38922,2-0,,1,,
7/1/2024 17:30:33,Damon B - Nomad#43918,Matt K - KirbyKong#37457,2-1,,1,,
7/1/2024 17:52:00,Craig B - DraftHavoc#97754,Sawyer T - soyboy#35469,2-1,,1,,
7/1/2024 18:03:49,Christopher S - Stemz#96067,Isaak W - Belern#84813,2-0,,1,gg,
7/1/2024 18:44:57,Kevin I - kni1993#29285,Evan C - PeasOfCrab#00133,2-1,,1,,
7/1/2024 18:52:43,Daniel G - FriskyHobbit#43185,Alex O - NLP#02898,2-0,,1,,
7/1/2024 18:53:18,Chris R - Sinkwater#27508,Matt K - KirbyKong#37457,2-1,,1,,
7/1/2024 19:36:24,Evan C - PeasOfCrab#00133,Tony G - YnotRock#76764,2-0,,1,,
7/1/2024 19:51:44,Chris Y - Yorke on Games#66909,Edgar A - PlayfulTerror#04926,2-0,,1,W3 getting there!,
7/1/2024 19:53:55,Wei C - Azayaka#83352,Matt K - KirbyKong#37457,2-0,,1,,
7/1/2024 20:01:10,Daniel G - FriskyHobbit#43185,Aaron A - Eclipse2470#03650,2-1,,1,,
7/1/2024 20:06:51,Evan C - PeasOfCrab#00133,Wei C - Azayaka#83352,2-0,,1,,
7/1/2024 20:28:19,Evan C - PeasOfCrab#00133,Edgar A - PlayfulTerror#04926,2-1,,1,,
7/1/2024 21:09:24,Christopher G - oompaloompa#65002,Miguel B - Ethereus#60108,2-1,,1,,
7/1/2024 21:12:45,Preston B - Vorbis#46420,Tony G - YnotRock#76764,2-0,,1,,
7/1/2024 21:54:02,Wei C - Azayaka#83352,Tony G - YnotRock#76764,2-1,,1,,
7/1/2024 21:59:37,Evan C - PeasOfCrab#00133,Miguel B - Ethereus#60108,2-0,,1,,
7/1/2024 22:36:17,Miguel B - Ethereus#60108,Tony G - YnotRock#76764,2-1,,1,GGs!,
7/1/2024 22:48:07,Dan H - dan12456#37617,Joseph H - Sexcellence#51112,2-0,,1,,
7/2/2024 0:21:00,Matt F - MadeMyBus#92429,Kyle C - AFKyle#29319,2-0,,1,,
7/2/2024 0:59:29,Nik S - njsiii#50504,Jeremy E - Lhurgoyf#37289,2-0,,1,,
7/2/2024 11:25:28,Dan H - dan12456#37617,Richard K - preacher26#59445,2-0,,1,,
7/2/2024 12:04:15,Matthias H - Rezreh#11308,Nik S - njsiii#50504,2-1,,1,,
7/2/2024 12:17:51,Peter B - Celsius232#44031,Craig B - DraftHavoc#97754,2-0,,1,,
7/2/2024 13:24:06,Zach L - Redwood#12970,Peter B - Celsius232#44031,2-1,,1,,
7/2/2024 14:09:56,John P - gokuorgohome#51511,Zach L - Redwood#12970,2-1,,1,,
7/2/2024 14:14:23,Ryan M - rrrn22#32842,Peter B - Celsius232#44031,2-0,,1,,
7/2/2024 14:56:01,Tom M - TomSoniQ#28649,Ryan M - rrrn22#32842,2-0,,1,,
7/2/2024 15:51:34,Kevin I - kni1993#29285,Paul G - TheDragon#61289,2-1,,1,,
7/2/2024 16:00:21,Emmett F - Sepulchure#51526,Ryan M - rrrn22#32842,2-1,,1,,
7/2/2024 16:23:28,Peter B - Celsius232#44031,Christian L - xXAlpineXx#54284,2-0,,1,,
7/2/2024 16:42:45,Kevin I - kni1993#29285,Dan H - dan12456#37617,2-0,,1,,
7/2/2024 17:53:33,Kyle C - AFKyle#29319,Christian L - xXAlpineXx#54284,2-1,,1,,
7/2/2024 18:35:10,Chris S - shipleycgm#89474,Christian L - xXAlpineXx#54284,2-0,,1,,
7/2/2024 18:45:39,Dan H - dan12456#37617,Kyle C - AFKyle#29319,2-0,,1,,
7/2/2024 19:52:20,Nick W - Wheelo#89557,Chris S - shipleycgm#89474,2-1,,1,,
7/2/2024 20:14:00,Chris R - Sinkwater#27508,Edgar A - PlayfulTerror#04926,2-1,,1,,
7/2/2024 20:44:52,DeWitt K - SeethingOctopus#02129,Nick W - Wheelo#89557,2-0,,1,ggs!,
7/2/2024 21:10:57,Aaron B - Bevelman#18220,DeWitt K - SeethingOctopus#02129,2-0,,1,,
7/2/2024 22:01:55,Emmett F - Sepulchure#51526,Evan L - Evan#97713,2-1,,1,,
7/2/2024 22:10:04,Daniel M - HPWizard#40332,Isaak W - Belern#84813,2-1,,1,,
7/2/2024 22:11:48,Tony G - YnotRock#76764,DeWitt K - SeethingOctopus#02129,2-1,,1,,
7/2/2024 23:05:12,Avery JB - Averyoftheelves#92950,Caleb K - BlackEcho#09078,2-0,,1,Ggs!,
7/2/2024 23:07:55,Mike N - Gosu#85506,Emmett F - Sepulchure#51526,2-1,,1,ggwp,
7/2/2024 23:41:30,Sawyer T - soyboy#35469,Mitchel S - SpaghettiMitch#18619,2-0,,1,,
7/2/2024 23:58:04,Emmett F - Sepulchure#51526,Julian K - Citizen_Snippies#31245,2-1,,1,,
7/3/2024 0:41:05,Steve T - strout#45062,Avery JB - Averyoftheelves#92950,2-1,,1,GGs!,
7/3/2024 1:16:18,Emmett F - Sepulchure#51526,Steve T - strout#45062,2-1,,1,,
7/3/2024 1:17:53,Sawyer T - soyboy#35469,Andrew M - Robespierre#01976,2-1,,1,,
7/3/2024 4:55:35,Andrew M - Robespierre#01976,Aaron A - Eclipse2470#03650,2-0,,1,,
7/3/2024 9:20:09,Cédric L - Hota#65816,Dirk E - BegginBlue#16667,2-1,,1,,
7/3/2024 10:58:42,Ryan M - rrrn22#32842,Cédric L - Hota#65816,2-0,,1,,
7/3/2024 11:30:37,Duncan M - RobRoyDuncan#16652,Cédric L - Hota#65816,2-0,,1,,
7/3/2024 12:06:35,Archie B - archiebaker#44712,Cédric L - Hota#65816,2-0,,1,,
7/3/2024 12:29:05,Harry B - Midnight_0il#97781,Chris O - Chriso91#46230,2-1,,1,,
7/3/2024 13:00:26,Duncan M - RobRoyDuncan#16652,Harry B - Midnight_0il#97781,2-0,,1,,
7/3/2024 13:07:15,Chris O - Chriso91#46230,Ryan M - rrrn22#32842,2-0,,1,,
7/3/2024 13:24:29,Cédric L - Hota#65816,Damon B - Nomad#43918,2-1,,1,,
7/3/2024 14:04:33,James T - RevisedIsland#19780,Ryan D - TheSlickness#10857,2-0,,1,,
7/3/2024 14:46:28,Wesley C - GigaVoltaic#11782,Craig B - DraftHavoc#97754,2-1,,1,,
7/3/2024 14:54:28,Steve T - strout#45062,Sawyer T - soyboy#35469,2-0,,1,GGs!,
7/3/2024 15:09:28,DeWitt K - SeethingOctopus#02129,Peter B - Celsius232#44031,2-0,,1,ggs,
7/3/2024 15:22:13,Matthias H - Rezreh#11308,Craig B - DraftHavoc#97754,2-1,,1,,
7/3/2024 15:40:18,Jeremy E - Lhurgoyf#37289,DeWitt K - SeethingOctopus#02129,2-0,,1,,
7/3/2024 16:10:41,Jo H - JoCool#84350,Craig B - DraftHavoc#97754,2-0,,1,,
7/3/2024 16:52:36,Nadir C - Diddy#38922,Archie B - archiebaker#44712,2-0,,1,ggs!,
7/3/2024 17:16:46,Aaron B - Bevelman#18220,Matthias H - Rezreh#11308,2-1,,1,ggs,
7/3/2024 18:06:09,Archie B - archiebaker#44712,Sylvain T - Iquitos#15484,2-0,,1,,
7/3/2024 19:39:53,Preston B - Vorbis#46420,James T - RevisedIsland#19780,2-0,,1,,
7/3/2024 19:56:36,Aaron B - Bevelman#18220,Kevin I - kni1993#29285,2-0,,1,,
7/3/2024 20:44:31,Max B - baymillionaire#63544,Joseph H - Sexcellence#51112,2-1,,1,,
7/3/2024 20:53:20,Chris O - Chriso91#46230,Jeremy E - Lhurgoyf#37289,2-1,,1,,
7/3/2024 21:32:14,Zach C - ZachCarr#31881,Max B - baymillionaire#63544,2-1,,1,GGs,
7/3/2024 21:44:27,Joe T - elasticity#07466,Maranda L - BlackCanary#59791,2-1,,1,,
7/3/2024 22:23:10,James Mc - Fireball#69952,Daniel M - HPWizard#40332,2-0,,1,,
7/3/2024 23:30:36,James Mc - Fireball#69952,Aaron B - Bevelman#18220,2-1,,1,,
7/3/2024 23:41:38,Steve T - strout#45062,Josh T - jathornton#23245,2-0,,1,GGs!,
7/3/2024 23:43:37,Maranda L - BlackCanary#59791,Christopher S - Stemz#96067,2-1,,1,,
7/4/2024 0:11:42,Steve T - strout#45062,Zack H - HackZolt#31077,2-1,,1,GGs!,
7/4/2024 0:52:08,Steve T - strout#45062,Jeremy E - Lhurgoyf#37289,2-1,,1,GGs!,
7/4/2024 1:46:15,Steve T - strout#45062,Zeke W - smarmyplatapus#30066,2-1,,1,GGs!,
7/4/2024 10:22:58,Richard K - preacher26#59445,Mike N - Gosu#85506,2-0,,1,,
7/4/2024 11:01:52,Mike N - Gosu#85506,Enrique O - Caex#39549,2-1,,1,ggwp,
7/4/2024 11:45:33,Matthew G - Wolfeye#03170,Daniel M - HPWizard#40332,2-1,,1,ggs,
7/4/2024 12:24:51,Jeremy E - Lhurgoyf#37289,Adam S - wizma#29010,2-1,,1,,
7/4/2024 12:49:19,Tom M - TomSoniQ#28649,Matthew G - Wolfeye#03170,2-1,,1,,
7/4/2024 13:23:37,Matthew G - Wolfeye#03170,Thijn H - Thi-Jin#83537,2-1,,1,ggs,
7/4/2024 13:55:19,Thijn H - Thi-Jin#83537,Enrique O - Caex#39549,2-0,,1,,
7/4/2024 14:15:26,Richard K - preacher26#59445,Julian K - Citizen_Snippies#31245,2-0,,1,,
7/4/2024 14:28:02,Jeremy E - Lhurgoyf#37289,Duncan M - RobRoyDuncan#16652,2-1,,1,great games Duncan!,
7/4/2024 14:31:23,Chris D - Stereolab#37691,Tom M - TomSoniQ#28649,2-1,,1,,
7/4/2024 14:48:14,Mitchel S - SpaghettiMitch#18619,Matthew G - Wolfeye#03170,2-0,,1,,
7/4/2024 14:55:03,Maranda L - BlackCanary#59791,Dirk E - BegginBlue#16667,2-0,,1,,
7/4/2024 16:12:32,Max B - baymillionaire#63544,Lotte P - Lotte #93345,2-1,,1,,
7/4/2024 17:04:07,Duncan M - RobRoyDuncan#16652,Wesley C - GigaVoltaic#11782,2-0,,1,,
7/4/2024 17:24:14,Lotte P - Lotte #93345,Dirk E - BegginBlue#16667,2-1,,1,,
7/4/2024 18:08:06,Harry B - Midnight_0il#97781,Joe G - AardvarkKing #40712,2-1,,1,,
7/4/2024 19:48:03,Chris D - Stereolab#37691,Preston B - Vorbis#46420,2-0,,1,,
7/4/2024 20:33:55,Jo H - JoCool#84350,Joe T - elasticity#07466,2-0,,1,,
7/4/2024 21:53:50,Michael M - Atombomb11991#07305,Joseph H - Sexcellence#51112,2-1,,1,,
7/4/2024 22:07:33,Enrique O - Caex#39549,Maranda L - BlackCanary#59791,2-0,,1,,
7/4/2024 22:12:03,Joe T - elasticity#07466,James M - Sol_Ring#09384,2-0,,1,,
7/4/2024 22:40:55,Josh T - jathornton#23245,Ron C - Lennor#52740,2-1,,1,,
7/4/2024 22:55:20,Chris D - Stereolab#37691,Andrew M - Robespierre#01976,2-1,,1,,
7/4/2024 23:11:04,Ron C - Lennor#52740,Maranda L - BlackCanary#59791,2-0,,1,,
7/4/2024 23:36:34,Chris D - Stereolab#37691,Ron C - Lennor#52740,2-0,,1,,
7/5/2024 0:00:36,Paul S - YungChunk#45977,Chris D - Stereolab#37691,2-1,,1,,
7/5/2024 0:04:15,Andrew M - Robespierre#01976,Zach C - ZachCarr#31881,2-1,,1,,
7/5/2024 0:32:18,Christopher G - oompaloompa#65002,Aaron A - Eclipse2470#03650,2-1,,1,,
7/5/2024 0:42:52,Paul S - YungChunk#45977,Andrew M - Robespierre#01976,2-0,,1,,
7/5/2024 2:16:01,Aaron A - Eclipse2470#03650,Alexandre GA - AGA#86404,2-0,,1,GGs,
7/5/2024 5:22:16,Aaron A - Eclipse2470#03650,Wesley C - GigaVoltaic#11782,2-0,,1,Hell of a game 2. GGs,
7/5/2024 8:53:16,Dirk E - BegginBlue#16667,Daniel M - HPWizard#40332,2-0,,1,,
7/5/2024 9:13:10,Max B - baymillionaire#63544,Wesley C - GigaVoltaic#11782,2-0,,1,,
7/5/2024 9:38:53,James T - RevisedIsland#19780,Dirk E - BegginBlue#16667,2-0,,1,,
7/5/2024 9:44:17,Joe G - AardvarkKing #40712,Daniel M - HPWizard#40332,2-0,,1,,
7/5/2024 10:14:03,Paul S - YungChunk#45977,Wesley C - GigaVoltaic#11782,2-1,,1,,
7/5/2024 10:44:32,Joe G - AardvarkKing #40712,James T - RevisedIsland#19780,2-1,,1,,
7/5/2024 10:59:31,Thijn H - Thi-Jin#83537,Alex S - Nicol Bolas#02755,2-0,,1,,
7/5/2024 11:09:00,Mike N - Gosu#85506,Zach L - Redwood#12970,2-1,,1,ggwp,
7/5/2024 11:23:24,Daniel H - Cosmonaught#43147,Alex S - Nicol Bolas#02755,2-0,,1,,
7/5/2024 11:24:54,Thijn H - Thi-Jin#83537,Harry B - Midnight_0il#97781,2-1,,1,,
7/5/2024 11:27:31,Joe G - AardvarkKing #40712,Archie B - archiebaker#44712,2-1,,1,,
7/5/2024 11:32:22,Richard K - preacher26#59445,Matt K - KirbyKong#37457,2-0,,1,,
7/5/2024 12:07:15,Joe G - AardvarkKing #40712,Thijn H - Thi-Jin#83537,2-1,,1,,
7/5/2024 12:34:33,Harry B - Midnight_0il#97781,Adam S - wizma#29010,2-1,,1,,
7/5/2024 12:43:22,Alex S - Nicol Bolas#02755,Archie B - archiebaker#44712,2-1,,1,,
7/5/2024 13:13:52,Joaquin E - DiabolicMachine#23891,Alex S - Nicol Bolas#02755,2-0,,1,,
7/5/2024 13:39:54,Joe T - elasticity#07466,Zach C - ZachCarr#31881,2-0,,1,,
7/5/2024 13:59:50,Daniel H - Cosmonaught#43147,Christopher G - oompaloompa#65002,2-0,,1,,
7/5/2024 14:16:56,Alex S - Nicol Bolas#02755,Joe T - elasticity#07466,2-1,,1,,
7/5/2024 14:21:13,Matt F - MadeMyBus#92429,James T - RevisedIsland#19780,2-0,,1,,
7/5/2024 15:20:13,Daniel H - Cosmonaught#43147,Carlos V - ShuntStub#78198,2-1,,1,,
7/5/2024 15:35:22,Daniel H - Cosmonaught#43147,Matthias H - Rezreh#11308,2-0,,1,,
7/5/2024 16:29:58,Daniel H - Cosmonaught#43147,Duncan M - RobRoyDuncan#16652,2-1,,1,,
7/5/2024 17:16:26,Evan C - PeasOfCrab#00133,Thomas C - jamberine#68248,2-0,,1,,
7/5/2024 17:16:43,Adam S - wizma#29010,Caleb K - BlackEcho#09078,2-0,,1,Good games! ,
7/5/2024 17:31:10,Michael B - Monkeymage#12141,Evan C - PeasOfCrab#00133,2-0,,1,,
7/5/2024 18:05:14,Michael B - Monkeymage#12141,Dan H - dan12456#37617,2-1,,1,,
7/5/2024 18:09:06,Steve T - strout#45062,Thomas C - jamberine#68248,2-1,,1,GGs!,
7/5/2024 18:18:21,Evan C - PeasOfCrab#00133,Chris D - Stereolab#37691,2-0,,1,,
7/5/2024 18:24:00,DeWitt K - SeethingOctopus#02129,Johnny M - Johnny#69519,2-1,,1,ggs!,
7/5/2024 18:49:54,Evan C - PeasOfCrab#00133,Matthew G - Wolfeye#03170,2-0,,1,,
7/5/2024 19:05:51,Thomas C - jamberine#68248,Christopher G - oompaloompa#65002,2-0,,1,,
7/5/2024 19:23:40,Michael B - Monkeymage#12141,Chris D - Stereolab#37691,2-1,,1,,
7/5/2024 19:24:38,Evan C - PeasOfCrab#00133,Jonathan R - MetalFingers#36803,2-1,,1,,
7/5/2024 20:17:00,DeWitt K - SeethingOctopus#02129,Jonathan R - MetalFingers#36803,2-0,,1,ggs!,
7/5/2024 20:29:40,Sawyer T - soyboy#35469,Evan L - Evan#97713,2-1,,1,,
7/5/2024 20:40:14,DeWitt K - SeethingOctopus#02129,Bob P - HIT#08120,2-0,,1,ggs,
7/5/2024 20:43:52,Thomas C - jamberine#68248,Amir H - Shazam#02792,2-1,,1,,
7/5/2024 21:13:48,Sawyer T - soyboy#35469,Jonathan R - MetalFingers#36803,2-0,,1,,
7/5/2024 21:23:23,Thomas C - jamberine#68248,DeWitt K - SeethingOctopus#02129,2-0,,1,,
7/5/2024 22:22:58,Kevin I - kni1993#29285,Caleb G - Whynaut#28590,2-1,,1,,
7/5/2024 22:41:20,Steve T - strout#45062,Christopher G - oompaloompa#65002,2-0,,1,GGs!,
7/5/2024 22:41:29,Miguel B - Ethereus#60108,Enrique O - Caex#39549,2-1,,1,GGs!,
7/5/2024 23:17:09,Amir H - Shazam#02792,Johnny M - Johnny#69519,2-0,,1,,
7/5/2024 23:31:26,Caleb G - Whynaut#28590,Steve T - strout#45062,2-1,,1,,
7/5/2024 23:38:28,Miguel B - Ethereus#60108,Cody-Rayce MG - Rayce#56572,2-1,,1,GGs!,
7/5/2024 23:45:50,Christopher G - oompaloompa#65002,Matthew G - Wolfeye#03170,2-1,,1,,
7/6/2024 0:11:15,Sawyer T - soyboy#35469,Caleb G - Whynaut#28590,2-1,,1,,
7/6/2024 0:11:37,Andrew M - Robespierre#01976,Edgar A - PlayfulTerror#04926,2-0,,1,,
7/6/2024 0:33:19,Matthew G - Wolfeye#03170,Miguel B - Ethereus#60108,2-1,,1,ggs,
7/6/2024 0:41:21,Christopher G - oompaloompa#65002,Andrew M - Robespierre#01976,2-0,,1,,
7/6/2024 1:20:40,Miguel B - Ethereus#60108,Andrew M - Robespierre#01976,2-0,,1,GGs!,
7/6/2024 1:56:49,Andrew M - Robespierre#01976,Paul G - TheDragon#61289,2-1,,1,,
7/6/2024 2:04:22,Matt F - MadeMyBus#92429,Shuo L - Tamamo#30654,2-1,,1,,
7/6/2024 7:27:23,Nick A - Nistar#14127,Jondrion J - jondrion#40531,2-0,,1,,
7/6/2024 9:03:45,Chris R - Sinkwater#27508,Nik S - njsiii#50504,2-0,,1,,
7/6/2024 9:11:17,Oskar T - ossytubbi#87966,Jo H - JoCool#84350,2-0,,1,,
7/6/2024 9:46:54,Christian L - xXAlpineXx#54284,Nik S - njsiii#50504,2-1,,1,,
7/6/2024 10:07:12,Mike N - Gosu#85506,Oskar T - ossytubbi#87966,2-1,,1,ggwp,
7/6/2024 10:32:02,Jo H - JoCool#84350,Kevin I - kni1993#29285,2-0,,1,,
7/6/2024 10:32:58,Daniel G - FriskyHobbit#43185,Christian L - xXAlpineXx#54284,2-1,,1,,
7/6/2024 10:47:15,Oskar T - ossytubbi#87966,Christian L - xXAlpineXx#54284,2-0,,1,,
7/6/2024 10:57:33,Nick A - Nistar#14127,Dan A - BEATDOWNBRINGA#04779,2-1,,1,,
7/6/2024 11:03:02,Alexis M - Alexsfly#67052,Adam S - wizma#29010,2-1,,1,,
7/6/2024 11:33:38,Kevin I - kni1993#29285,Oskar T - ossytubbi#87966,2-1,,1,,
7/6/2024 12:01:37,Bob P - HIT#08120,Nadir C - Diddy#38922,2-0,,1,ggs!,
7/6/2024 12:32:38,Jordan M - JMTron#46639,Dan A - BEATDOWNBRINGA#04779,2-0,,1,,
7/6/2024 13:08:53,Dan A - BEATDOWNBRINGA#04779,Mike N - Gosu#85506,2-0,,1,,
7/6/2024 13:48:05,Chris S - shipleycgm#89474,Dan A - BEATDOWNBRINGA#04779,2-0,,1,,
7/6/2024 14:14:45,Daniel H - Cosmonaught#43147,Matthew G - Wolfeye#03170,2-1,,1,,
7/6/2024 14:23:56,Bob P - HIT#08120,Dan A - BEATDOWNBRINGA#04779,2-0,,1,,
7/6/2024 14:24:02,Michael B - Monkeymage#12141,Chris S - shipleycgm#89474,2-0,,1,,
7/6/2024 15:01:27,Daniel H - Cosmonaught#43147,Alexis M - Alexsfly#67052,2-1,,1,,
7/6/2024 15:13:36,Tom M - TomSoniQ#28649,Lotte P - Lotte #93345,2-1,,1,,
7/6/2024 15:34:10,Daniel H - Cosmonaught#43147,Nick A - Nistar#14127,2-0,,1,,
7/6/2024 16:06:26,Oskar T - ossytubbi#87966,DeWitt K - SeethingOctopus#02129,2-1,,1,,
7/6/2024 16:10:09,Nick A - Nistar#14127,Tony G - YnotRock#76764,2-0,,1,,
7/6/2024 16:30:47,Lotte P - Lotte #93345,Daniel H - Cosmonaught#43147,2-1,,1,,
7/6/2024 17:22:32,Miguel B - Ethereus#60108,Alexis M - Alexsfly#67052,2-1,,1,GGs!,
7/6/2024 18:17:04,Nick A - Nistar#14127,Caleb G - Whynaut#28590,2-0,,1,ggs!,
7/6/2024 18:48:36,Caleb G - Whynaut#28590,Quill M - Nocnoc#13791,2-0,,1,,
7/6/2024 20:27:06,Preston B - Vorbis#46420,Zack H - HackZolt#31077,2-1,,1,,
7/6/2024 20:59:49,Zack H - HackZolt#31077,Bob P - HIT#08120,2-0,,1,GGs!,
7/6/2024 21:33:17,Zack H - HackZolt#31077,Evan L - Evan#97713,2-1,,1,GGs!,
7/6/2024 22:40:33,Matt F - MadeMyBus#92429,Bob P - HIT#08120,2-0,,1,,
7/6/2024 22:48:48,Sawyer T - soyboy#35469,Jack H - Rakic#98298,2-1,,1,,
7/6/2024 23:19:24,Jack H - Rakic#98298,Chris O - Chriso91#46230,2-0,,1,Phlage incoming!,
7/6/2024 23:19:48,Steve T - strout#45062,Mike N - Gosu#85506,2-1,,1,GGs!,
7/6/2024 23:40:11,Steve T - strout#45062,Chris O - Chriso91#46230,2-0,,1,GGs!,
7/7/2024 0:06:55,Michael B - Monkeymage#12141,Evan L - Evan#97713,2-0,,1,,
7/7/2024 0:58:17,Evan L - Evan#97713,Jack H - Rakic#98298,2-0,,1,,
7/7/2024 6:44:30,Harry B - Midnight_0il#97781,Paul G - TheDragon#61289,2-1,,1,,
7/7/2024 9:14:50,Michael M - Atombomb11991#07305,Kevin I - kni1993#29285,2-0,,1,,
7/7/2024 11:29:46,John P - gokuorgohome#51511,Avery JB - Averyoftheelves#92950,2-0,,1,,
7/7/2024 12:01:13,Amir H - Shazam#02792,Harry B - Midnight_0il#97781,2-0,,1,,
7/7/2024 12:13:03,Jack H - Rakic#98298,Dan H - dan12456#37617,2-1,,1,,
7/7/2024 12:36:40,Mike N - Gosu#85506,Harry B - Midnight_0il#97781,2-0,,1,ggwp,
7/7/2024 12:38:54,Jordan M - JMTron#46639,Amir H - Shazam#02792,2-0,,1,,
7/7/2024 13:10:34,Jack H - Rakic#98298,Avery JB - Averyoftheelves#92950,2-1,,1,,
7/7/2024 13:11:07,Mike N - Gosu#85506,Christopher S - Stemz#96067,2-0,,1,ggwp,
7/7/2024 13:18:16,Harry B - Midnight_0il#97781,Lotte P - Lotte #93345,2-1,,1,,
7/7/2024 13:48:56,Dan H - dan12456#37617,Christopher S - Stemz#96067,2-1,,1,,
7/7/2024 14:01:50,John P - gokuorgohome#51511,Harry B - Midnight_0il#97781,2-1,,1,,
7/7/2024 14:37:40,Lotte P - Lotte #93345,Archie B - archiebaker#44712,2-0,,1,,
7/7/2024 14:58:43,Mitchel S - SpaghettiMitch#18619,Daniel H - Cosmonaught#43147,2-0,,1,,
7/7/2024 15:03:33,Lotte P - Lotte #93345,Mike N - Gosu#85506,2-0,,1,,
7/7/2024 15:34:14,John P - gokuorgohome#51511,Aaron B - Bevelman#18220,2-0,,1,,
7/7/2024 15:55:16,Paul G - TheDragon#61289,Alex H - Merriman#08092,2-1,,1,,
7/7/2024 16:33:51,Lotte P - Lotte #93345,Joaquin E - DiabolicMachine#23891,2-1,,1,,
7/7/2024 16:42:38,Jo H - JoCool#84350,Paul G - TheDragon#61289,2-1,,1,,
7/7/2024 17:20:05,Joaquin E - DiabolicMachine#23891,Paul G - TheDragon#61289,2-1,,1,,
7/7/2024 17:51:47,Jordan M - JMTron#46639,Dan H - dan12456#37617,2-0,,1,,
7/7/2024 19:26:50,Kyle C - AFKyle#29319,Caleb K - BlackEcho#09078,2-0,,1,,
7/7/2024 20:16:14,Kyle C - AFKyle#29319,Preston B - Vorbis#46420,2-0,,1,,
7/7/2024 20:31:41,Richard K - preacher26#59445,Ron C - Lennor#52740,2-1,,1,,
7/7/2024 21:04:16,Zev G - Meep3278#19615,Ron C - Lennor#52740,2-1,,1,,
7/7/2024 22:11:46,Emmett F - Sepulchure#51526,Chris Y - Yorke on Games#66909,2-0,,1,,
7/7/2024 22:34:41,Zev G - Meep3278#19615,Aaron A - Eclipse2470#03650,2-0,,1,,
7/7/2024 23:43:30,Chris Y - Yorke on Games#66909,Sawyer T - soyboy#35469,2-0,,1,Balance restored to the force!,
7/8/2024 0:24:05,Chris Y - Yorke on Games#66909,Zev G - Meep3278#19615,2-1,,1,GGs!,
7/8/2024 0:59:35,Mitchel S - SpaghettiMitch#18619,Chris Y - Yorke on Games#66909,2-1,,1,,
7/8/2024 1:53:21,Daniel G - FriskyHobbit#43185,Chris Y - Yorke on Games#66909,2-0,,1,,
7/8/2024 10:44:47,Daniel G - FriskyHobbit#43185,Jeremy E - Lhurgoyf#37289,2-0,,1,,
7/8/2024 11:13:18,Patrick M - FullestJ#22936,John P - gokuorgohome#51511,2-0,,1,,
7/8/2024 11:31:06,Cody-Rayce MG - Rayce#56572,Dan H - dan12456#37617,2-0,,1,ggs,
7/8/2024 11:45:09,Craig B - DraftHavoc#97754,Patrick M - FullestJ#22936,2-1,,1,,
7/8/2024 11:52:24,Joaquin E - DiabolicMachine#23891,Cody-Rayce MG - Rayce#56572,2-0,,1,,
7/8/2024 12:16:04,Jeremy E - Lhurgoyf#37289,Patrick M - FullestJ#22936,2-0,,1,,
7/8/2024 12:44:00,Chris O - Chriso91#46230,John P - gokuorgohome#51511,2-1,,1,,
7/8/2024 12:56:04,Cody-Rayce MG - Rayce#56572,Nik S - njsiii#50504,2-1,,1,ggs wp,
7/8/2024 13:25:44,Jordan M - JMTron#46639,Cody-Rayce MG - Rayce#56572,2-0,,1,,
7/8/2024 13:51:05,Zeke W - smarmyplatapus#30066,Craig B - DraftHavoc#97754,2-1,,1,So many spawn!!,
7/8/2024 15:24:33,Tom M - TomSoniQ#28649,Gabe P - GLP#6825,2-0,,1,,
7/8/2024 15:56:24,François R - Ayora#29960,Lotte P - Lotte #93345,2-1,,1,,
7/8/2024 16:13:07,Chris O - Chriso91#46230,Alex O - NLP#02898,2-1,,1,,
7/8/2024 16:45:59,Kyle C - AFKyle#29319,Thijn H - Thi-Jin#83537,2-1,,1,,
7/8/2024 17:10:05,Avery JB - Averyoftheelves#92950,François R - Ayora#29960,2-1,,1,"Ggs, thanks for being so friendly and understanding my phone going out of service!",
7/8/2024 17:11:00,Thijn H - Thi-Jin#83537,Gabe P - GLP#6825,2-0,,1,,
7/8/2024 17:44:25,Kyle C - AFKyle#29319,Richard K - preacher26#59445,2-1,,1,,
7/8/2024 18:47:03,Nik S - njsiii#50504,Maranda L - BlackCanary#59791,2-1,,1,,
7/8/2024 18:56:46,Chris R - Sinkwater#27508,Edgar A - PlayfulTerror#04926,2-0,,1,,
7/8/2024 19:52:52,Nicholas K - Bionick#55161,Zeke W - smarmyplatapus#30066,2-1,,1,,
7/8/2024 20:23:40,Jo H - JoCool#84350,Nicholas K - Bionick#55161,2-0,,1,,
7/8/2024 21:20:51,Preston B - Vorbis#46420,Curtis K - Oblivion#40925,2-1,,1,,
7/8/2024 21:43:00,Joaquin E - DiabolicMachine#23891,Mitchel S - SpaghettiMitch#18619,2-0,,1,,
7/8/2024 21:49:50,Daniel G - FriskyHobbit#43185,Nicholas K - Bionick#55161,2-1,,1,,
7/9/2024 7:54:28,Zach C - ZachCarr#31881,François R - Ayora#29960,2-0,,1,GGs,
7/9/2024 9:02:01,Nicholas K - Bionick#55161,Dirk E - BegginBlue#16667,2-1,,1,,
7/9/2024 11:16:13,Patrick M - FullestJ#22936,Nik S - njsiii#50504,2-0,,1,,
7/9/2024 12:22:02,Patrick M - FullestJ#22936,Tom M - TomSoniQ#28649,2-1,,1,,
7/9/2024 13:23:21,Jordan M - JMTron#46639,Patrick M - FullestJ#22936,2-0,,1,,
7/9/2024 16:08:46,Wei C - Azayaka#83352,Tony G - YnotRock#76764,2-0,,1,,
7/9/2024 17:15:49,Matt F - MadeMyBus#92429,Tony G - YnotRock#76764,2-0,,1,,
7/9/2024 17:48:37,Tony G - YnotRock#76764,Matthias H - Rezreh#11308,2-1,,1,,
7/9/2024 18:41:07,Johnny M - Johnny#69519,Chris R - Sinkwater#27508,2-1,,1,,
7/9/2024 19:52:44,Shuo L - Tamamo#30654,James Mc - Fireball#69952,2-1,,1,,
7/9/2024 19:54:14,Zach C - ZachCarr#31881,Matt F - MadeMyBus#92429,2-0,,1,GGs,
7/9/2024 21:09:00,James Mc - Fireball#69952,Jo H - JoCool#84350,2-1,,1,,
7/9/2024 21:26:54,Alex O - NLP#02898,Nicholas K - Bionick#55161,2-1,,1,good rally! first time I was able to actually use Nadu well,
7/9/2024 22:03:29,Aaron B - Bevelman#18220,Joe T - elasticity#07466,2-0,,1,ggs,
7/9/2024 22:20:45,Alex O - NLP#02898,Damon B - Nomad#43918,2-1,,1,heart racing! so close so fun!,
7/9/2024 22:27:19,Christopher S - Stemz#96067,Matt F - MadeMyBus#92429,2-0,,1,gg,
7/9/2024 22:34:40,Wei C - Azayaka#83352,Joe T - elasticity#07466,2-0,,1,,
7/9/2024 23:01:50,Alex O - NLP#02898,Alex H - Merriman#08092,2-0,,1,Deathtouch + Trample vs double Chrysalis :O,
7/9/2024 23:14:49,Sylvain T - Iquitos#15484,Kevin I - kni1993#29285,2-1,,1,,
7/9/2024 23:16:59,Christopher S - Stemz#96067,Damon B - Nomad#43918,2-1,,1,gg,
7/9/2024 23:52:30,Alex H - Merriman#08092,Sylvain T - Iquitos#15484,2-0,,1,,
7/9/2024 23:57:15,Wei C - Azayaka#83352,Mitchel S - SpaghettiMitch#18619,2-1,,1,,
7/10/2024 0:12:35,Johnny M - Johnny#69519,Kyle C - AFKyle#29319,2-0,,1,,
7/10/2024 8:22:23,Cédric L - Hota#65816,Damon B - Nomad#43918,2-0,,1,,
7/10/2024 8:57:38,Tony G - YnotRock#76764,Damon B - Nomad#43918,2-0,,1,,
7/10/2024 9:23:47,Cédric L - Hota#65816,Peter B - Celsius232#44031,2-1,,1,,
7/10/2024 11:12:59,Tom M - TomSoniQ#28649,Jeremy E - Lhurgoyf#37289,2-0,,1,,
7/10/2024 12:05:19,Duncan M - RobRoyDuncan#16652,Adam S - wizma#29010,2-0,,1,,
7/10/2024 14:32:55,Ryan M - rrrn22#32842,Emmett F - Sepulchure#51526,2-1,,1,,
7/10/2024 14:39:21,Wei C - Azayaka#83352,Duncan M - RobRoyDuncan#16652,2-1,,1,,
7/10/2024 15:19:17,Ryan M - rrrn22#32842,François R - Ayora#29960,2-0,,1,,
7/10/2024 16:00:08,Ryan M - rrrn22#32842,Richard K - preacher26#59445,2-1,,1,,
7/10/2024 16:09:34,François R - Ayora#29960,Wesley C - GigaVoltaic#11782,2-0,,1,,
7/10/2024 16:17:33,Alex O - NLP#02898,Emmett F - Sepulchure#51526,2-1,,1,Phoenix and the tapping eldrazi went hard in this match.,
7/10/2024 16:40:37,Matthias H - Rezreh#11308,Ryan M - rrrn22#32842,2-0,,1,,
7/10/2024 16:54:54,Wesley C - GigaVoltaic#11782,Alex O - NLP#02898,2-0,,1,spaghetti,
7/10/2024 19:41:11,Chris R - Sinkwater#27508,Preston B - Vorbis#46420,2-1,,1,,
7/10/2024 19:59:26,Alex H - Merriman#08092,Dirk E - BegginBlue#16667,2-0,,1,,
7/10/2024 21:11:22,Zeke W - smarmyplatapus#30066,Zev G - Meep3278#19615,2-0,,1,Now to work my way up the alphabet.,
7/10/2024 21:34:16,Zeke W - smarmyplatapus#30066,Shuo L - Tamamo#30654,2-0,,1,ggs,
7/10/2024 22:12:08,Joaquin E - DiabolicMachine#23891,Chris R - Sinkwater#27508,2-1,,1,,
7/10/2024 23:52:59,Zach C - ZachCarr#31881,Daniel M - HPWizard#40332,2-1,,1,GGs,
7/11/2024 10:54:21,Joaquin E - DiabolicMachine#23891,Paul S - YungChunk#45977,2-0,,1,,
7/11/2024 11:01:40,Alex S - Nicol Bolas#02755,Enrique O - Caex#39549,2-0,,1,,
7/11/2024 11:35:12,Alex S - Nicol Bolas#02755,Daniel G - FriskyHobbit#43185,2-1,,1,,
7/11/2024 11:38:17,Wesley C - GigaVoltaic#11782,Paul S - YungChunk#45977,2-1,,1,,
7/11/2024 12:18:20,Duncan M - RobRoyDuncan#16652,Philip B - Plipster#75000,2-0,,1,,
7/11/2024 13:14:28,Philip B - Plipster#75000,Paul S - YungChunk#45977,2-1,,1,,
7/11/2024 13:37:49,Philip B - Plipster#75000,Alex H - Merriman#08092,2-0,,1,,
7/11/2024 15:09:01,Philip B - Plipster#75000,Wei C - Azayaka#83352,2-1,,1,,
7/11/2024 15:21:21,Philip B - Plipster#75000,Matthias H - Rezreh#11308,2-0,,1,,
7/11/2024 15:59:35,Wesley C - GigaVoltaic#11782,Evan L - Evan#97713,2-1,,1,,
7/11/2024 16:20:23,Chris O - Chriso91#46230,Avery JB - Averyoftheelves#92950,2-1,,1,,
7/11/2024 17:02:47,Johnny M - Johnny#69519,Thijn H - Thi-Jin#83537,2-1,,1,,
7/11/2024 17:46:07,Christopher S - Stemz#96067,Gabe P - GLP#6825,2-0,,1,gg,
7/11/2024 19:31:09,James Mc - Fireball#69952,Zach C - ZachCarr#31881,2-0,,1,,
7/11/2024 20:16:49,James Mc - Fireball#69952,Preston B - Vorbis#46420,2-0,,1,,
7/11/2024 20:39:27,Michael M - Atombomb11991#07305,Joe T - elasticity#07466,2-0,,1,,
7/11/2024 20:56:23,Michael M - Atombomb11991#07305,Mitchel S - SpaghettiMitch#18619,2-0,,1,,
7/11/2024 21:34:20,Christopher S - Stemz#96067,Michael M - Atombomb11991#07305,2-0,,1,GG,
7/11/2024 21:54:17,Daniel M - HPWizard#40332,Chris D - Stereolab#37691,2-1,,1,,
7/11/2024 22:26:46,Christopher G - oompaloompa#65002,Julian K - Citizen_Snippies#31245,2-1,,1,,
7/11/2024 22:31:13,James Mc - Fireball#69952,Daniel M - HPWizard#40332,2-0,,1,,
7/11/2024 22:36:57,Christopher S - Stemz#96067,Aaron B - Bevelman#18220,2-1,,1,gg,
7/11/2024 22:56:58,Chris D - Stereolab#37691,James Mc - Fireball#69952,2-1,,1,,
7/11/2024 23:40:28,Daniel M - HPWizard#40332,Peter B - Celsius232#44031,2-1,,1,,
7/11/2024 23:44:34,Chris D - Stereolab#37691,Ron C - Lennor#52740,2-1,,1,,
7/12/2024 0:24:43,Aaron B - Bevelman#18220,Chris D - Stereolab#37691,2-1,,1,ggs,
7/12/2024 1:23:29,Ryan M - rrrn22#32842,Maranda L - BlackCanary#59791,2-1,,1,,
7/12/2024 5:49:59,Jethro J - bigxjulius#88849,Cédric L - Hota#65816,2-0,,1,,
7/12/2024 7:48:01,Wesley C - GigaVoltaic#11782,Cédric L - Hota#65816,2-0,,1,,
7/12/2024 8:11:52,Cédric L - Hota#65816,Max B - baymillionaire#63544,2-1,,1,,
7/12/2024 8:57:30,Wesley C - GigaVoltaic#11782,Max B - baymillionaire#63544,2-1,,1,GGs,
7/12/2024 10:05:23,Tom M - TomSoniQ#28649,Max B - baymillionaire#63544,2-1,,1,,
7/12/2024 10:26:09,Alex S - Nicol Bolas#02755,Paul S - YungChunk#45977,2-0,,1,,
7/12/2024 10:30:27,Adam S - wizma#29010,Jethro J - bigxjulius#88849,2-0,,1,Good games!,
7/12/2024 10:49:23,Joe T - elasticity#07466,Damon B - Nomad#43918,2-1,,1,,
7/12/2024 10:52:16,Alex S - Nicol Bolas#02755,Adam S - wizma#29010,2-0,,1,,
7/12/2024 11:11:59,Alex S - Nicol Bolas#02755,Mike V - Lostinthewarp#09717,2-0,,1,,
7/12/2024 11:32:34,Maranda L - BlackCanary#59791,Emmett F - Sepulchure#51526,2-1,,1,,
7/12/2024 12:03:18,Joe T - elasticity#07466,Jethro J - bigxjulius#88849,2-1,,1,,
7/12/2024 15:25:09,Enrique O - Caex#39549,Duncan M - RobRoyDuncan#16652,2-1,,1,"I missed the evoke-retrace bug, we talked about it and decided to report the match but write in LC",
7/12/2024 16:00:37,Max B - baymillionaire#63544,Avery JB - Averyoftheelves#92950,2-0,,1,ez for me,
7/12/2024 16:25:25,Jo H - JoCool#84350,Jeremy E - Lhurgoyf#37289,2-0,,1,,
7/12/2024 17:34:20,Philip B - Plipster#75000,Oskar T - ossytubbi#87966,2-0,,1,,
7/12/2024 18:10:40,Oskar T - ossytubbi#87966,Thomas C - jamberine#68248,2-1,,1,,
7/12/2024 18:31:27,Oskar T - ossytubbi#87966,Jordan M - JMTron#46639,2-0,,1,,
7/12/2024 18:51:21,Oskar T - ossytubbi#87966,Nicholas K - Bionick#55161,2-0,,1,,
7/12/2024 19:11:51,Thomas C - jamberine#68248,Jordan M - JMTron#46639,2-0,,1,,
7/12/2024 19:19:05,DeWitt K - SeethingOctopus#02129,Oskar T - ossytubbi#87966,2-0,,1,ggs!,
7/12/2024 19:33:29,Zach C - ZachCarr#31881,Thomas C - jamberine#68248,2-0,,1,GGs,
7/12/2024 19:55:40,DeWitt K - SeethingOctopus#02129,Jordan M - JMTron#46639,2-0,,1,ggs!,
7/12/2024 20:39:43,Zack H - HackZolt#31077,Zach C - ZachCarr#31881,2-1,,1,GGs!,
7/12/2024 20:42:29,DeWitt K - SeethingOctopus#02129,Thomas C - jamberine#68248,2-1,,1,ggs,
7/12/2024 20:50:18,Zeke W - smarmyplatapus#30066,Alex O - NLP#02898,2-0,,1,ggs!,
7/12/2024 21:18:26,Zach C - ZachCarr#31881,DeWitt K - SeethingOctopus#02129,2-0,,1,GGs,
7/12/2024 21:41:17,Steve T - strout#45062,Thomas C - jamberine#68248,2-1,,1,GGs!,
7/12/2024 22:03:42,Zach C - ZachCarr#31881,Christopher G - oompaloompa#65002,2-0,,1,GGs,
7/12/2024 22:13:22,DeWitt K - SeethingOctopus#02129,Steve T - strout#45062,2-0,,1,ggs,
7/12/2024 22:44:10,Zach C - ZachCarr#31881,Bob P - HIT#08120,2-1,,1,GGs,
7/12/2024 22:47:13,Christopher G - oompaloompa#65002,Daniel G - FriskyHobbit#43185,2-1,,1,,
7/12/2024 23:45:12,Daniel G - FriskyHobbit#43185,Damon B - Nomad#43918,2-0,,1,,
7/12/2024 23:58:30,Christopher G - oompaloompa#65002,Evan L - Evan#97713,2-1,,1,,
7/13/2024 6:40:18,Nick A - Nistar#14127,Jethro J - bigxjulius#88849,2-1,,1,,
7/13/2024 9:14:23,Zack H - HackZolt#31077,Christopher G - oompaloompa#65002,2-0,,1,GGs!,
7/13/2024 11:54:03,Steve T - strout#45062,Paul G - TheDragon#61289,2-1,,1,GGs!,
7/13/2024 13:43:17,Steve T - strout#45062,Bob P - HIT#08120,2-1,,1,GGs!,
7/13/2024 14:50:18,Michael B - Monkeymage#12141,Maranda L - BlackCanary#59791,2-0,,1,,
7/13/2024 15:07:56,Zack H - HackZolt#31077,Steve T - strout#45062,2-1,,1,"GG, fun game two",
7/13/2024 15:09:11,Jordan M - JMTron#46639,Daniel H - Cosmonaught#43147,2-0,,1,,
7/13/2024 15:38:37,John P - gokuorgohome#51511,Michael B - Monkeymage#12141,2-1,,1,,
7/13/2024 15:51:41,Jeremy E - Lhurgoyf#37289,Maranda L - BlackCanary#59791,2-0,,1,ggs friend :),
7/13/2024 16:14:03,Nick A - Nistar#14127,Wesley C - GigaVoltaic#11782,2-0,,1,,
7/13/2024 19:50:39,Christopher S - Stemz#96067,Nick A - Nistar#14127,2-0,,1,gg,
7/13/2024 20:34:47,Christopher S - Stemz#96067,John P - gokuorgohome#51511,2-1,,1,gg,
7/13/2024 21:08:34,Bob P - HIT#08120,Richard K - preacher26#59445,2-0,,1,ggs!,
7/13/2024 22:11:45,Jordan M - JMTron#46639,Bob P - HIT#08120,2-0,,1,,
7/13/2024 23:55:47,Michael B - Monkeymage#12141,Christopher S - Stemz#96067,2-0,,1,,
7/14/2024 0:51:29,Michael B - Monkeymage#12141,Jack H - Rakic#98298,2-1,,1,,
7/14/2024 10:49:27,Jo H - JoCool#84350,Mike N - Gosu#85506,2-0,,1,,
7/14/2024 10:51:32,Jethro J - bigxjulius#88849,Johnny M - Johnny#69519,2-0,,1,,
7/14/2024 11:13:00,Christopher G - oompaloompa#65002,Dan H - dan12456#37617,2-0,,1,,
7/14/2024 12:58:32,François R - Ayora#29960,Evan C - PeasOfCrab#00133,2-0,,1,,
7/14/2024 13:17:06,Daniel H - Cosmonaught#43147,Zack H - HackZolt#31077,2-0,,1,,
7/14/2024 13:41:07,Bob P - HIT#08120,Daniel H - Cosmonaught#43147,2-1,,1,ggs!,
7/14/2024 13:46:11,Zack H - HackZolt#31077,Richard K - preacher26#59445,2-0,,1,GGs,
7/14/2024 14:28:46,Daniel H - Cosmonaught#43147,Daniel G - FriskyHobbit#43185,2-1,,1,,
7/14/2024 17:25:01,Tony G - YnotRock#76764,Daniel M - HPWizard#40332,2-1,,1,,
7/14/2024 17:54:44,Tony G - YnotRock#76764,Jeremy E - Lhurgoyf#37289,2-0,,1,,
7/14/2024 18:52:53,Ryan M - rrrn22#32842,Preston B - Vorbis#46420,2-0,,1,,
7/14/2024 19:21:24,James Mc - Fireball#69952,Miguel B - Ethereus#60108,2-1,,1,,
7/14/2024 20:13:10,Richard K - preacher26#59445,Aaron B - Bevelman#18220,2-1,,1,,
7/14/2024 20:56:22,Jack H - Rakic#98298,Miguel B - Ethereus#60108,2-1,,1,,
7/14/2024 21:03:05,Joaquin E - DiabolicMachine#23891,Johnny M - Johnny#69519,2-0,,1,,
7/14/2024 23:00:05,Joaquin E - DiabolicMachine#23891,Ryan M - rrrn22#32842,2-1,,1,,
7/14/2024 23:12:32,Daniel G - FriskyHobbit#43185,Michael M - Atombomb11991#07305,2-0,,1,,
7/14/2024 23:14:00,Matthew G - Wolfeye#03170,Michael B - Monkeymage#12141,2-1,,1,ggs,
7/14/2024 23:39:19,Dan H - dan12456#37617,Zeke W - smarmyplatapus#30066,2-1,,1,,
7/15/2024 0:46:34,Emmett F - Sepulchure#51526,Michael M - Atombomb11991#07305,2-0,,1,,
7/15/2024 1:30:24,Matthew G - Wolfeye#03170,Dan H - dan12456#37617,2-0,,1,ggs,
7/15/2024 8:25:43,François R - Ayora#29960,Nick A - Nistar#14127,2-1,,1,,
7/15/2024 8:31:40,Tom M - TomSoniQ#28649,Tony G - YnotRock#76764,2-0,,1,,
7/15/2024 9:02:51,Tony G - YnotRock#76764,Chris O - Chriso91#46230,2-0,,1,,
7/15/2024 9:57:26,Tom M - TomSoniQ#28649,Chris O - Chriso91#46230,2-1,,1,,
7/15/2024 11:42:39,Dan H - dan12456#37617,Chris O - Chriso91#46230,2-0,,1,,
7/15/2024 12:07:34,Tom M - TomSoniQ#28649,Thijn H - Thi-Jin#83537,2-1,,1,,
7/15/2024 12:31:29,Nick A - Nistar#14127,Thijn H - Thi-Jin#83537,2-0,,1,,
7/15/2024 13:18:23,Thijn H - Thi-Jin#83537,Daniel H - Cosmonaught#43147,2-1,,1,,
7/15/2024 14:18:05,Joaquin E - DiabolicMachine#23891,Zack H - HackZolt#31077,2-1,,1,,
7/15/2024 15:21:42,François R - Ayora#29960,Duncan M - RobRoyDuncan#16652,2-0,,1,,
7/15/2024 15:45:05,Dan H - dan12456#37617,Ryan M - rrrn22#32842,2-1,,1,,
7/15/2024 15:45:41,François R - Ayora#29960,Sawyer T - soyboy#35469,2-0,,1,,
7/15/2024 16:54:55,Zack H - HackZolt#31077,Sawyer T - soyboy#35469,2-1,,1,GGs,
7/15/2024 18:22:59,Avery JB - Averyoftheelves#92950,Chris R - Sinkwater#27508,2-0,,1,"ggs, Skoa burn saved me both games",
7/15/2024 19:21:55,James Mc - Fireball#69952,Chris R - Sinkwater#27508,2-0,,1,,
7/15/2024 19:48:07,John P - gokuorgohome#51511,Cody-Rayce MG - Rayce#56572,2-1,,1,ggs cody,
7/15/2024 19:53:45,Preston B - Vorbis#46420,Daniel G - FriskyHobbit#43185,2-1,,1,,
7/15/2024 20:10:43,Richard K - preacher26#59445,Jack H - Rakic#98298,2-1,,1,,
7/15/2024 20:31:12,Jack H - Rakic#98298,Cody-Rayce MG - Rayce#56572,2-0,,1,,
7/15/2024 20:46:42,Emmett F - Sepulchure#51526,James Mc - Fireball#69952,2-1,,1,,
7/15/2024 21:25:52,Miguel B - Ethereus#60108,Matt F - MadeMyBus#92429,2-1,,1,GGs!,
7/15/2024 22:05:22,Jack H - Rakic#98298,Evan C - PeasOfCrab#00133,2-1,,1,,
7/15/2024 22:32:20,Chris R - Sinkwater#27508,Caleb G - Whynaut#28590,2-1,,1,,
7/16/2024 0:46:18,Joaquin E - DiabolicMachine#23891,Evan C - PeasOfCrab#00133,2-1,,1,,
7/16/2024 1:23:54,Emmett F - Sepulchure#51526,Miguel B - Ethereus#60108,2-1,,1,,
7/16/2024 4:16:21,Jethro J - bigxjulius#88849,François R - Ayora#29960,2-0,,1,,
7/16/2024 10:18:45,Duncan M - RobRoyDuncan#16652,Jethro J - bigxjulius#88849,2-0,,1,,
7/16/2024 12:11:55,Joe T - elasticity#07466,Avery JB - Averyoftheelves#92950,2-0,,1,,
7/16/2024 13:21:11,Patrick M - FullestJ#22936,Philip B - Plipster#75000,2-0,,1,,
7/16/2024 14:26:46,Patrick M - FullestJ#22936,John P - gokuorgohome#51511,2-1,,1,,
7/16/2024 15:00:25,Richard K - preacher26#59445,Patrick M - FullestJ#22936,2-1,,1,,
7/16/2024 16:11:33,Patrick M - FullestJ#22936,Mitchel S - SpaghettiMitch#18619,2-1,,1,,
7/16/2024 18:16:26,Preston B - Vorbis#46420,Chris R - Sinkwater#27508,2-1,,1,,
7/16/2024 19:44:35,Jo H - JoCool#84350,Kyle C - AFKyle#29319,2-0,,1,,
7/16/2024 20:07:08,Jo H - JoCool#84350,Johnny M - Johnny#69519,2-0,,1,,
7/16/2024 20:50:44,Jo H - JoCool#84350,Aaron B - Bevelman#18220,2-1,,1,,
7/16/2024 21:25:01,Jo H - JoCool#84350,Joaquin E - DiabolicMachine#23891,2-0,,1,,
7/16/2024 21:32:55,Matt F - MadeMyBus#92429,Aaron B - Bevelman#18220,2-0,,1,,
7/17/2024 0:06:59,Sawyer T - soyboy#35469,Evan C - PeasOfCrab#00133,2-0,,1,,
7/17/2024 1:32:38,Patrick M - FullestJ#22936,Matthew G - Wolfeye#03170,2-0,,1,,
7/17/2024 10:56:59,Duncan M - RobRoyDuncan#16652,Tony G - YnotRock#76764,2-1,,1,,
7/17/2024 11:06:30,Alex S - Nicol Bolas#02755,Tom M - TomSoniQ#28649,2-0,,1,,
7/17/2024 11:38:25,Alex S - Nicol Bolas#02755,Nik S - njsiii#50504,2-0,,1,,
7/17/2024 13:02:05,Richard K - preacher26#59445,Alex S - Nicol Bolas#02755,2-0,,1,,
7/17/2024 13:48:47,Emmett F - Sepulchure#51526,Tom M - TomSoniQ#28649,2-1,,1,,
7/17/2024 15:51:24,Sawyer T - soyboy#35469,Duncan M - RobRoyDuncan#16652,2-1,,1,,
7/17/2024 16:38:38,Emmett F - Sepulchure#51526,Kyle C - AFKyle#29319,2-1,,1,,
7/17/2024 17:57:24,Christopher S - Stemz#96067,Kyle C - AFKyle#29319,2-1,,1,gg,
7/17/2024 22:17:27,Wei C - Azayaka#83352,Miguel B - Ethereus#60108,2-1,,1,,
7/17/2024 22:24:46,Johnny M - Johnny#69519,Richard K - preacher26#59445,2-1,,1,3rd try!,
7/17/2024 23:05:14,Enrique O - Caex#39549,Evan C - PeasOfCrab#00133,2-0,,1,,
7/17/2024 23:10:57,Dan A - BEATDOWNBRINGA#04779,Wei C - Azayaka#83352,2-1,,1,,
7/17/2024 23:15:39,Emmett F - Sepulchure#51526,Mitchel S - SpaghettiMitch#18619,2-1,,1,,
7/17/2024 23:37:56,Wei C - Azayaka#83352,Enrique O - Caex#39549,2-0,,1,,
7/18/2024 0:20:10,Enrique O - Caex#39549,Matthew G - Wolfeye#03170,2-0,,1,,
7/18/2024 1:05:22,Matt F - MadeMyBus#92429,Christopher S - Stemz#96067,2-0,,1,,
7/18/2024 10:49:03,Cédric L - Hota#65816,Enrique O - Caex#39549,2-1,,1,,
7/18/2024 11:18:32,Philip B - Plipster#75000,Cédric L - Hota#65816,2-0,,1,,
7/18/2024 12:51:16,Joe T - elasticity#07466,Harry B - Midnight_0il#97781,2-0,,1,,
7/18/2024 12:54:06,Dan A - BEATDOWNBRINGA#04779,Duncan M - RobRoyDuncan#16652,2-0,,1,,
7/18/2024 14:02:24,Philip B - Plipster#75000,Joe T - elasticity#07466,2-1,,1,,
7/18/2024 14:34:20,Sawyer T - soyboy#35469,Philip B - Plipster#75000,2-0,,1,,
7/18/2024 16:26:11,Cédric L - Hota#65816,James Mc - Fireball#69952,2-0,,1,,
7/18/2024 18:17:49,Dan A - BEATDOWNBRINGA#04779,Preston B - Vorbis#46420,2-1,,1,,
7/18/2024 22:33:28,Duncan M - RobRoyDuncan#16652,Matt F - MadeMyBus#92429,2-0,,1,,
7/18/2024 22:40:11,Adam S - wizma#29010,Aaron B - Bevelman#18220,2-0,,1,Great games!,
7/19/2024 0:12:15,Adam S - wizma#29010,Johnny M - Johnny#69519,2-1,,1,"Great games, great league! Thanks for all your hard work making these fun",
7/19/2024 1:08:25,Adam S - wizma#29010,Dan A - BEATDOWNBRINGA#04779,2-0,,1,Sorry about the lands! See you next league!,
7/19/2024 9:44:53,Cédric L - Hota#65816,Adam S - wizma#29010,2-1,,1,,
7/19/2024 11:29:10,Dan A - BEATDOWNBRINGA#04779,Alex S - Nicol Bolas#02755,2-1,,1,,
7/19/2024 13:15:55,Thijn H - Thi-Jin#83537,Alex S - Nicol Bolas#02755,2-1,,1,,
7/19/2024 14:04:20,Dan A - BEATDOWNBRINGA#04779,Matt F - MadeMyBus#92429,2-0,,1,,
7/19/2024 15:50:25,Thijn H - Thi-Jin#83537,Cédric L - Hota#65816,2-1,,1,,
7/19/2024 17:43:07,Sawyer T - soyboy#35469,Philip B - Plipster#75000,2-0,,1,,
7/19/2024 17:58:38,Jack H - Rakic#98298,Joaquin E - DiabolicMachine#23891,2-1,,1,Good games!,
7/19/2024 18:21:52,Emmett F - Sepulchure#51526,Nick A - Nistar#14127,2-1,,1,,
7/19/2024 18:30:21,Thomas C - jamberine#68248,Preston B - Vorbis#46420,2-0,,1,,
7/19/2024 18:38:03,Sawyer T - soyboy#35469,Daniel G - FriskyHobbit#43185,2-0,,1,,
7/19/2024 18:47:19,Evan C - PeasOfCrab#00133,Nick A - Nistar#14127,2-1,,1,,
7/19/2024 18:55:57,Dan A - BEATDOWNBRINGA#04779,Thomas C - jamberine#68248,2-0,,1,,
7/19/2024 19:17:02,Evan C - PeasOfCrab#00133,Richard K - preacher26#59445,2-0,,1,,
7/19/2024 19:42:08,Michael B - Monkeymage#12141,Jo H - JoCool#84350,2-0,,1,,
7/19/2024 20:02:43,Evan C - PeasOfCrab#00133,Michael B - Monkeymage#12141,2-0,,1,,
7/19/2024 20:39:26,Jordan M - JMTron#46639,Evan C - PeasOfCrab#00133,2-1,,1,,
7/19/2024 20:55:31,Sawyer T - soyboy#35469,Joaquin E - DiabolicMachine#23891,2-0,,1,,
7/19/2024 21:21:45,Jordan M - JMTron#46639,Bob P - HIT#08120,2-1,,1,,
7/19/2024 21:47:07,Christopher G - oompaloompa#65002,DeWitt K - SeethingOctopus#02129,2-1,,1,,
7/19/2024 22:22:04,Dan A - BEATDOWNBRINGA#04779,Sawyer T - soyboy#35469,2-0,,1,,
7/19/2024 22:53:43,Joaquin E - DiabolicMachine#23891,Zack H - HackZolt#31077,2-1,,1,,
7/19/2024 23:08:55,Bob P - HIT#08120,Christopher G - oompaloompa#65002,2-1,,1,,
7/19/2024 23:27:35,Dan A - BEATDOWNBRINGA#04779,Zack H - HackZolt#31077,2-0,,1,,
7/20/2024 9:55:44,Nick A - Nistar#14127,Bob P - HIT#08120,2-0,,1,,
7/20/2024 16:36:34,Emmett F - Sepulchure#51526,Matt F - MadeMyBus#92429,2-1,,1,,
7/20/2024 17:33:35,Jordan M - JMTron#46639,Daniel G - FriskyHobbit#43185,2-0,,1,,
7/20/2024 17:59:17,Jordan M - JMTron#46639,Nick A - Nistar#14127,2-0,,1,,
7/20/2024 19:15:45,Wei C - Azayaka#83352,Michael B - Monkeymage#12141,2-1,,1,,
7/20/2024 19:52:25,Jack H - Rakic#98298,Nick A - Nistar#14127,2-0,,1,,
7/20/2024 22:56:37,Michael B - Monkeymage#12141,Duncan M - RobRoyDuncan#16652,2-0,,1,,
7/20/2024 23:23:10,Christopher S - Stemz#96067,Jack H - Rakic#98298,2-0,,1,gg,
7/21/2024 10:52:39,Emmett F - Sepulchure#51526,Thijn H - Thi-Jin#83537,2-1,,1,,
7/21/2024 12:42:36,Daniel H - Cosmonaught#43147,Patrick M - FullestJ#22936,2-1,,1,,
7/21/2024 14:11:29,Daniel H - Cosmonaught#43147,Christopher S - Stemz#96067,2-0,,1,,
7/21/2024 15:14:00,Dan H - dan12456#37617,Daniel H - Cosmonaught#43147,2-1,,1,,
7/21/2024 16:32:16,Michael B - Monkeymage#12141,Christopher G - oompaloompa#65002,2-0,,1,,
7/21/2024 17:10:14,Dan H - dan12456#37617,Daniel G - FriskyHobbit#43185,2-1,,1,ggs,
7/21/2024 17:36:53,Christopher G - oompaloompa#65002,Dan H - dan12456#37617,2-0,,1,,
7/21/2024 20:41:19,Wei C - Azayaka#83352,James Mc - Fireball#69952,2-0,,1,,
7/21/2024 21:20:45,Joaquin E - DiabolicMachine#23891,Wei C - Azayaka#83352,2-1,,1,,
7/22/2024 20:26:22,Sawyer T - soyboy#35469,Zach C - ZachCarr#31881,2-0,,1,,
7/22/2024 21:09:32,Zach C - ZachCarr#31881,Joaquin E - DiabolicMachine#23891,2-1,,1,GGs,
7/22/2024 22:05:47,Emmett F - Sepulchure#51526,Zach C - ZachCarr#31881,2-0,,1,,
7/22/2024 23:28:28,Christopher G - oompaloompa#65002,Zach C - ZachCarr#31881,2-1,,1,,
7/23/2024 0:24:25,Zach C - ZachCarr#31881,Matt F - MadeMyBus#92429,2-1,,1,GGs,
7/23/2024 0:37:34,Dan A - BEATDOWNBRINGA#04779,Daniel G - FriskyHobbit#43185,2-1,,1,,
7/23/2024 18:54:10,James Mc - Fireball#69952,Dan A - BEATDOWNBRINGA#04779,2-1,,1,,
7/23/2024 22:01:13,Daniel G - FriskyHobbit#43185,Alex S - Nicol Bolas#02755,2-1,,1,,
7/24/2024 18:06:59,Jordan M - JMTron#46639,James Mc - Fireball#69952,2-1,,1,,