Timestamp,Winner Name,Loser Name,Result,Punishment Pack,Pack Generated,Notes,Punishment Pack,,Punishment Pack choice?
,,,,,,,,,
,,,,,,,,,
,,,,,,,,,
,,,,,,,,,
,,,,,,,,,
,,,,,,,,,
,,,,,,,,,
4/21/2023 17:46:13,Evan C - PeasOfCrab#00133,Emmett F - Sepulchure#51526,2-0,,1,gg,MOM,,
4/21/2023 17:47:16,Nicholas K - Bionick#55161,Paul G - TheDragon#61289,2-1,,1,,ONE,,
4/21/2023 17:49:10,Steve T - strout#45062,Chris Y - Yorke on Games#66909,2-1,,1,"You're welcome, Richard.",WAR,,
4/21/2023 17:50:21,Wyatt C - hotdolphin#30769,Nik S - njsiii#50504,2-1,,1,,WAR,,
4/21/2023 18:13:44,Noah B - Sisco#71800,Jeremy E - Lhurgoyf#37289,2-1,,1,,STX,,
4/21/2023 18:15:09,Nicholas K - Bionick#55161,Philip B - Plipster#75000,2-1,,1,,MOM,,
4/21/2023 18:16:18,Curtis K - Oblivion#40925,Warren M - LinkThePlaneswalker33#61905,2-1,,1,,ELD,,
4/21/2023 18:19:38,Damian S - ButCrackMagic#71223,Evan C - PeasOfCrab#00133,2-0,,1,,WAR,,
4/21/2023 18:26:48,Wyatt C - hotdolphin#30769,Paul G - TheDragon#61289,2-0,,1,,ONE,,
4/21/2023 18:42:17,Sawyer T - soyboy#35469,Anthony S - Kingboars#88381,2-1,,1,,MOM,,
4/21/2023 18:46:08,Drake M - KoMODO#43282,Emmett F - Sepulchure#51526,2-0,,1,Pack generated manually,MOM,,
4/21/2023 18:51:09,Philip B - Plipster#75000,Chris Y - Yorke on Games#66909,2-1,,1,,BRO,,
4/21/2023 18:52:21,Jeremy E - Lhurgoyf#37289,Evan C - PeasOfCrab#00133,2-0,,1,,WAR,,
4/21/2023 19:01:25,Paul G - TheDragon#61289,Anthony S - Kingboars#88381,2-1,,1,,MOM,,
4/21/2023 19:09:16,John P - gokuorgohome#51511,Wyatt C - hotdolphin#30769,2-1,,1,,WAR,,
4/21/2023 19:20:30,Jeremy E - Lhurgoyf#37289,Philip B - Plipster#75000,2-0,,1,,MOM,,
4/21/2023 19:29:17,Emmett F - Sepulchure#51526,Russell S - rstad#89052,2-0,,1,,MOM,,
4/21/2023 19:31:35,Zeke W - smarmyplatapus#30066,Anthony S - Kingboars#88381,2-1,,1,,MOM,,
4/21/2023 19:55:02,Damian S - ButCrackMagic#71223,Wyatt C - hotdolphin#30769,2-0,,1,,WAR,,
4/21/2023 20:02:44,Philip B - Plipster#75000,Sawyer T - soyboy#35469,2-0,,1,,MOM,,
4/21/2023 20:06:10,Curtis K - Oblivion#40925,Anthony S - Kingboars#88381,2-0,,1,,MOM,,
4/21/2023 20:08:46,Chris Y - Yorke on Games#66909,Zeke W - smarmyplatapus#30066,2-1,,1,Take the STX!!!,STX,,
4/21/2023 20:12:32,Bob P - HIT#08120,Doug Co - daceris#24713,2-0,,1,,MOM,,
4/21/2023 20:18:37,Matthew K - Tortag#62633,Aaron H - UlamogOurSaviour#56444,2-1,,1,,MOM,,
4/21/2023 20:34:00,Curtis K - Oblivion#40925,Dan A - BEATDOWNBRINGA#04779,2-0,,1,,MOM,,
4/21/2023 20:37:23,Anthony S - Kingboars#88381,Wyatt C - hotdolphin#30769,2-0,,1,,WAR,,
4/21/2023 20:41:01,Philip B - Plipster#75000,Wei C - Azayaka#83352,2-0,,1,,MOM,,
4/21/2023 20:52:33,Richard K - preacher26#59445,Chris Y - Yorke on Games#66909,2-0,,1,,IKO,,
4/21/2023 20:54:29,Ryan D - TheSlickness#10857,Steve T - strout#45062,2-0,,1,,MOM,,
4/21/2023 21:00:38,Bob P - HIT#08120,Matthew K - Tortag#62633,2-1,,1,,MOM,,
4/21/2023 21:14:07,Caleb G - Whynaut#28590,Mitchel S - SpaghettiMitch#18619,2-1,,1,,WAR,,
4/21/2023 21:37:42,Ryan D - TheSlickness#10857,Cody-Rayce MG - Rayce#56572,2-0,,1,,MOM,,
4/21/2023 21:41:54,Steve T - strout#45062,Bob P - HIT#08120,2-0,,1,GGs!,STX,,
4/21/2023 21:48:08,Mitchel S - SpaghettiMitch#18619,JP G - jaypiex#97612,2-1,,1,,MOM,,
4/21/2023 22:00:31,Steve T - strout#45062,Wei C - Azayaka#83352,2-0,,1,GGs!,MOM,,
4/21/2023 22:04:09,Caleb G - Whynaut#28590,Matthew K - Tortag#62633,2-0,,1,,MOM,,
4/21/2023 22:08:18,Zeke W - smarmyplatapus#30066,Cody-Rayce MG - Rayce#56572,2-0,,1,,MOM,,
4/21/2023 22:14:07,Johnny M - Johnny#69519,Kevin I - kni1993#29285,2-0,,1,,DMU,,
4/21/2023 22:24:01,Caleb G - Whynaut#28590,Steve T - strout#45062,2-1,,1,,IKO,,
4/21/2023 22:35:40,Johnny M - Johnny#69519,Matthew K - Tortag#62633,2-0,,1,,MOM,,
4/21/2023 22:44:23,Sawyer T - soyboy#35469,Damian S - ButCrackMagic#71223,2-1,,1,,WAR,,
4/21/2023 22:51:13,Emmett F - Sepulchure#51526,Cody-Rayce MG - Rayce#56572,2-0,,1,Stip Mom,IKO,,
4/21/2023 22:55:52,Ryland B - Sabre#12079,Rafael F - Prudent#24319,2-0,,1,,MOM,,
4/21/2023 23:11:22,Dan A - BEATDOWNBRINGA#04779,Kevin I - kni1993#29285,2-1,,1,,MOM,,
4/21/2023 23:14:12,Jaidin M - MnemonicDevice#38774,Wei C - Azayaka#83352,2-0,,1,Good luck on 5c dream!,DMU,,
4/21/2023 23:25:11,Matthew K - Tortag#62633,Deseo C - StandoPow3r#13414,2-1,,1,,ELD,,
4/21/2023 23:44:09,Johnny M - Johnny#69519,Sylvain T - Iquitos#15484,2-0,,1,,IKO,,
4/22/2023 0:04:09,Jeremy E - Lhurgoyf#37289,Deseo C - StandoPow3r#13414,2-1,,1,,STX,,
4/22/2023 0:21:25,Paul G - TheDragon#61289,Evan C - PeasOfCrab#00133,2-1,,1,,WAR,,
4/22/2023 0:30:34,Johnny M - Johnny#69519,Nathan W - topographology#26363,2-0,,1,,MOM,,
4/22/2023 0:34:14,Wesley K - weslars#49889,Deseo C - StandoPow3r#13414,2-1,,1,,DMU,,
4/22/2023 0:50:58,Nathan W - topographology#26363,Paul G - TheDragon#61289,2-1,,1,,MOM,,
4/22/2023 0:55:40,Dan A - BEATDOWNBRINGA#04779,Sylvain T - Iquitos#15484,2-1,,1,,IKO,,
4/22/2023 1:07:43,Rafael F - Prudent#24319,Wesley K - weslars#49889,2-1,,1,,MOM,,
4/22/2023 1:09:45,Deseo C - StandoPow3r#13414,Sawyer T - soyboy#35469,2-0,,1,,MOM,,
4/22/2023 1:43:08,Mitchel S - SpaghettiMitch#18619,Deseo C - StandoPow3r#13414,2-0,,1,,ONE,,
4/22/2023 2:10:29,Damian S - ButCrackMagic#71223,Wei C - Azayaka#83352,2-0,,1,,DMU,,
4/22/2023 3:11:06,Wei C - Azayaka#83352,Aaron H - UlamogOurSaviour#56444,2-1,,1,,MOM,,
4/22/2023 9:28:36,Caleb G - Whynaut#28590,Curtis K - Oblivion#40925,2-1,,1,,STX,,
4/22/2023 9:46:32,Aaron H - UlamogOurSaviour#56444,Ryland B - Sabre#12079,2-1,,1,,WAR,,
4/22/2023 10:01:25,Caleb G - Whynaut#28590,Kevin I - kni1993#29285,2-1,,1,,DMU,,
4/22/2023 10:31:28,Dan A - BEATDOWNBRINGA#04779,Ryland B - Sabre#12079,2-1,,1,,STX,,
4/22/2023 10:38:38,Aaron H - UlamogOurSaviour#56444,Drake M - KoMODO#43282,2-1,,1,,MOM,,
4/22/2023 10:48:24,Dan A - BEATDOWNBRINGA#04779,Mike P - UnwieldyBiscuit#26471,2-0,,1,,WAR,,
4/22/2023 10:49:18,Curtis K - Oblivion#40925,Kevin I - kni1993#29285,2-1,,1,,VOW,,
4/22/2023 11:18:34,Drake M - KoMODO#43282,Mike P - UnwieldyBiscuit#26471,2-0,,1,,MOM,,
4/22/2023 11:21:55,Lotte P - Lotte #93345,Brendan Y - Earthmover#56028,2-0,,1,,WAR,,
4/22/2023 12:08:38,Zeke W - smarmyplatapus#30066,Brendan Y - Earthmover#56028,2-0,,1,,WAR,,
4/22/2023 12:30:47,Drake M - KoMODO#43282,Lotte P - Lotte #93345,2-0,,1,,MOM,,
4/22/2023 13:30:51,Adam S - wizma#29010,Pedro D - Goombassa#17203,2-1,,1,Welcome to the League!! Good games,MOM,,
4/22/2023 13:56:37,Jacob V - Drysle#29533,Daniel G - FriskyHobbit#43185,2-1,,1,,MOM,,
4/22/2023 14:04:15,Drake M - KoMODO#43282,Damian S - ButCrackMagic#71223,2-0,,1,,IKO,,
4/22/2023 14:07:59,Brendan Y - Earthmover#56028,Pedro D - Goombassa#17203,2-0,,1,,MOM,,
4/22/2023 14:11:09,Kevin I - kni1993#29285,Wesley K - weslars#49889,2-1,,1,Ggs,MOM,,
4/22/2023 14:39:09,Pedro D - Goombassa#17203,Jacob V - Drysle#29533,2-1,,1,GGs,MOM,,
4/22/2023 15:11:06,Wesley K - weslars#49889,Daniel G - FriskyHobbit#43185,2-1,,1,,MOM,,
4/22/2023 15:21:06,Richard K - preacher26#59445,Pedro D - Goombassa#17203,2-0,,1,,GRN,,
4/22/2023 15:43:44,Daniel G - FriskyHobbit#43185,Thaddeus G - uncapitalized#64977,2-0,,1,,MOM,,
4/22/2023 16:02:12,Jeremy E - Lhurgoyf#37289,John P - gokuorgohome#51511,2-0,,1,ggs john!,MOM,,
4/22/2023 16:28:47,Wesley K - weslars#49889,Jacob V - Drysle#29533,2-1,,1,,MOM,,
4/22/2023 17:05:29,Daniel G - FriskyHobbit#43185,John P - gokuorgohome#51511,2-1,,1,,MOM,,
4/22/2023 17:08:45,Warren M - LinkThePlaneswalker33#61905,Nik S - njsiii#50504,2-0,,1,,MOM,,
4/22/2023 17:23:51,Adam S - wizma#29010,Bill D - Cato Phoenix#70805,2-0,,1,Good games!,MOM,,
4/22/2023 17:25:55,Jacob V - Drysle#29533,Joe T - elasticity#07466,2-0,,1,,MOM,,
4/22/2023 17:26:13,Aus Z - ImperialPlaneswalker#40420,Reed P - bigfingsnake#86869,2-0,,1,,MOM,,
4/22/2023 17:36:04,John P - gokuorgohome#51511,Nik S - njsiii#50504,2-0,,1,,MOM,,
4/22/2023 17:41:11,Jacob V - Drysle#29533,Aus Z - ImperialPlaneswalker#40420,2-0,,1,,MOM,,
4/22/2023 17:59:26,Nik S - njsiii#50504,Aaron H - UlamogOurSaviour#56444,2-0,,1,,WAR,,
4/22/2023 18:03:03,Mitchel S - SpaghettiMitch#18619,Joe T - elasticity#07466,2-0,,1,,MOM,,
4/22/2023 18:25:07,Aus Z - ImperialPlaneswalker#40420,Bill D - Cato Phoenix#70805,2-1,,1,,IKO,,
4/22/2023 18:27:53,Daniel G - FriskyHobbit#43185,Nik S - njsiii#50504,2-1,,1,Sry bout the mull to 5,MOM,,
4/22/2023 19:26:06,John P - gokuorgohome#51511,Bill D - Cato Phoenix#70805,2-1,,1,,IKO,,
4/22/2023 19:35:10,Warren M - LinkThePlaneswalker33#61905,Zeke W - smarmyplatapus#30066,2-0,,1,,STX,,
4/22/2023 19:53:23,Reed P - bigfingsnake#86869,Russell S - rstad#89052,2-0,,1,,MOM,,
4/22/2023 20:23:18,Noah B - Sisco#71800,Reed P - bigfingsnake#86869,2-0,,1,,MOM,,
4/22/2023 20:31:05,Bob P - HIT#08120,Aus Z - ImperialPlaneswalker#40420,2-1,,1,,MOM,,
4/22/2023 21:08:28,Aus Z - ImperialPlaneswalker#40420,Noah B - Sisco#71800,2-0,,1,,MOM,,
4/22/2023 21:14:58,Reed P - bigfingsnake#86869,Adam S - wizma#29010,2-1,,1,,MOM,,
4/22/2023 22:48:06,Joe T - elasticity#07466,Rafael F - Prudent#24319,2-1,,1,,MOM,,
4/23/2023 1:39:22,Shuo L - Tamamo#30654,Warren M - LinkThePlaneswalker33#61905,2-0,,1,,MOM,,
4/23/2023 9:36:15,Ryland B - Sabre#12079,Lotte P - Lotte #93345,2-0,,1,,MOM,,
4/23/2023 12:41:01,Pierre-Marc D - pmduguay#67919,Mike P - UnwieldyBiscuit#26471,2-1,,1,,WAR,,
4/23/2023 12:57:42,Pierre-Marc D - pmduguay#67919,Brendan Y - Earthmover#56028,2-0,,1,,WAR,,
4/23/2023 13:55:46,Pierre-Marc D - pmduguay#67919,Ron C - lennor#52740,2-1,,1,,MOM,,
4/23/2023 14:14:42,Jake C - the_man_mulcahey#74753,Johnny M - Johnny#69519,2-0,,1,,MOM,,
4/23/2023 14:29:40,Pierre-Marc D - pmduguay#67919,Michael M - Atombomb11991#07305,2-1,,1,,WAR,,
4/23/2023 14:41:31,Ryland B - Sabre#12079,Dan K - Fizishy#82483,2-0,,1,,IKO,,
4/23/2023 15:31:40,Michael M - Atombomb11991#07305,Dan K - Fizishy#82483,2-0,,1,,IKO,,
4/23/2023 16:28:31,Mitchel S - SpaghettiMitch#18619,Michael M - Atombomb11991#07305,2-0,,1,,WAR,,
4/23/2023 17:36:17,Ryan D - TheSlickness#10857,Dan K - Fizishy#82483,2-1,,1,,IKO,,
4/23/2023 17:49:48,Chris O - TheAlphabet#27489,Shuo L - Tamamo#30654,2-1,,1,,WAR,,
4/23/2023 18:06:52,Jaidin M - MnemonicDevice#38774,Chris O - TheAlphabet#27489,2-0,,1,,WAR,,
4/23/2023 18:17:33,Dan K - Fizishy#82483,Shuo L - Tamamo#30654,2-0,,1,,WAR,,
4/23/2023 18:18:58,Thaddeus G - uncapitalized#64977,Ryan D - TheSlickness#10857,2-0,,1,,MOM,,
4/23/2023 18:45:05,Lotte P - Lotte #93345,Ron C - lennor#52740,2-1,,1,,MOM,,
4/23/2023 19:02:44,Jordan M - JMTron#46639,Jaidin M - MnemonicDevice#38774,2-1,,1,,MOM,,
4/23/2023 19:41:19,JP G - jaypiex#97612,Ron C - lennor#52740,2-0,,1,,MOM,,
4/23/2023 20:52:03,Jake C - the_man_mulcahey#74753,Brian H - havzy#28494,2-1,,1,,RNA,,
4/23/2023 20:57:01,John R - Ged#72302,Jaidin M - MnemonicDevice#38774,2-0,,1,ggs,MOM,,
4/23/2023 21:37:12,Maranda L - BlackCanary#59791,David R - Roooster#49289,2-0,,1,,MOM,,
4/23/2023 21:56:37,Brian H - havzy#28494,Maranda L - BlackCanary#59791,2-0,,1,,MOM,,
4/23/2023 22:24:25,Pierre-Marc D - pmduguay#67919,Brian H - havzy#28494,2-0,,1,,RNA,,
4/23/2023 23:05:01,Eric S - Smitte#94855,Dan K - Fizishy#82483,2-1,,1,,IKO,,
4/23/2023 23:59:06,Sawyer T - soyboy#35469,Brian H - havzy#28494,2-1,,1,,RNA,,
4/24/2023 1:04:55,Sylvain T - Iquitos#15484,Maranda L - BlackCanary#59791,2-0,,1,,MOM,,
4/24/2023 1:38:37,Rafael F - Prudent#24319,Sylvain T - Iquitos#15484,2-1,,1,,IKO,,
4/24/2023 12:25:30,Lotte P - Lotte #93345,Eric S - Smitte#94855,2-1,,1,,MOM,,
4/24/2023 13:29:36,Jordan M - JMTron#46639,Jake C - the_man_mulcahey#74753,2-0,,1,,MOM,,
4/24/2023 13:50:46,Chris P - Joker01#66827,Shane K - Malfunktion#31013,2-0,,1,,IKO,,
4/24/2023 14:45:36,Russell S - rstad#89052,Josh G - MrDoops#24495,2-0,,1,,MOM,,
4/24/2023 15:03:55,Brian H - havzy#28494,Jordan M - JMTron#46639,2-1,,1,,MOM,,
4/24/2023 15:27:54,Eric S - Smitte#94855,Josh G - MrDoops#24495,2-0,,1,,MOM,,
4/24/2023 16:05:21,Shane K - Malfunktion#31013,Nicholas K - Bionick#55161,2-1,,1,,MOM,,
4/24/2023 16:53:24,Trevor F - treskies#75643,Serge T - Sergyboy514#39979,2-1,,1,,MOM,,
4/24/2023 17:24:27,Chris O - TheAlphabet#27489,Shane K - Malfunktion#31013,2-0,,1,,IKO,,
4/24/2023 17:50:25,Shuo L - Tamamo#30654,Troy R - Pengwin#05127,2-1,,1,,WAR,,
4/24/2023 18:19:54,Adam S - wizma#29010,Troy R - Pengwin#05127,2-0,,1,Great games!,MOM,,
4/24/2023 18:52:39,Serge T - Sergyboy514#39979,Troy R - Pengwin#05127,2-0,,1,,MOM,,
4/24/2023 19:11:36,Shuo L - Tamamo#30654,Jordan M - JMTron#46639,2-1,,1,,MOM,,
4/24/2023 19:33:00,Reed P - bigfingsnake#86869,Chris Y - Yorke on Games#66909,2-0,,1,GGs! fun feature match,WAR,,
4/24/2023 19:45:34,Trevor F - treskies#75643,Troy R - Pengwin#05127,2-0,,1,,IKO,,
4/24/2023 20:08:03,JP G - jaypiex#97612,Trevor F - treskies#75643,2-0,,1,,MOM,,
4/24/2023 20:52:36,Bob P - HIT#08120,Pedro D - Goombassa#17203,2-0,,1,,MOM,,
4/24/2023 20:59:02,JP G - jaypiex#97612,Lisa T - Amelli#58421,2-0,,1,,WAR,,
4/24/2023 21:49:22,David R - Roooster#49289,Adam S - wizma#29010,2-0,,1,,MOM,,
4/24/2023 22:33:38,David R - Roooster#49289,Bill D - Cato Phoenix#70805,2-0,,1,,STX,,
4/24/2023 22:50:03,Evan C - PeasOfCrab#00133,Eric S - Smitte#94855,2-1,,1,,MOM,,
4/24/2023 23:02:08,Lisa T - Amelli#58421,Ron C - lennor#52740,2-0,,1,,DOM,,
4/24/2023 23:15:15,Bill D - Cato Phoenix#70805,Stephen W - Biceps_Inc#28236,2-0,,1,,WAR,,
4/25/2023 10:14:15,Lisa T - Amelli#58421,Cody M - DeadheadCody#60535,2-0,,1,Resubmit due to incorrect pack,BRO,,
4/25/2023 12:55:04,Noah B - Sisco#71800,John R - Ged#72302,2-0,,1,,MOM,,
4/25/2023 14:10:09,Chris P - Joker01#66827,John R - Ged#72302,2-1,,1,,MOM,,
4/25/2023 14:40:16,John R - Ged#72302,Troy R - Pengwin#05127,2-1,,1,ggs,IKO,,
4/25/2023 14:53:03,Sean Sp - Talrand#06333,Chris P - Joker01#66827,2-1,,1,,MOM,,
4/25/2023 15:50:56,Chris P - Joker01#66827,Josh G - MrDoops#24495,2-0,,1,,MOM,,
4/25/2023 16:51:56,Warren M - LinkThePlaneswalker33#61905,Sean Sp - Talrand#06333,2-0,,1,,MOM,,
4/25/2023 18:07:04,Cody-Rayce MG - Rayce#56572,Jaidin M - MnemonicDevice#38774,2-1,,1,ggs weird stip,MOM,,
4/25/2023 18:53:49,Shane K - Malfunktion#31013,Josh G - MrDoops#24495,2-0,,1,,MOM,,
4/25/2023 21:15:44,Thaddeus G - uncapitalized#64977,Serge T - Sergyboy514#39979,2-1,,1,,DOM,,
4/25/2023 21:17:18,Chris O - TheAlphabet#27489,Ryan D - TheSlickness#10857,2-1,,1,,MOM,,
4/25/2023 21:28:04,Cody-Rayce MG - Rayce#56572,Michael M - Atombomb11991#07305,2-1,,1,ggs wp pauper stip,WAR,,
4/25/2023 22:26:27,Chris R - Sinkwater#27508,Lisa T - Amelli#58421,2-0,,1,,WAR,,
4/25/2023 22:51:13,Thaddeus G - uncapitalized#64977,Brendan Y - Earthmover#56028,2-1,,1,,WAR,,
4/25/2023 23:09:56,Sean Sp - Talrand#06333,Eric S - Smitte#94855,2-1,,1,,MOM,,
4/26/2023 13:20:01,Jake C - the_man_mulcahey#74753,Shane K - Malfunktion#31013,2-0,,1,,MOM,,
4/26/2023 17:33:04,Thaddeus G - uncapitalized#64977,Chris R - Sinkwater#27508,2-0,,1,,MOM,,
4/26/2023 17:39:09,Noah B - Sisco#71800,Richard K - preacher26#59445,2-1,,1,,MOM,,
4/26/2023 18:50:51,Chris R - Sinkwater#27508,Richard K - preacher26#59445,2-0,,1,,MOM,,
4/26/2023 21:03:19,Maranda L - BlackCanary#59791,Trevor F - treskies#75643,2-0,,1,,MOM,,
4/26/2023 22:17:28,Mike P - UnwieldyBiscuit#26471,Nicholas K - Bionick#55161,2-1,,1,,MOM,,
4/26/2023 22:37:21,Sean Sp - Talrand#06333,Mike P - UnwieldyBiscuit#26471,2-1,,1,,MOM,,
4/26/2023 23:00:37,Nicholas K - Bionick#55161,Sean Sp - Talrand#06333,2-1,,1,,MOM,,
4/27/2023 0:05:28,Maranda L - BlackCanary#59791,James S - TortillaThePun#11942,2-0,,1,,SIR,,
4/27/2023 15:47:34,Jordan M - JMTron#46639,Doug Co - daceris#24713,2-0,,1,,MOM,,
4/27/2023 16:08:55,Doug Co - daceris#24713,Josh G - MrDoops#24495,2-0,,1,,MOM,,
4/27/2023 17:22:07,James S - TortillaThePun#11942,John R - Ged#72302,2-1,,1,,MOM,,
4/27/2023 17:38:49,James S - TortillaThePun#11942,Chris R - Sinkwater#27508,2-0,,1,,MOM,,
4/27/2023 17:46:25,Chris P - Joker01#66827,Lisa T - Amelli#58421,2-0,,1,,MOM,,
4/27/2023 18:24:48,Richard K - preacher26#59445,Christopher G - oompaloompa#65002,2-1,,1,,DMU,,
4/27/2023 19:00:08,Christopher G - oompaloompa#65002,Emmett F - Sepulchure#51526,2-1,,1,,MOM,,
4/27/2023 19:59:23,Trevor F - treskies#75643,James S - TortillaThePun#11942,2-1,,1,,MOM,,
4/27/2023 21:32:39,JP G - jaypiex#97612,James S - TortillaThePun#11942,2-0,,1,,MOM,,
4/27/2023 22:03:05,Stephen W - Biceps_Inc#28236,Christopher G - oompaloompa#65002,2-1,,1,,ELD,,
4/28/2023 1:40:43,Stephen W - Biceps_Inc#28236,Nathan W - topographology#26363,2-0,,1,,MOM,,
4/28/2023 10:24:39,Chris O - TheAlphabet#27489,Sylvain T - Iquitos#15484,2-0,,1,,IKO,,
4/28/2023 11:53:08,Russell S - rstad#89052,Trent B - Edgelord42069#62642,2-1,,1,,IKO,,
4/28/2023 12:28:48,Doug Co - daceris#24713,Trent B - Edgelord42069#62642,2-1,,1,,IKO,,
4/28/2023 12:48:41,Trent B - Edgelord42069#62642,Adam D - Adam#54521,2-0,,1,,AKR,,
4/28/2023 13:51:41,Russell S - rstad#89052,Adam D - Adam#54521,2-0,,1,,ELD,,
4/28/2023 14:23:28,Adam D - Adam#54521,Joe T - elasticity#07466,2-1,,1,,MOM,,
4/28/2023 15:06:18,Joe T - elasticity#07466,Cody M - DeadheadCody#60535,2-0,,1,,ONE,,
4/28/2023 15:58:52,Cody M - DeadheadCody#60535,Doug Co - daceris#24713,2-0,,1,,MOM,,
4/28/2023 17:25:03,Ryan D - TheSlickness#10857,Steve T - strout#45062,2-0,,1,,MOM,,
4/28/2023 17:45:15,Cody-Rayce MG - Rayce#56572,Paul G - TheDragon#61289,2-0,,1,ggs,MOM,,
4/28/2023 17:56:47,Dan A - BEATDOWNBRINGA#04779,Paul G - TheDragon#61289,2-0,,1,,MOM,,
4/28/2023 18:18:40,Ryan D - TheSlickness#10857,John P - gokuorgohome#51511,2-1,,1,,MOM,,
4/28/2023 18:19:38,Cody-Rayce MG - Rayce#56572,Dan A - BEATDOWNBRINGA#04779,2-0,,1,ggs,MOM,,
4/28/2023 19:13:10,John P - gokuorgohome#51511,Paul G - TheDragon#61289,2-1,,1,,BRO,,
4/28/2023 19:57:49,Cody-Rayce MG - Rayce#56572,Zeke W - smarmyplatapus#30066,2-1,,1,ggs!,STX,,
4/28/2023 20:13:16,Rafael F - Prudent#24319,Dan K - Fizishy#82483,2-0,,1,,MOM,,
4/28/2023 20:32:46,Cody-Rayce MG - Rayce#56572,Matthew K - Tortag#62633,2-1,,1,ggs wp,STX,,
4/28/2023 20:57:47,Caleb G - Whynaut#28590,Bob P - HIT#08120,2-0,,1,,STX,,
4/28/2023 21:00:19,Zeke W - smarmyplatapus#30066,Dan A - BEATDOWNBRINGA#04779,2-1,,1,,MOM,,
4/28/2023 21:09:12,Chris Y - Yorke on Games#66909,Dan K - Fizishy#82483,2-0,,1,Back to MOM!,MOM,,
4/28/2023 21:14:14,Daniel G - FriskyHobbit#43185,Wyatt C - hotdolphin#30769,2-0,,1,,DMU,,
4/28/2023 21:27:04,Zeke W - smarmyplatapus#30066,Caleb G - Whynaut#28590,2-1,,1,,MOM,,
4/28/2023 21:40:08,Bob P - HIT#08120,Chris Y - Yorke on Games#66909,2-0,,1,,DMU,,
4/28/2023 21:58:09,Daniel G - FriskyHobbit#43185,Matthew K - Tortag#62633,2-0,,1,,MOM,,
4/28/2023 22:00:59,Wyatt C - hotdolphin#30769,Sawyer T - soyboy#35469,2-1,,1,,MOM,,
4/28/2023 22:26:55,Nicholas K - Bionick#55161,Chris Y - Yorke on Games#66909,2-0,,1,,STX,,
4/28/2023 22:33:16,Wesley K - weslars#49889,Matthew K - Tortag#62633,2-1,,1,,MOM,,
4/28/2023 22:44:19,Wyatt C - hotdolphin#30769,Joe T - elasticity#07466,2-1,,1,,MOM,,
4/28/2023 22:50:53,Daniel G - FriskyHobbit#43185,Caleb G - Whynaut#28590,2-1,,1,,MOM,,
4/28/2023 23:04:27,Wesley K - weslars#49889,Nicholas K - Bionick#55161,2-1,,1,,MOM,,
4/28/2023 23:24:39,Wyatt C - hotdolphin#30769,Nicholas K - Bionick#55161,2-0,,1,,M19,,
4/28/2023 23:31:00,Chris Y - Yorke on Games#66909,Matthew K - Tortag#62633,2-0,,1,GGs!,STX,,
4/28/2023 23:32:17,Caleb G - Whynaut#28590,Steve T - strout#45062,2-1,,1,,MOM,,
4/29/2023 0:03:14,Caleb G - Whynaut#28590,Sylvain T - Iquitos#15484,2-0,,1,,STX,,
4/29/2023 0:20:32,Matthew K - Tortag#62633,Steve T - strout#45062,2-0,,1,,MOM,,
4/29/2023 0:50:04,Drake M - KoMODO#43282,Wyatt C - hotdolphin#30769,2-1,,1,,DMU,,
4/29/2023 1:04:05,Sawyer T - soyboy#35469,Philip B - Plipster#75000,2-0,,1,,MOM,,
4/29/2023 1:10:06,Johnny M - Johnny#69519,Pedro D - Goombassa#17203,2-0,,1,,MOM,,
4/29/2023 1:11:07,Wesley K - weslars#49889,Paul G - TheDragon#61289,2-0,,1,,MOM,,
4/29/2023 1:34:57,Paul G - TheDragon#61289,Steve T - strout#45062,2-1,,1,,MOM,,
4/29/2023 1:53:03,Sawyer T - soyboy#35469,Wesley K - weslars#49889,2-0,,1,,MOM,,
4/29/2023 1:56:12,Philip B - Plipster#75000,Johnny M - Johnny#69519,2-1,,1,,MOM,,
4/29/2023 2:30:01,Stephen W - Biceps_Inc#28236,Philip B - Plipster#75000,2-1,,1,,MOM,,
4/29/2023 2:53:37,Warren M - LinkThePlaneswalker33#61905,Pedro D - Goombassa#17203,2-0,,1,,MOM,,
4/29/2023 3:24:09,Philip B - Plipster#75000,Wesley K - weslars#49889,2-0,,1,,MOM,,
4/29/2023 9:53:44,Johnny M - Johnny#69519,Bob P - HIT#08120,2-0,,1,,DMU,,
4/29/2023 11:10:52,Lotte P - Lotte #93345,Cody M - DeadheadCody#60535,2-0,,1,,DMU,,
4/29/2023 11:50:03,Lotte P - Lotte #93345,Jeremy E - Lhurgoyf#37289,2-0,,1,,STX,,
4/29/2023 11:54:01,Adam S - wizma#29010,Cody M - DeadheadCody#60535,2-0,,1,Good games!,MOM,,
4/29/2023 13:49:54,Bob P - HIT#08120,Jacob V - Drysle#29533,2-1,,1,,MOM,,
4/29/2023 14:27:26,Richard K - preacher26#59445,Jacob V - Drysle#29533,2-0,,1,,MOM,,
4/29/2023 15:22:07,Drake M - KoMODO#43282,Serge T - Sergyboy514#39979,2-0,,1,,MOM,,
4/29/2023 16:36:58,Serge T - Sergyboy514#39979,Jacob V - Drysle#29533,2-0,,1,,MOM,,
4/29/2023 17:38:00,Philip B - Plipster#75000,Mitchel S - SpaghettiMitch#18619,2-1,,1,,THB,,
4/29/2023 19:10:35,John P - gokuorgohome#51511,Reed P - bigfingsnake#86869,2-1,,1,,MOM,,
4/29/2023 20:33:24,Reed P - bigfingsnake#86869,Bob P - HIT#08120,2-1,,1,,DMU,,
4/29/2023 21:51:08,Reed P - bigfingsnake#86869,Damian S - ButCrackMagic#71223,2-0,,1,,DMU,,
4/29/2023 22:03:43,Maranda L - BlackCanary#59791,Lisa T - Amelli#58421,2-0,,1,,DMU,,
4/29/2023 22:45:35,Maranda L - BlackCanary#59791,Damian S - ButCrackMagic#71223,2-1,,1,,DMU,,
4/29/2023 22:51:17,Mitchel S - SpaghettiMitch#18619,Jacob V - Drysle#29533,2-0,,1,,DMU,,
4/30/2023 1:14:37,Sylvain T - Iquitos#15484,Stephen W - Biceps_Inc#28236,2-0,,1,,MOM,,
4/30/2023 2:33:28,Warren M - LinkThePlaneswalker33#61905,Reed P - bigfingsnake#86869,2-1,,1,,SNC,,
4/30/2023 10:15:12,John R - Ged#72302,Nik S - njsiii#50504,2-0,,1,,MOM,,
4/30/2023 10:42:15,Richard K - preacher26#59445,Nik S - njsiii#50504,2-1,,1,,MOM,,
4/30/2023 11:20:04,Evan C - PeasOfCrab#00133,Rafael F - Prudent#24319,2-1,,1,,MOM,,
4/30/2023 11:58:38,Lotte P - Lotte #93345,Drake M - KoMODO#43282,2-1,,1,,MOM,,
4/30/2023 12:40:07,Drake M - KoMODO#43282,Mike P - UnwieldyBiscuit#26471,2-0,,1,,MOM,,
4/30/2023 13:18:18,Evan C - PeasOfCrab#00133,Jeremy E - Lhurgoyf#37289,2-1,,1,,STX,,
4/30/2023 13:46:53,Drake M - KoMODO#43282,Chris R - Sinkwater#27508,2-1,,1,,MOM,,
4/30/2023 13:50:54,Reed P - bigfingsnake#86869,Michael M - Atombomb11991#07305,2-1,,1,,MOM,,
4/30/2023 13:57:33,Lotte P - Lotte #93345,Jacob V - Drysle#29533,2-0,,1,,DMU,,
4/30/2023 14:37:39,Mitchel S - SpaghettiMitch#18619,Chris R - Sinkwater#27508,2-1,,1,,MOM,,
4/30/2023 15:31:13,Serge T - Sergyboy514#39979,Rafael F - Prudent#24319,2-1,,1,,MOM,,
4/30/2023 15:37:11,Lotte P - Lotte #93345,John P - gokuorgohome#51511,2-1,,1,,MOM,,
4/30/2023 15:47:15,Chris R - Sinkwater#27508,Mike P - UnwieldyBiscuit#26471,2-0,,1,,MOM,,
4/30/2023 16:44:59,Michael M - Atombomb11991#07305,Brendan Y - Earthmover#56028,2-1,,1,,STX,,
4/30/2023 17:56:16,Mitchel S - SpaghettiMitch#18619,Michael M - Atombomb11991#07305,2-0,,1,,MOM,,
4/30/2023 18:48:44,Dan A - BEATDOWNBRINGA#04779,Shuo L - Tamamo#30654,2-1,,1,,STX,,
4/30/2023 19:10:25,Adam S - wizma#29010,Aus Z - ImperialPlaneswalker#40420,2-0,,1,,STX,,
4/30/2023 19:37:56,Noah B - Sisco#71800,Lisa T - Amelli#58421,2-0,,1,,MOM,,
4/30/2023 19:51:40,Shuo L - Tamamo#30654,Trent B - Edgelord42069#62642,2-0,,1,,ELD,,
4/30/2023 20:29:38,Noah B - Sisco#71800,JP G - jaypiex#97612,2-0,,1,,MOM,,
4/30/2023 20:41:33,Chris R - Sinkwater#27508,Brendan Y - Earthmover#56028,2-1,,1,,STX,,
4/30/2023 20:45:17,JP G - jaypiex#97612,Mike P - UnwieldyBiscuit#26471,2-0,,1,,STX,,
4/30/2023 22:26:39,Evan C - PeasOfCrab#00133,Jordan M - JMTron#46639,2-0,,1,,MOM,,
4/30/2023 22:41:11,Nicholas K - Bionick#55161,Mike P - UnwieldyBiscuit#26471,2-1,,1,,NEO,,
4/30/2023 23:24:01,Evan C - PeasOfCrab#00133,Sylvain T - Iquitos#15484,2-0,,1,,STX,,
5/1/2023 0:12:46,Sean Sp - Talrand#06333,Mike P - UnwieldyBiscuit#26471,2-0,,1,,AFR,,
5/1/2023 0:28:47,Sean Sp - Talrand#06333,Nicholas K - Bionick#55161,2-0,,1,,MOM,,
5/1/2023 10:11:33,Adam S - wizma#29010,Kevin I - kni1993#29285,2-0,,1,Ggs! ,STX,,
5/1/2023 11:03:28,Kevin I - kni1993#29285,Trent B - Edgelord42069#62642,2-0,,1,Ggs,MOM,,
5/1/2023 12:08:39,Trent B - Edgelord42069#62642,Ryan D - TheSlickness#10857,2-0,,1,,MOM,,
5/1/2023 13:02:11,Kevin I - kni1993#29285,Jeremy E - Lhurgoyf#37289,2-1,,1,Ggs,STX,,
5/1/2023 13:13:37,Chris P - Joker01#66827,Jordan M - JMTron#46639,2-1,,1,,MOM,,
5/1/2023 13:37:19,Kevin I - kni1993#29285,Sylvain T - Iquitos#15484,2-0,,1,Ggs,STX,,
5/1/2023 15:04:45,Jordan M - JMTron#46639,Shuo L - Tamamo#30654,2-1,,1,,STX,,
5/1/2023 15:14:12,Richard K - preacher26#59445,Warren M - LinkThePlaneswalker33#61905,2-0,,1,,MOM,,
5/1/2023 15:48:57,Maranda L - BlackCanary#59791,Shuo L - Tamamo#30654,2-0,,1,,STX,,
5/1/2023 16:50:51,Noah B - Sisco#71800,Jordan M - JMTron#46639,2-1,,1,,MOM,,
5/1/2023 17:12:02,Adam S - wizma#29010,Ryland B - Sabre#12079,2-0,,1,Mull to 4 :( Sorry!,STX,,
5/1/2023 17:33:33,Maranda L - BlackCanary#59791,Emmett F - Sepulchure#51526,2-0,,1,,DMU,,
5/1/2023 17:58:31,Kevin I - kni1993#29285,Chris O - TheAlphabet#27489,2-0,,1,,DMU,,
5/1/2023 18:03:54,Chris R - Sinkwater#27508,Troy R - Pengwin#05127,2-1,,1,,MOM,,
5/1/2023 18:47:12,Chris P - Joker01#66827,Troy R - Pengwin#05127,2-0,,1,,MOM,,
5/1/2023 19:16:43,Sawyer T - soyboy#35469,Troy R - Pengwin#05127,2-0,,1,,MOM,,
5/1/2023 19:44:06,Chris Y - Yorke on Games#66909,John P - gokuorgohome#51511,2-1,,1,MOM POP SHOP!,MOM,,
5/1/2023 19:48:00,Trevor F - treskies#75643,Russell S - rstad#89052,2-1,,1,,MOM,,
5/1/2023 20:00:13,Troy R - Pengwin#05127,Pedro D - Goombassa#17203,2-0,,1,,SNC,,
5/1/2023 20:41:26,Adam S - wizma#29010,Trent B - Edgelord42069#62642,2-1,,1,Super close games! Good luck with the rest of your matches!,MOM,,
5/1/2023 21:01:17,Daniel G - FriskyHobbit#43185,Ryan D - TheSlickness#10857,2-0,,1,,MOM,,
5/1/2023 21:27:20,Russell S - rstad#89052,Trent B - Edgelord42069#62642,2-1,,1,,MOM,,
5/1/2023 21:28:53,Chris R - Sinkwater#27508,Trevor F - treskies#75643,2-1,,1,,MOM,,
5/1/2023 21:32:08,Zeke W - smarmyplatapus#30066,Pedro D - Goombassa#17203,2-1,,1,,SNC,,
5/1/2023 22:14:25,Troy R - Pengwin#05127,Sylvain T - Iquitos#15484,2-0,,1,,STX,,
5/1/2023 22:20:13,Eric S - Smitte#94855,Trent B - Edgelord42069#62642,2-0,,1,,MOM,,
5/1/2023 23:15:40,Pierre-Marc D - pmduguay#67919,Sean Sp - Talrand#06333,2-1,,1,,MOM,,
5/1/2023 23:23:44,Jeremy E - Lhurgoyf#37289,Stephen W - Biceps_Inc#28236,2-0,,1,,MOM,,
5/1/2023 23:33:23,Maranda L - BlackCanary#59791,Cody-Rayce MG - Rayce#56572,2-1,,1,,MOM,,
5/1/2023 23:45:41,Pierre-Marc D - pmduguay#67919,Jeremy E - Lhurgoyf#37289,2-0,,1,,MOM,,
5/2/2023 0:14:08,Pierre-Marc D - pmduguay#67919,Pedro D - Goombassa#17203,2-0,,1,,SNC,,
5/2/2023 10:38:09,Josh G - MrDoops#24495,Emmett F - Sepulchure#51526,2-0,,1,,DMU,,
5/2/2023 12:17:33,Anthony S - Kingboars#88381,Josh G - MrDoops#24495,2-1,,1,,ONE,,
5/2/2023 12:36:05,John R - Ged#72302,Pierre-Marc D - pmduguay#67919,2-0,,1,ggs,STX,,
5/2/2023 12:48:57,Chris P - Joker01#66827,Aaron H - UlamogOurSaviour#56444,2-1,,1,,SNC,,
5/2/2023 13:31:38,Pierre-Marc D - pmduguay#67919,Jake C - the_man_mulcahey#74753,2-1,,1,,MOM,,
5/2/2023 13:34:47,John R - Ged#72302,Anthony S - Kingboars#88381,2-1,,1,ggs,MOM,,
5/2/2023 13:45:56,Russell S - rstad#89052,Warren M - LinkThePlaneswalker33#61905,2-1,,1,,ELD,,
5/2/2023 14:22:31,Anthony S - Kingboars#88381,Rafael F - Prudent#24319,2-1,,1,,MOM,,
5/2/2023 14:50:24,Jordan M - JMTron#46639,Aaron H - UlamogOurSaviour#56444,2-1,,1,,SNC,,
5/2/2023 15:38:28,Rafael F - Prudent#24319,Doug Co - daceris#24713,2-0,,1,tight tight games as always,MOM,,
5/2/2023 18:02:57,Evan C - PeasOfCrab#00133,Doug Co - daceris#24713,2-1,,1,,MOM,,
5/2/2023 19:01:41,Jake C - the_man_mulcahey#74753,Warren M - LinkThePlaneswalker33#61905,2-0,,1,,ELD,,
5/2/2023 19:56:45,Daniel G - FriskyHobbit#43185,Thaddeus G - uncapitalized#64977,2-1,,1,,MOM,,
5/2/2023 20:20:28,Dan A - BEATDOWNBRINGA#04779,Emmett F - Sepulchure#51526,2-1,,1,,DMU,,
5/2/2023 21:53:37,Joe T - elasticity#07466,Nik S - njsiii#50504,2-1,,1,,VOW,,
5/2/2023 22:01:17,Sean Sp - Talrand#06333,Brendan Y - Earthmover#56028,2-0,,1,,STX,,
5/2/2023 22:21:04,Rafael F - Prudent#24319,Joe T - elasticity#07466,2-0,,1,here's to opening fire!,MOM,,
5/2/2023 22:28:21,James S - TortillaThePun#11942,Sawyer T - soyboy#35469,2-0,,1,,MOM,,
5/2/2023 22:53:46,Joe T - elasticity#07466,James S - TortillaThePun#11942,2-0,,1,,MOM,,
5/2/2023 23:01:01,Sean Sp - Talrand#06333,Johnny M - Johnny#69519,2-0,,1,,DMU,,
5/2/2023 23:42:01,Thaddeus G - uncapitalized#64977,Johnny M - Johnny#69519,2-1,,1,,DMU,,
5/2/2023 23:55:29,Steve T - strout#45062,Shuo L - Tamamo#30654,2-1,,1,GGs!,STX,,
5/3/2023 1:13:22,Brian H - havzy#28494,James S - TortillaThePun#11942,2-1,,1,,MOM,,
5/3/2023 2:05:31,Thaddeus G - uncapitalized#64977,Brian H - havzy#28494,2-1,,1,,MOM,,
5/3/2023 9:35:40,Anthony S - Kingboars#88381,Ron C - lennor#52740,2-1,,1,,MOM,,
5/3/2023 10:15:53,Anthony S - Kingboars#88381,Ryland B - Sabre#12079,2-1,,1,,MOM,,
5/3/2023 11:00:49,Eric S - Smitte#94855,Ryland B - Sabre#12079,2-0,,1,,DMU,,
5/3/2023 14:20:55,Zeke W - smarmyplatapus#30066,Eric S - Smitte#94855,2-1,,1,,MOM,,
5/3/2023 15:51:59,Jaidin M - MnemonicDevice#38774,Shane K - Malfunktion#31013,2-1,,1,Best of luck living the 5c dream!,MOM,,
5/3/2023 16:58:39,Serge T - Sergyboy514#39979,Trent B - Edgelord42069#62642,2-1,,1,,MOM,,
5/3/2023 17:04:58,Richard K - preacher26#59445,Thaddeus G - uncapitalized#64977,2-0,,1,,MOM,,
5/3/2023 20:22:19,Trevor F - treskies#75643,Serge T - Sergyboy514#39979,2-0,,1,,MOM,,
5/3/2023 21:05:52,Trevor F - treskies#75643,Bill D - Cato Phoenix#70805,2-0,,1,,STX,,
5/3/2023 22:10:30,Wei C - Azayaka#83352,Ron C - lennor#52740,2-1,,1,,DMU,,
5/3/2023 22:26:14,Bill D - Cato Phoenix#70805,Ryan D - TheSlickness#10857,2-1,,1,,MOM,,
5/3/2023 22:41:36,Mitchel S - SpaghettiMitch#18619,Wei C - Azayaka#83352,2-0,,1,,DMU,,
5/4/2023 11:55:00,Jake C - the_man_mulcahey#74753,Adam D - Adam#54521,2-0,,1,,AKR,,
5/4/2023 15:41:33,Richard K - preacher26#59445,Chris P - Joker01#66827,2-0,,1,,MOM,,
5/4/2023 15:56:13,Adam D - Adam#54521,Jaidin M - MnemonicDevice#38774,2-0,,1,,MOM,,
5/4/2023 17:22:37,Shane K - Malfunktion#31013,Adam D - Adam#54521,2-1,,1,,GRN,,
5/4/2023 17:49:11,Russell S - rstad#89052,Shane K - Malfunktion#31013,2-0,,1,ðŸ¦–,MOM,,
5/4/2023 19:12:20,Chris O - TheAlphabet#27489,Wei C - Azayaka#83352,2-0,,1,,DMU,,
5/4/2023 20:36:25,John R - Ged#72302,Chris O - TheAlphabet#27489,2-0,,1,GGs,MOM,,
5/4/2023 20:45:55,Dan K - Fizishy#82483,JP G - jaypiex#97612,2-1,,1,,STX,,
5/4/2023 21:10:24,Ron C - lennor#52740,Damian S - ButCrackMagic#71223,2-1,,1,Gg,STX,,
5/4/2023 21:20:37,Serge T - Sergyboy514#39979,Brendan Y - Earthmover#56028,2-0,,1,,STX,,
5/4/2023 21:53:25,Emmett F - Sepulchure#51526,Noah B - Sisco#71800,2-0,,1,,MOM,,
5/4/2023 22:02:40,Brendan Y - Earthmover#56028,Lisa T - Amelli#58421,2-0,,1,,DMU,,
5/4/2023 22:12:10,Bill D - Cato Phoenix#70805,Ron C - lennor#52740,2-0,,1,,DMU,,
5/4/2023 22:12:36,Michael M - Atombomb11991#07305,Adam D - Adam#54521,2-1,,1,,SNC,,
5/4/2023 22:28:37,Wei C - Azayaka#83352,Stephen W - Biceps_Inc#28236,2-0,,1,,MOM,,
5/4/2023 22:47:18,Ron C - lennor#52740,Dan K - Fizishy#82483,2-0,,1,Ggs,MOM,,
5/4/2023 22:52:15,Nik S - njsiii#50504,Damian S - ButCrackMagic#71223,2-0,,1,,STX,,
5/4/2023 22:57:06,Wei C - Azayaka#83352,Curtis K - Oblivion#40925,2-1,,1,,MOM,,
5/4/2023 23:09:52,Adam D - Adam#54521,Stephen W - Biceps_Inc#28236,2-1,,1,,DMU,,
5/4/2023 23:17:42,Ron C - lennor#52740,Nik S - njsiii#50504,2-1,,1,Ggs,VOW,,
5/4/2023 23:27:33,Curtis K - Oblivion#40925,Emmett F - Sepulchure#51526,2-1,,1,,MOM,,
5/4/2023 23:27:40,Dan K - Fizishy#82483,Damian S - ButCrackMagic#71223,2-0,,1,,VOW,,
5/5/2023 0:16:17,Curtis K - Oblivion#40925,Bill D - Cato Phoenix#70805,2-1,,1,,STX,,
5/5/2023 11:43:17,John R - Ged#72302,Cody M - DeadheadCody#60535,2-0,,1,,MOM,,
5/5/2023 12:46:20,Jaidin M - MnemonicDevice#38774,Cody M - DeadheadCody#60535,2-0,,1,Best of luck!,MOM,,
5/5/2023 13:45:31,Cody M - DeadheadCody#60535,Chris P - Joker01#66827,2-1,,1,,MOM,,
5/5/2023 14:35:48,Jake C - the_man_mulcahey#74753,Brian H - havzy#28494,2-1,,1,,MOM,,
5/5/2023 15:31:07,Jake C - the_man_mulcahey#74753,Doug Co - daceris#24713,2-1,,1,,DMU,,
5/5/2023 15:31:35,Russell S - rstad#89052,Josh G - MrDoops#24495,2-0,,1,sorry about brutal mulls g2,ONE,,
5/5/2023 15:39:51,Jaidin M - MnemonicDevice#38774,Eric S - Smitte#94855,2-0,,1,,MOM,,
5/5/2023 16:37:25,Trevor F - treskies#75643,Jaidin M - MnemonicDevice#38774,2-1,,1,,MOM,,
5/5/2023 17:19:10,Eric S - Smitte#94855,Steve T - strout#45062,2-0,,1,,BRO,,
5/5/2023 18:39:35,Dan A - BEATDOWNBRINGA#04779,Ryan D - TheSlickness#10857,2-0,,1,,SNC,,
5/5/2023 19:37:12,Lotte P - Lotte #93345,Dan K - Fizishy#82483,2-1,,1,,MOM,,
5/5/2023 19:40:59,Kevin I - kni1993#29285,Paul G - TheDragon#61289,2-0,,1,,MOM,,
5/5/2023 20:12:58,Paul G - TheDragon#61289,Dan K - Fizishy#82483,2-0,,1,,MOM,,
5/5/2023 20:19:01,Ryland B - Sabre#12079,Wesley K - weslars#49889,2-0,,1,,MOM,,
5/5/2023 20:21:25,Pierre-Marc D - pmduguay#67919,Kevin I - kni1993#29285,2-1,,1,,MOM,,
5/5/2023 20:26:34,Bob P - HIT#08120,Reed P - bigfingsnake#86869,2-1,,1,,SNC,,
5/5/2023 20:42:11,Daniel G - FriskyHobbit#43185,Serge T - Sergyboy514#39979,2-1,,1,,SNC,,
5/5/2023 20:42:36,Dan A - BEATDOWNBRINGA#04779,Dan K - Fizishy#82483,2-0,,1,,ONE,,
5/5/2023 21:19:19,Jordan M - JMTron#46639,Kevin I - kni1993#29285,2-1,,1,,MOM,,
5/5/2023 21:53:21,Steve T - strout#45062,Dan K - Fizishy#82483,2-1,,1,RIP,Elimination,,
5/5/2023 22:05:50,Noah B - Sisco#71800,Bob P - HIT#08120,2-1,,1,,MOM,,
5/5/2023 22:37:09,Daniel G - FriskyHobbit#43185,Pierre-Marc D - pmduguay#67919,2-1,,1,,SNC,,
5/5/2023 23:03:19,Pierre-Marc D - pmduguay#67919,Steve T - strout#45062,2-0,,1,,BRO,,
5/5/2023 23:43:47,Pierre-Marc D - pmduguay#67919,Jeremy E - Lhurgoyf#37289,2-1,,1,,MOM,,
5/6/2023 0:41:47,Jordan M - JMTron#46639,Dan A - BEATDOWNBRINGA#04779,2-0,,1,,MOM,,
5/6/2023 1:37:45,Dan A - BEATDOWNBRINGA#04779,Pedro D - Goombassa#17203,2-1,,1,,SNC,,
5/6/2023 9:23:40,Pierre-Marc D - pmduguay#67919,Eric S - Smitte#94855,2-0,,1,,VOW,,
5/6/2023 10:26:09,Kevin I - kni1993#29285,Michael M - Atombomb11991#07305,2-0,,1,Ggs,SNC,,
5/6/2023 10:59:14,Johnny M - Johnny#69519,Rafael F - Prudent#24319,2-1,,1,,SNC,,
5/6/2023 11:30:26,Rafael F - Prudent#24319,Michael M - Atombomb11991#07305,2-0,,1,,SNC,,
5/6/2023 12:26:17,Chris Y - Yorke on Games#66909,Rafael F - Prudent#24319,2-1,,1,Your perscription has arrived!,SNC,,
5/6/2023 13:31:31,Emmett F - Sepulchure#51526,Pedro D - Goombassa#17203,2-0,,1,,Elimination,,
5/6/2023 13:35:08,Brendan Y - Earthmover#56028,Chris Y - Yorke on Games#66909,2-1,,1,,MOM,,
5/6/2023 14:16:34,Ryland B - Sabre#12079,Chris Y - Yorke on Games#66909,2-1,,1,,MOM,,
5/6/2023 15:06:14,Richard K - preacher26#59445,Reed P - bigfingsnake#86869,2-0,,1,,SNC,,
5/6/2023 15:09:27,Sawyer T - soyboy#35469,Dan A - BEATDOWNBRINGA#04779,2-0,,1,,MOM,,
5/6/2023 15:34:04,Warren M - LinkThePlaneswalker33#61905,Jordan M - JMTron#46639,2-0,,1,,MID,,
5/6/2023 15:44:38,Reed P - bigfingsnake#86869,Ryland B - Sabre#12079,2-0,,1,,MOM,,
5/6/2023 16:06:47,Jacob V - Drysle#29533,Daniel G - FriskyHobbit#43185,2-0,,1,,MOM,,
5/6/2023 16:11:05,Trent B - Edgelord42069#62642,Chris Y - Yorke on Games#66909,2-0,,1,,MOM,,
5/6/2023 16:56:39,Richard K - preacher26#59445,Trent B - Edgelord42069#62642,2-0,,1,,ELD,,
5/6/2023 16:58:45,Chris Y - Yorke on Games#66909,Jeremy E - Lhurgoyf#37289,2-0,,1,You got good stuff!,MOM,,
5/6/2023 17:30:07,Mitchel S - SpaghettiMitch#18619,Warren M - LinkThePlaneswalker33#61905,2-1,,1,,MOM,,
5/6/2023 17:52:02,Trent B - Edgelord42069#62642,Serge T - Sergyboy514#39979,2-1,,1,,SNC,,
5/6/2023 18:08:53,Reed P - bigfingsnake#86869,Jeremy E - Lhurgoyf#37289,2-1,,1,,MOM,,
5/6/2023 18:17:16,Trent B - Edgelord42069#62642,Adam D - Adam#54521,2-0,,1,,KLR,,
5/6/2023 19:18:41,Jeremy E - Lhurgoyf#37289,Shane K - Malfunktion#31013,2-1,,1,,MOM,,
5/6/2023 19:50:49,Trent B - Edgelord42069#62642,Bob P - HIT#08120,2-0,,1,,MOM,,
5/6/2023 20:36:34,Wesley K - weslars#49889,Bob P - HIT#08120,2-0,,1,,MOM,,
5/6/2023 22:01:10,Sawyer T - soyboy#35469,Wesley K - weslars#49889,2-0,,1,,BRO,,
5/6/2023 23:05:58,Wesley K - weslars#49889,Jacob V - Drysle#29533,2-1,,1,,SNC,,
5/7/2023 0:32:50,Chris P - Joker01#66827,Wesley K - weslars#49889,2-0,,1,,BRO,,
5/7/2023 0:56:03,Sawyer T - soyboy#35469,Sylvain T - Iquitos#15484,2-0,,1,,BRO,,
5/7/2023 11:44:36,Rafael F - Prudent#24319,Brendan Y - Earthmover#56028,2-0,,1,gg some good games!,MOM,,
5/7/2023 12:26:24,Johnny M - Johnny#69519,Drake M - KoMODO#43282,2-1,,1,,MOM,,
5/7/2023 13:15:52,Johnny M - Johnny#69519,Curtis K - Oblivion#40925,2-0,,1,,MOM,,
5/7/2023 14:49:47,Paul G - TheDragon#61289,Michael M - Atombomb11991#07305,2-0,,1,,MOM,,
5/7/2023 14:57:59,Sawyer T - soyboy#35469,Bob P - HIT#08120,2-0,,1,,MOM,,
5/7/2023 15:12:31,Shuo L - Tamamo#30654,Curtis K - Oblivion#40925,2-0,,1,,MOM,,
5/7/2023 15:39:06,Sawyer T - soyboy#35469,John P - gokuorgohome#51511,2-0,,1,,SNC,,
5/7/2023 15:41:40,Drake M - KoMODO#43282,Shuo L - Tamamo#30654,2-0,,1,,SNC,,
5/7/2023 16:41:16,John P - gokuorgohome#51511,Brendan Y - Earthmover#56028,2-1,,1,,MOM,,
5/7/2023 17:21:01,John P - gokuorgohome#51511,Jacob V - Drysle#29533,2-0,,1,,SNC,,
5/7/2023 17:27:27,Adam S - wizma#29010,Philip B - Plipster#75000,2-0,,1,Great games ,MOM,,
5/7/2023 17:51:42,Jacob V - Drysle#29533,Curtis K - Oblivion#40925,2-0,,1,,MOM,,
5/7/2023 18:19:22,Rafael F - Prudent#24319,Philip B - Plipster#75000,2-0,,1,,MID,,
5/7/2023 18:19:48,Drake M - KoMODO#43282,John P - gokuorgohome#51511,2-1,,1,,SNC,,
5/7/2023 18:32:52,Jake C - the_man_mulcahey#74753,Matthew K - Tortag#62633,2-1,,1,,ONE,,
5/7/2023 18:49:43,Philip B - Plipster#75000,Curtis K - Oblivion#40925,2-0,,1,,MOM,,
5/7/2023 18:57:55,Jordan M - JMTron#46639,Matthew K - Tortag#62633,2-0,,1,,ONE,,
5/7/2023 19:13:19,Philip B - Plipster#75000,Serge T - Sergyboy514#39979,2-1,,1,,MOM,,
5/7/2023 19:30:33,Curtis K - Oblivion#40925,Matthew K - Tortag#62633,2-0,,1,,ONE,,
5/7/2023 19:34:09,Philip B - Plipster#75000,Stephen W - Biceps_Inc#28236,2-0,,1,,MOM,,
5/7/2023 19:39:28,Chris P - Joker01#66827,Drake M - KoMODO#43282,2-0,,1,,MOM,,
5/7/2023 19:50:04,Warren M - LinkThePlaneswalker33#61905,Stephen W - Biceps_Inc#28236,2-0,,1,,ELD,,
5/7/2023 20:12:01,Adam S - wizma#29010,Stephen W - Biceps_Inc#28236,2-1,,1,Omnath!! Ggs ,ELD,,
5/7/2023 20:50:37,Matthew K - Tortag#62633,Warren M - LinkThePlaneswalker33#61905,2-1,,1,,SNC,,
5/7/2023 21:23:02,Ron C - lennor#52740,Wyatt C - hotdolphin#30769,2-0,,1,Gg,MOM,,
5/7/2023 21:51:08,Maranda L - BlackCanary#59791,Zeke W - smarmyplatapus#30066,2-0,,1,,MOM,,
5/7/2023 21:57:22,Adam S - wizma#29010,Wyatt C - hotdolphin#30769,2-0,,1,Great games!,SNC,,
5/7/2023 22:23:42,Daniel G - FriskyHobbit#43185,Wyatt C - hotdolphin#30769,2-0,,1,,SNC,,
5/7/2023 22:43:51,Nicholas K - Bionick#55161,Mike P - UnwieldyBiscuit#26471,2-1,,1,,ONE,,
5/7/2023 22:44:03,Daniel G - FriskyHobbit#43185,Steve T - strout#45062,2-0,,1,,THB,,
5/7/2023 23:06:41,Ron C - lennor#52740,Lisa T - Amelli#58421,2-0,,1,Gg,MOM,,
5/7/2023 23:48:59,Ron C - lennor#52740,Nicholas K - Bionick#55161,2-1,,1,Mill!,MOM,,
5/8/2023 0:19:14,Mitchel S - SpaghettiMitch#18619,Nicholas K - Bionick#55161,2-0,,1,,GRN,,
5/8/2023 12:48:18,John P - gokuorgohome#51511,Richard K - preacher26#59445,2-0,,1,,MOM,,
5/8/2023 14:56:48,Russell S - rstad#89052,Lotte P - Lotte #93345,2-1,,1,,MOM,,
5/8/2023 15:09:39,Wyatt C - hotdolphin#30769,Paul G - TheDragon#61289,2-0,,1,,BRO,,
5/8/2023 15:14:20,Reed P - bigfingsnake#86869,Troy R - Pengwin#05127,2-0,,1,,ELD,,
5/8/2023 15:35:37,Paul G - TheDragon#61289,Anthony S - Kingboars#88381,2-0,,1,,MID,,
5/8/2023 16:00:14,Wyatt C - hotdolphin#30769,Noah B - Sisco#71800,2-0,,1,,MOM,,
5/8/2023 16:17:50,John R - Ged#72302,Troy R - Pengwin#05127,2-1,,1,ggs,BRO,,
5/8/2023 16:57:37,Matthew K - Tortag#62633,Troy R - Pengwin#05127,2-0,,1,,ELIMINATION,,
5/8/2023 17:21:52,Caleb G - Whynaut#28590,Evan C - PeasOfCrab#00133,2-1,,1,,BRO,,
5/8/2023 18:04:31,Cody-Rayce MG - Rayce#56572,Caleb G - Whynaut#28590,2-1,,1,ggs,MOM,,
5/8/2023 19:20:09,Jordan M - JMTron#46639,Michael M - Atombomb11991#07305,2-0,,1,,MOM,,
5/8/2023 20:04:41,Damian S - ButCrackMagic#71223,Michael M - Atombomb11991#07305,2-1,,1,,SNC,,
5/8/2023 20:25:26,Caleb G - Whynaut#28590,Damian S - ButCrackMagic#71223,2-0,,1,,M21,,
5/8/2023 20:45:57,Caleb G - Whynaut#28590,Chris R - Sinkwater#27508,2-0,,1,,MOM,,
5/8/2023 21:01:48,Kevin I - kni1993#29285,Steve T - strout#45062,2-0,,1,,VOW,,
5/8/2023 22:06:18,Cody-Rayce MG - Rayce#56572,Evan C - PeasOfCrab#00133,2-0,,1,ggs wp,BRO,,
5/8/2023 22:24:22,Cody-Rayce MG - Rayce#56572,Ron C - lennor#52740,2-0,,1,ggs,MOM,,
5/8/2023 22:34:03,Chris R - Sinkwater#27508,Curtis K - Oblivion#40925,2-0,,1,,SNC,,
5/8/2023 22:58:43,Noah B - Sisco#71800,Evan C - PeasOfCrab#00133,2-1,,1,,BRO,,
5/8/2023 23:21:33,Ryan D - TheSlickness#10857,Curtis K - Oblivion#40925,2-1,,1,,ELD,,
5/8/2023 23:35:22,Bill D - Cato Phoenix#70805,Jeremy E - Lhurgoyf#37289,2-1,,1,,BRO,,
5/9/2023 0:10:09,Evan C - PeasOfCrab#00133,Ryan D - TheSlickness#10857,2-1,,1,,SNC,,
5/9/2023 1:13:38,Mitchel S - SpaghettiMitch#18619,Drake M - KoMODO#43282,2-1,,1,,MOM,,
5/9/2023 1:19:39,James S - TortillaThePun#11942,Noah B - Sisco#71800,2-1,,1,,MOM,,
5/9/2023 1:23:47,Evan C - PeasOfCrab#00133,Shuo L - Tamamo#30654,2-1,,1,,BRO,,
5/9/2023 2:26:43,James S - TortillaThePun#11942,Warren M - LinkThePlaneswalker33#61905,2-1,,1,,MOM,,
5/9/2023 8:06:50,Cody-Rayce MG - Rayce#56572,John R - Ged#72302,2-0,,1,ggs ,BRO,,
5/9/2023 13:42:45,John R - Ged#72302,Ryland B - Sabre#12079,2-0,,1,,MOM,,
5/9/2023 14:24:22,Russell S - rstad#89052,Ryland B - Sabre#12079,2-0,,1,,MOM,,
5/9/2023 16:29:24,Noah B - Sisco#71800,Jake C - the_man_mulcahey#74753,2-0,,1,GGs!,MOM,,
5/9/2023 17:16:58,Caleb G - Whynaut#28590,Emmett F - Sepulchure#51526,2-0,,1,,MOM,,
5/9/2023 18:14:40,Damian S - ButCrackMagic#71223,Chris R - Sinkwater#27508,2-0,,1,,SNC,,
5/9/2023 19:32:49,Maranda L - BlackCanary#59791,James S - TortillaThePun#11942,2-1,,1,,MOM,,
5/9/2023 21:03:37,Zeke W - smarmyplatapus#30066,Trevor F - treskies#75643,2-1,,1,,MOM,,
5/9/2023 21:13:16,Ryan D - TheSlickness#10857,JP G - jaypiex#97612,2-0,,1,,ELD,,
5/9/2023 21:23:03,Michael M - Atombomb11991#07305,Maranda L - BlackCanary#59791,2-0,,1,,MOM,,
5/9/2023 21:43:35,JP G - jaypiex#97612,Sean Sp - Talrand#06333,2-0,,1,,MOM,,
5/9/2023 22:03:49,Shane K - Malfunktion#31013,Zeke W - smarmyplatapus#30066,2-0,,1,,SNC,,
5/9/2023 22:21:45,Nicholas K - Bionick#55161,Cody-Rayce MG - Rayce#56572,2-0,,1,great stip!,MOM,,
5/9/2023 22:44:31,Michael M - Atombomb11991#07305,Emmett F - Sepulchure#51526,2-1,,1,,SNC,,
5/9/2023 22:57:24,Adam S - wizma#29010,Ron C - lennor#52740,2-0,,1,Good games,SNC,,
5/9/2023 22:59:43,Nicholas K - Bionick#55161,Sean Sp - Talrand#06333,2-0,,1,,MOM,,
5/9/2023 22:59:47,Sean Sp - Talrand#06333,Mike P - UnwieldyBiscuit#26471,2-0,,1,,ELIMINATION,,
5/9/2023 23:17:44,Eric S - Smitte#94855,Lisa T - Amelli#58421,2-0,,1,,MOM,,
5/9/2023 23:32:10,Mitchel S - SpaghettiMitch#18619,Shuo L - Tamamo#30654,2-1,,1,,SNC,,
5/9/2023 23:50:45,Emmett F - Sepulchure#51526,Joe T - elasticity#07466,2-0,,1,,SNC,,
5/10/2023 0:28:30,Joe T - elasticity#07466,Eric S - Smitte#94855,2-0,,1,,SNC,,
5/10/2023 0:57:04,Wei C - Azayaka#83352,Joe T - elasticity#07466,2-0,,1,,SNC,,
5/10/2023 1:18:33,Sean Sp - Talrand#06333,Wei C - Azayaka#83352,2-0,,1,,MOM,,
5/10/2023 13:15:08,Sean Sp - Talrand#06333,Chris P - Joker01#66827,2-0,,1,,MOM,,
5/10/2023 14:39:37,Jake C - the_man_mulcahey#74753,Doug Co - daceris#24713,2-0,,1,,SNC,,
5/10/2023 15:11:45,Jake C - the_man_mulcahey#74753,Shane K - Malfunktion#31013,2-1,,1,,MOM,,
5/10/2023 16:30:36,Richard K - preacher26#59445,Lotte P - Lotte #93345,2-0,,1,,MOM,,
5/10/2023 17:29:57,Chris P - Joker01#66827,Emmett F - Sepulchure#51526,2-0,,1,,SNC,,
5/10/2023 19:23:39,Serge T - Sergyboy514#39979,Chris R - Sinkwater#27508,2-1,,1,,THB,,
5/10/2023 19:29:38,James S - TortillaThePun#11942,Richard K - preacher26#59445,2-0,,1,,MOM,,
5/10/2023 20:28:46,John R - Ged#72302,Maranda L - BlackCanary#59791,2-1,,1,ggs,MOM,,
5/10/2023 21:14:38,Serge T - Sergyboy514#39979,Ryan D - TheSlickness#10857,2-0,,1,,SNC,,
5/10/2023 21:44:45,Mitchel S - SpaghettiMitch#18619,Johnny M - Johnny#69519,2-0,,1,,MOM,,
5/10/2023 22:04:46,Brendan Y - Earthmover#56028,Damian S - ButCrackMagic#71223,2-1,,1,,ZNR,,
5/10/2023 22:28:09,Joe T - elasticity#07466,James S - TortillaThePun#11942,2-0,,1,,SNC,,
5/10/2023 22:41:01,Nik S - njsiii#50504,Sylvain T - Iquitos#15484,2-0,,1,,BRO,,
5/11/2023 2:03:15,James S - TortillaThePun#11942,Trevor F - treskies#75643,2-1,,1,,MOM,,
5/11/2023 12:47:58,Jake C - the_man_mulcahey#74753,Adam D - Adam#54521,2-0,,1,,NEO,,
5/11/2023 14:43:22,Josh G - MrDoops#24495,John R - Ged#72302,2-1,,1,,BRO,,
5/11/2023 15:06:37,Shane K - Malfunktion#31013,Adam D - Adam#54521,2-1,,1,rematch if we survive to wk 4!,NEO,,
5/11/2023 15:22:54,Adam S - wizma#29010,Josh G - MrDoops#24495,2-1,,1,Good games,BRO,,
5/11/2023 15:36:20,Shane K - Malfunktion#31013,Doug Co - daceris#24713,2-0,,1,,SNC,,
5/11/2023 16:33:31,Shane K - Malfunktion#31013,Serge T - Sergyboy514#39979,2-0,,1,,SNC,,
5/11/2023 17:19:29,Nik S - njsiii#50504,Adam D - Adam#54521,2-0,,1,,NEO,,
5/11/2023 17:51:24,Russell S - rstad#89052,Brian H - havzy#28494,2-1,,1,,MOM,,
5/11/2023 18:56:42,Wei C - Azayaka#83352,Brian H - havzy#28494,2-1,,1,,MOM,,
5/11/2023 19:33:38,Brian H - havzy#28494,Adam D - Adam#54521,2-0,,1,,NEO,,
5/11/2023 20:30:20,JP G - jaypiex#97612,Brian H - havzy#28494,2-1,,1,,MOM,,
5/11/2023 20:58:07,Wei C - Azayaka#83352,Russell S - rstad#89052,2-0,,1,,MOM,,
5/11/2023 21:45:15,Zeke W - smarmyplatapus#30066,Brian H - havzy#28494,2-1,,1,,RNA,,
5/11/2023 22:13:02,Zeke W - smarmyplatapus#30066,Brendan Y - Earthmover#56028,2-1,,1,ggs! sheoldred is scary,ELIMINATION,,
5/11/2023 22:35:37,Noah B - Sisco#71800,Wei C - Azayaka#83352,2-0,,1,GGs,MOM,,
5/11/2023 23:07:18,Chris P - Joker01#66827,Nik S - njsiii#50504,2-1,,1,,NEO,,
5/12/2023 0:07:29,Johnny M - Johnny#69519,Sylvain T - Iquitos#15484,2-0,,1,,ELIMINATION,,
5/12/2023 8:51:50,JP G - jaypiex#97612,Chris O - TheAlphabet#27489,2-1,,1,,SNC,,
5/12/2023 11:37:51,Bill D - Cato Phoenix#70805,Cody M - DeadheadCody#60535,2-1,,1,"Cody requested no packs despite offer, and then blocked me on discord stating he was done with league. So I entered 'elimination'. ",ELIMINATION,,
5/12/2023 13:04:01,Bill D - Cato Phoenix#70805,Maranda L - BlackCanary#59791,2-1,,1,,SNC,,
5/12/2023 14:26:54,JP G - jaypiex#97612,Lotte P - Lotte #93345,2-0,,1,,MOM,,
5/12/2023 14:33:46,Russell S - rstad#89052,Shane K - Malfunktion#31013,2-1,,1,,SNC,,
5/12/2023 14:34:27,Jaidin M - MnemonicDevice#38774,Josh G - MrDoops#24495,2-0,,1,Wurmcoil?,BRO,,
5/12/2023 15:01:58,Doug Co - daceris#24713,Josh G - MrDoops#24495,2-0,,1,,BRO,,
5/12/2023 15:10:29,Trevor F - treskies#75643,Jaidin M - MnemonicDevice#38774,2-0,,1,,MID,,
5/12/2023 15:29:14,Eric S - Smitte#94855,Doug Co - daceris#24713,2-0,,1,,SNC,,
5/12/2023 15:41:03,Trevor F - treskies#75643,Josh G - MrDoops#24495,2-0,,1,,ELIMINATION,,
5/12/2023 15:59:43,Jaidin M - MnemonicDevice#38774,Doug Co - daceris#24713,2-1,,1,Last SNC of the week?,SNC,,
5/12/2023 18:41:32,Daniel G - FriskyHobbit#43185,John P - gokuorgohome#51511,2-0,,1,,THB,,
5/12/2023 18:51:58,Dan A - BEATDOWNBRINGA#04779,Kevin I - kni1993#29285,2-1,,1,,MOM,,
5/12/2023 18:52:56,Caleb G - Whynaut#28590,Russell S - rstad#89052,2-0,,1,,MOM,,
5/12/2023 19:05:09,Daniel G - FriskyHobbit#43185,Zeke W - smarmyplatapus#30066,2-1,,1,,MOM,,
5/12/2023 19:16:06,Caleb G - Whynaut#28590,John P - gokuorgohome#51511,2-1,,1,,THB,,
5/12/2023 19:30:00,Caleb G - Whynaut#28590,Nicholas K - Bionick#55161,2-0,,1,,VOW,,
5/12/2023 19:51:35,Daniel G - FriskyHobbit#43185,Caleb G - Whynaut#28590,2-0,,1,,MOM,,
5/12/2023 20:13:47,Matthew K - Tortag#62633,Nicholas K - Bionick#55161,2-1,,1,,VOW,,
5/12/2023 20:30:21,JP G - jaypiex#97612,Joe T - elasticity#07466,2-0,,1,,ONE,,
5/12/2023 20:34:47,Daniel G - FriskyHobbit#43185,Wyatt C - hotdolphin#30769,2-0,,1,,MOM,,
5/12/2023 22:21:26,Jordan M - JMTron#46639,Joe T - elasticity#07466,2-0,,1,,ONE,,
5/12/2023 23:24:14,Sean Sp - Talrand#06333,Russell S - rstad#89052,2-1,,1,,MID,,
5/13/2023 0:02:24,Chris Y - Yorke on Games#66909,Johnny M - Johnny#69519,2-1,,1,Bit of the ol' steal n' sac,MOM,,
5/13/2023 2:17:34,Sean Sp - Talrand#06333,Trevor F - treskies#75643,2-1,,1,,MID,,
5/13/2023 10:20:04,Pierre-Marc D - pmduguay#67919,Kevin I - kni1993#29285,2-0,,1,,RNA,,
5/13/2023 11:03:52,Chris Y - Yorke on Games#66909,Pierre-Marc D - pmduguay#67919,2-1,,1,Great games!!,RNA,,
5/13/2023 11:10:19,Ron C - lennor#52740,Kevin I - kni1993#29285,2-1,,1,Gg,RNA,,
5/13/2023 12:41:18,Jeremy E - Lhurgoyf#37289,Chris Y - Yorke on Games#66909,2-0,,1,epic games sir!,AKR,,
5/13/2023 15:16:53,Bob P - HIT#08120,Chris Y - Yorke on Games#66909,2-1,,1,,ELIMINATION,,
5/13/2023 15:39:11,Wyatt C - hotdolphin#30769,Richard K - preacher26#59445,2-1,,1,,MOM,,
5/13/2023 16:21:27,Richard K - preacher26#59445,Paul G - TheDragon#61289,2-1,,1,,VOW,,
5/13/2023 16:26:54,Jeremy E - Lhurgoyf#37289,John P - gokuorgohome#51511,2-0,,1,,THB,,
5/13/2023 16:49:01,Sean Sp - Talrand#06333,Paul G - TheDragon#61289,2-1,,1,,ELIMINATION,,
5/13/2023 16:51:39,James S - TortillaThePun#11942,Cody-Rayce MG - Rayce#56572,2-0,,1,,MOM,,
5/13/2023 18:20:09,Cody-Rayce MG - Rayce#56572,Wesley K - weslars#49889,2-1,,1,ggs wp,VOW,,
5/13/2023 18:58:33,Nicholas K - Bionick#55161,Cody-Rayce MG - Rayce#56572,2-1,,1,,VOW,,
5/13/2023 19:17:40,Wesley K - weslars#49889,Noah B - Sisco#71800,2-1,,1,,MOM,,
5/13/2023 19:24:11,Sean Sp - Talrand#06333,Nicholas K - Bionick#55161,2-0,,1,,VOW,,
5/13/2023 19:50:29,Wesley K - weslars#49889,Emmett F - Sepulchure#51526,2-0,,1,,ELIMINATION,,
5/13/2023 20:01:45,Sean Sp - Talrand#06333,Cody-Rayce MG - Rayce#56572,2-1,,1,,MID,,
5/13/2023 20:34:39,Wesley K - weslars#49889,Bob P - HIT#08120,2-1,,1,,AKR,,
5/13/2023 21:14:27,Nicholas K - Bionick#55161,Adam S - wizma#29010,2-0,,1,,MOM,,
5/13/2023 22:17:45,Sawyer T - soyboy#35469,Caleb G - Whynaut#28590,2-0,,1,,MOM,,
5/13/2023 23:16:29,Reed P - bigfingsnake#86869,Jacob V - Drysle#29533,2-0,,1,,ONE,,
5/13/2023 23:55:04,Jacob V - Drysle#29533,James S - TortillaThePun#11942,2-1,,1,"every mana counted in that game 3, wow!",ONE,,
5/14/2023 0:32:27,Wesley K - weslars#49889,Chris P - Joker01#66827,2-1,,1,,MOM,,
5/14/2023 11:03:51,Drake M - KoMODO#43282,Johnny M - Johnny#69519,2-1,,1,,MOM,,
5/14/2023 12:02:33,Richard K - preacher26#59445,Jeremy E - Lhurgoyf#37289,2-1,,1,,MOM,,
5/14/2023 12:03:41,Ron C - lennor#52740,Johnny M - Johnny#69519,2-0,,1,Gg,MID,,
5/14/2023 13:23:16,Pierre-Marc D - pmduguay#67919,Rafael F - Prudent#24319,2-1,,1,,MID,,
5/14/2023 14:08:36,Wyatt C - hotdolphin#30769,Pierre-Marc D - pmduguay#67919,2-0,,1,,RNA,,
5/14/2023 17:06:04,Dan A - BEATDOWNBRINGA#04779,Wyatt C - hotdolphin#30769,2-1,,1,,MOM,,
5/14/2023 18:42:27,Wyatt C - hotdolphin#30769,Damian S - ButCrackMagic#71223,2-0,,1,,ZNR,,
5/14/2023 19:53:26,Curtis K - Oblivion#40925,Damian S - ButCrackMagic#71223,2-1,,1,,ELIMINATION,,
5/14/2023 21:07:32,Bob P - HIT#08120,JP G - jaypiex#97612,2-1,,1,,ONE,,
5/14/2023 21:38:46,Bob P - HIT#08120,Johnny M - Johnny#69519,2-1,,1,,MID,,
5/14/2023 22:17:13,Pierre-Marc D - pmduguay#67919,Bob P - HIT#08120,2-1,,1,,MOM,,
5/14/2023 22:57:14,Jacob V - Drysle#29533,John R - Ged#72302,2-1,,1,,MOM,,
5/15/2023 0:22:13,Warren M - LinkThePlaneswalker33#61905,Jordan M - JMTron#46639,2-1,,1,,MID,,
5/15/2023 1:03:51,Sawyer T - soyboy#35469,Jacob V - Drysle#29533,2-0,,1,,ELIMINATION,,
5/15/2023 2:15:33,Philip B - Plipster#75000,Dan A - BEATDOWNBRINGA#04779,2-1,,1,,THB,,
5/15/2023 13:45:34,Philip B - Plipster#75000,Warren M - LinkThePlaneswalker33#61905,2-1,,1,,ELD,,
5/15/2023 14:20:56,Chris P - Joker01#66827,Philip B - Plipster#75000,2-0,,1,,DOM,,
5/15/2023 15:15:40,Philip B - Plipster#75000,Jordan M - JMTron#46639,2-0,,1,,MID,,
5/15/2023 16:30:17,Shane K - Malfunktion#31013,Philip B - Plipster#75000,2-0,,1,,MID,,
5/15/2023 17:23:43,Serge T - Sergyboy514#39979,Drake M - KoMODO#43282,2-1,,1,,NEO,,
5/15/2023 17:56:44,Drake M - KoMODO#43282,Zeke W - smarmyplatapus#30066,2-0,,1,,MOM,,
5/15/2023 19:14:21,Serge T - Sergyboy514#39979,Rafael F - Prudent#24319,2-1,,1,,NEO,,
5/15/2023 20:01:35,Jordan M - JMTron#46639,Drake M - KoMODO#43282,2-1,,1,,GRN,,
5/15/2023 20:41:28,JP G - jaypiex#97612,Sawyer T - soyboy#35469,2-1,,1,,MOM,,
5/15/2023 20:55:17,Mitchel S - SpaghettiMitch#18619,Kevin I - kni1993#29285,2-0,,1,,ELIMINATION,,
5/15/2023 21:04:59,Dan A - BEATDOWNBRINGA#04779,Ryan D - TheSlickness#10857,2-0,,1,,VOW,,
5/15/2023 21:44:35,Jaidin M - MnemonicDevice#38774,Jake C - the_man_mulcahey#74753,2-1,,1,,MOM,,
5/15/2023 22:02:33,Jaidin M - MnemonicDevice#38774,Adam S - wizma#29010,2-0,,1,,MOM,,
5/15/2023 22:14:56,Ron C - lennor#52740,Chris R - Sinkwater#27508,2-0,,1,Gg,THB,,
5/15/2023 22:56:48,Zeke W - smarmyplatapus#30066,John R - Ged#72302,2-1,,1,ggs!,MOM,,
5/15/2023 23:19:58,Maranda L - BlackCanary#59791,Rafael F - Prudent#24319,2-0,,1,,NEO,,
5/16/2023 0:32:31,Sawyer T - soyboy#35469,Matthew K - Tortag#62633,2-0,,1,,ELIMINATION,,
5/16/2023 14:15:02,Evan C - PeasOfCrab#00133,Jaidin M - MnemonicDevice#38774,2-1,,1,,MID,,
5/16/2023 16:23:39,Noah B - Sisco#71800,Evan C - PeasOfCrab#00133,2-1,,1,,VOW,,
5/16/2023 17:26:01,Mitchel S - SpaghettiMitch#18619,Serge T - Sergyboy514#39979,2-1,,1,,NEO,,
5/16/2023 18:20:07,Adam S - wizma#29010,Curtis K - Oblivion#40925,2-1,,1,Good games!,NEO,,
5/16/2023 19:24:13,Michael M - Atombomb11991#07305,Curtis K - Oblivion#40925,2-0,,1,Player didn't select a pack and I don't want to mess with the planar conquest.,RIX,,
5/16/2023 20:42:06,Sawyer T - soyboy#35469,Dan A - BEATDOWNBRINGA#04779,2-0,,1,,NEO,,
5/16/2023 23:22:13,Adam S - wizma#29010,Eric S - Smitte#94855,2-1,,1,Double Grimgrin! So much Kroxa! Stolen Hidetsugu! What a match!,VOW,,
5/16/2023 23:26:33,John R - Ged#72302,Mitchel S - SpaghettiMitch#18619,2-0,,1,ggs,VOW,,
5/17/2023 0:24:09,Evan C - PeasOfCrab#00133,James S - TortillaThePun#11942,2-1,,1,,ONE,,
5/17/2023 1:04:20,Evan C - PeasOfCrab#00133,Reed P - bigfingsnake#86869,2-0,,1,,MOM,,
5/17/2023 14:20:05,Lotte P - Lotte #93345,Russell S - rstad#89052,2-1,,1,,MID,,
5/17/2023 14:33:20,Reed P - bigfingsnake#86869,Zeke W - smarmyplatapus#30066,2-1,,1,,MOM,,
5/17/2023 15:14:18,Lotte P - Lotte #93345,Evan C - PeasOfCrab#00133,2-1,,1,,VOW,,
5/17/2023 15:17:18,Reed P - bigfingsnake#86869,Trent B - Edgelord42069#62642,2-1,,1,,ELD,,
5/17/2023 15:18:20,Maranda L - BlackCanary#59791,Shane K - Malfunktion#31013,2-0,,1,,MID,,
5/17/2023 16:16:19,Richard K - preacher26#59445,Jordan M - JMTron#46639,2-0,,1,,NEO,,
5/17/2023 18:29:46,Jake C - the_man_mulcahey#74753,Chris R - Sinkwater#27508,2-0,,1,,THB,,
5/17/2023 20:01:04,JP G - jaypiex#97612,Jake C - the_man_mulcahey#74753,2-0,,1,,MOM,,
5/17/2023 20:39:09,Michael M - Atombomb11991#07305,Russell S - rstad#89052,2-1,,1,,MID,,
5/17/2023 22:44:21,Chris R - Sinkwater#27508,Mitchel S - SpaghettiMitch#18619,2-1,,1,,NEO,,
5/17/2023 23:40:13,Chris R - Sinkwater#27508,Eric S - Smitte#94855,2-0,,1,,VOW,,
5/18/2023 0:21:04,Trevor F - treskies#75643,Noah B - Sisco#71800,2-0,,1,,MID,,
5/18/2023 0:41:05,Ryan D - TheSlickness#10857,Shuo L - Tamamo#30654,2-0,,1,,VOW,,
5/18/2023 11:59:07,Jeremy E - Lhurgoyf#37289,Drake M - KoMODO#43282,2-0,,1,,NEO,,
5/18/2023 13:22:21,Jake C - the_man_mulcahey#74753,Shane K - Malfunktion#31013,2-0,,1,,MID,,
5/18/2023 13:44:35,Lotte P - Lotte #93345,Chris P - Joker01#66827,2-0,,1,,VOW,,
5/18/2023 14:44:05,Eric S - Smitte#94855,Jaidin M - MnemonicDevice#38774,2-1,,1,,MID,,
5/18/2023 15:28:39,Reed P - bigfingsnake#86869,Jake C - the_man_mulcahey#74753,2-1,,1,,ONE,,
5/18/2023 15:50:58,Maranda L - BlackCanary#59791,Lotte P - Lotte #93345,2-0,,1,,VOW,,
5/18/2023 16:33:01,Richard K - preacher26#59445,Wei C - Azayaka#83352,2-1,,1,,MOM,,
5/18/2023 16:35:15,Trevor F - treskies#75643,Lotte P - Lotte #93345,2-0,,1,,VOW,,
5/18/2023 17:22:11,Jeremy E - Lhurgoyf#37289,Trevor F - treskies#75643,2-0,,1,,MID,,
5/18/2023 19:32:13,Noah B - Sisco#71800,Chris R - Sinkwater#27508,2-0,,1,,THB,,
5/18/2023 21:31:57,Michael M - Atombomb11991#07305,Noah B - Sisco#71800,2-1,,1,,THB,,
5/18/2023 21:51:05,James S - TortillaThePun#11942,Chris R - Sinkwater#27508,2-0,,1,,ELIMINATION,,
5/18/2023 22:59:45,John R - Ged#72302,Warren M - LinkThePlaneswalker33#61905,2-0,,1,,MOM,,
5/18/2023 23:13:13,Cody-Rayce MG - Rayce#56572,Zeke W - smarmyplatapus#30066,2-1,,1,ggs fck lands,MOM,,
5/19/2023 0:34:48,Mitchel S - SpaghettiMitch#18619,Ryan D - TheSlickness#10857,2-1,,1,,VOW,,
5/19/2023 2:09:55,Doug Co - daceris#24713,Steve T - strout#45062,2-0,,1,,ELIMINATION,,
5/19/2023 9:34:02,Michael M - Atombomb11991#07305,Rafael F - Prudent#24319,2-0,,1,,ELIMINATION,,
5/19/2023 11:52:11,Bill D - Cato Phoenix#70805,Eric S - Smitte#94855,2-1,,1,,VOW,,
5/19/2023 12:52:45,Bill D - Cato Phoenix#70805,Jaidin M - MnemonicDevice#38774,2-1,,1,,MID,,
5/19/2023 13:13:07,Wei C - Azayaka#83352,Maranda L - BlackCanary#59791,2-1,,1,,MOM,,
5/19/2023 13:41:51,Wei C - Azayaka#83352,Jaidin M - MnemonicDevice#38774,2-1,,1,,MID,,
5/19/2023 14:31:14,Chris P - Joker01#66827,Daniel G - FriskyHobbit#43185,2-0,,1,,MOM,,
5/19/2023 15:14:19,Jake C - the_man_mulcahey#74753,Warren M - LinkThePlaneswalker33#61905,2-1,,1,,ELIMINATION,,
5/19/2023 15:19:21,JP G - jaypiex#97612,Chris P - Joker01#66827,2-1,,1,,NEO,,
5/19/2023 16:06:45,Eric S - Smitte#94855,Wei C - Azayaka#83352,2-0,,1,,VOW,,
5/19/2023 16:53:01,Lotte P - Lotte #93345,John R - Ged#72302,2-1,,1,,ONE,,
5/19/2023 18:19:10,Lotte P - Lotte #93345,Ryan D - TheSlickness#10857,2-0,,1,,ELIMINATION,,
5/19/2023 20:17:01,Shane K - Malfunktion#31013,Bob P - HIT#08120,2-1,,1,,ELIMINATION,,
5/19/2023 22:07:31,Philip B - Plipster#75000,Pierre-Marc D - pmduguay#67919,2-1,,1,,MOM,,
5/19/2023 23:27:24,Chris P - Joker01#66827,Jordan M - JMTron#46639,2-0,,1,,NEO,,
5/20/2023 0:25:59,Jordan M - JMTron#46639,Wesley K - weslars#49889,2-0,,1,,NEO,,
5/20/2023 0:28:09,Noah B - Sisco#71800,Sean Sp - Talrand#06333,2-1,,1,,ONE,,
5/20/2023 0:39:31,Johnny M - Johnny#69519,Philip B - Plipster#75000,2-1,,1,,ELD,,
5/20/2023 11:50:09,Richard K - preacher26#59445,Drake M - KoMODO#43282,2-1,,1,,NEO,,
5/20/2023 12:37:25,Sawyer T - soyboy#35469,Drake M - KoMODO#43282,2-1,,1,,NEO,,
5/20/2023 12:42:48,Sean Sp - Talrand#06333,Dan A - BEATDOWNBRINGA#04779,2-0,,1,,THB,,
5/20/2023 13:09:49,Sawyer T - soyboy#35469,Sean Sp - Talrand#06333,2-0,,1,,DOM,,
5/20/2023 14:21:22,Sean Sp - Talrand#06333,Drake M - KoMODO#43282,2-0,,1,,ELIMINATION,,
5/20/2023 15:37:20,Sawyer T - soyboy#35469,Cody-Rayce MG - Rayce#56572,2-1,,1,,NEO,,
5/20/2023 20:21:20,Maranda L - BlackCanary#59791,Dan A - BEATDOWNBRINGA#04779,2-1,,1,,NEO,,
5/20/2023 22:22:09,Sawyer T - soyboy#35469,Philip B - Plipster#75000,2-1,,1,,ELD,,
5/20/2023 23:11:28,Philip B - Plipster#75000,Adam S - wizma#29010,2-0,,1,,MOM,,
5/20/2023 23:37:03,Wei C - Azayaka#83352,Jordan M - JMTron#46639,2-1,,1,,ELIMINATION,,
5/20/2023 23:59:22,Philip B - Plipster#75000,Wei C - Azayaka#83352,2-0,,1,,ELIMINATION,,
5/21/2023 9:53:40,Sean Sp - Talrand#06333,Caleb G - Whynaut#28590,2-0,,1,,KHM,,
5/21/2023 10:29:18,Dan A - BEATDOWNBRINGA#04779,JP G - jaypiex#97612,2-0,,1,,MOM,,
5/21/2023 11:40:56,John R - Ged#72302,Ron C - lennor#52740,2-0,,1,,ELD,,
5/21/2023 12:25:38,Adam S - wizma#29010,Ron C - lennor#52740,2-0,,1,"Great games, see you next league!",ELIMINATION,,
5/21/2023 12:55:41,John R - Ged#72302,Caleb G - Whynaut#28590,2-1,,1,ggs!,KHM,,
5/21/2023 13:35:57,Caleb G - Whynaut#28590,Dan A - BEATDOWNBRINGA#04779,2-0,,1,,NEO,,
5/21/2023 15:16:02,Caleb G - Whynaut#28590,Cody-Rayce MG - Rayce#56572,2-1,,1,,KHM,,
5/21/2023 16:34:08,Lotte P - Lotte #93345,Jeremy E - Lhurgoyf#37289,2-1,,1,,ELIMINATION,,
5/21/2023 20:44:32,Pierre-Marc D - pmduguay#67919,Noah B - Sisco#71800,2-0,,1,,ONE,,
5/21/2023 21:39:06,Maranda L - BlackCanary#59791,Pierre-Marc D - pmduguay#67919,2-0,,1,,MOM,,
5/21/2023 22:15:45,Johnny M - Johnny#69519,Sawyer T - soyboy#35469,2-1,,1,,NEO,,
5/21/2023 23:14:02,Pierre-Marc D - pmduguay#67919,Johnny M - Johnny#69519,2-0,,1,,NEO,,
5/22/2023 11:56:24,Richard K - preacher26#59445,Reed P - bigfingsnake#86869,2-1,,1,,MOM,,
5/22/2023 12:20:03,Adam S - wizma#29010,Evan C - PeasOfCrab#00133,2-1,,1,Good games!,THB,,
5/22/2023 14:21:02,Evan C - PeasOfCrab#00133,Jake C - the_man_mulcahey#74753,2-0,,1,,ONE,,
5/22/2023 14:27:26,Pierre-Marc D - pmduguay#67919,Richard K - preacher26#59445,2-0,,1,,NEO,,
5/22/2023 15:35:48,Richard K - preacher26#59445,Evan C - PeasOfCrab#00133,2-1,,1,,THB,,
5/22/2023 17:00:59,Evan C - PeasOfCrab#00133,Lotte P - Lotte #93345,2-1,,1,,THB,,
5/22/2023 19:23:47,Michael M - Atombomb11991#07305,Wyatt C - hotdolphin#30769,2-0,,1,Ggs!,ELIMINATION,,
5/22/2023 20:30:37,Daniel G - FriskyHobbit#43185,Michael M - Atombomb11991#07305,2-1,,1,,ELIMINATION,,
5/22/2023 20:46:15,Maranda L - BlackCanary#59791,JP G - jaypiex#97612,2-1,,1,,MOM,,
5/22/2023 21:45:53,John P - gokuorgohome#51511,Cody-Rayce MG - Rayce#56572,2-1,,1,,ELIMINATION,,
5/22/2023 22:50:14,Daniel G - FriskyHobbit#43185,Reed P - bigfingsnake#86869,2-0,,1,,THB,,
5/22/2023 23:06:03,James S - TortillaThePun#11942,Mitchel S - SpaghettiMitch#18619,2-1,,1,,NEO,,
5/22/2023 23:25:45,Wesley K - weslars#49889,Maranda L - BlackCanary#59791,2-1,,1,,NEO,,
5/23/2023 0:34:34,Evan C - PeasOfCrab#00133,Mitchel S - SpaghettiMitch#18619,2-1,,1,,THB,,
5/23/2023 0:59:44,Reed P - bigfingsnake#86869,Wesley K - weslars#49889,2-1,,1,,NEO,,
5/23/2023 2:51:28,Trevor F - treskies#75643,Zeke W - smarmyplatapus#30066,2-1,,1,,NEO,,
5/23/2023 3:31:37,Wesley K - weslars#49889,Trevor F - treskies#75643,2-0,,1,,NEO,,
5/23/2023 14:48:37,Wesley K - weslars#49889,Shane K - Malfunktion#31013,2-1,,1,,ELIMINATION,,
5/23/2023 15:10:53,Jake C - the_man_mulcahey#74753,Lotte P - Lotte #93345,2-0,,1,,THB,,
5/23/2023 16:05:23,Lotte P - Lotte #93345,Reed P - bigfingsnake#86869,2-1,,1,,KHM,,
5/23/2023 16:55:17,Caleb G - Whynaut#28590,Zeke W - smarmyplatapus#30066,2-0,,1,,ELIMINATION,,
5/23/2023 17:29:23,Reed P - bigfingsnake#86869,John P - gokuorgohome#51511,2-0,,1,,ELIMINATION,,
5/23/2023 19:33:24,Maranda L - BlackCanary#59791,Trevor F - treskies#75643,2-1,,1,,NEO,,
5/23/2023 23:51:40,Chris P - Joker01#66827,Daniel G - FriskyHobbit#43185,2-1,,1,,MOM,,
5/24/2023 13:42:03,Noah B - Sisco#71800,Eric S - Smitte#94855,2-1,,1,,ELIMINATION,,
5/24/2023 15:50:58,Maranda L - BlackCanary#59791,John R - Ged#72302,2-0,,1,,ONE,,
5/24/2023 16:48:04,Jake C - the_man_mulcahey#74753,John R - Ged#72302,2-1,,1,close ones!,ONE,,
5/24/2023 18:51:15,Chris P - Joker01#66827,Nicholas K - Bionick#55161,2-0,,1,,ELIMINATION,,
5/24/2023 23:21:08,Noah B - Sisco#71800,Mitchel S - SpaghettiMitch#18619,2-0,,1,,THB,,
5/24/2023 23:48:24,Noah B - Sisco#71800,Chris P - Joker01#66827,2-0,,1,,ELD,,
5/25/2023 0:12:47,Chris P - Joker01#66827,James S - TortillaThePun#11942,2-0,,1,,NEO,,
5/25/2023 1:19:03,Adam S - wizma#29010,James S - TortillaThePun#11942,2-1,,1,See Double Yorion Skaab looop!! Ggs see you next League!,ELIMINATION,,
5/25/2023 19:16:14,Trevor F - treskies#75643,Adam S - wizma#29010,2-0,,1,,THB,,
5/25/2023 20:03:48,Daniel G - FriskyHobbit#43185,Trevor F - treskies#75643,2-1,,1,,NEO,,
5/25/2023 21:34:29,Richard K - preacher26#59445,Johnny M - Johnny#69519,2-1,,1,,ELIMINATION,,
5/26/2023 2:13:34,Trevor F - treskies#75643,Mitchel S - SpaghettiMitch#18619,2-1,,1,summoning a dope pack for my man mitch,M20,,
5/26/2023 15:37:13,Jake C - the_man_mulcahey#74753,Mitchel S - SpaghettiMitch#18619,2-0,,1,,XLN,,
5/26/2023 16:08:23,Jake C - the_man_mulcahey#74753,Trevor F - treskies#75643,2-0,,1,,ELIMINATION,,
5/26/2023 18:33:50,Maranda L - BlackCanary#59791,Lotte P - Lotte #93345,2-1,,1,,THB,,
5/26/2023 18:52:51,Evan C - PeasOfCrab#00133,Sawyer T - soyboy#35469,2-1,,1,,THB,,
5/26/2023 19:29:51,Sawyer T - soyboy#35469,Lotte P - Lotte #93345,2-0,,1,,ELIMINATION,,
5/26/2023 19:59:01,Maranda L - BlackCanary#59791,Dan A - BEATDOWNBRINGA#04779,2-0,,1,,ELIMINATION,,
5/26/2023 20:56:19,Daniel G - FriskyHobbit#43185,Caleb G - Whynaut#28590,2-0,,1,,KHM,,
5/26/2023 21:19:52,Jake C - the_man_mulcahey#74753,Evan C - PeasOfCrab#00133,2-0,,1,,ELIMINATION,,
5/26/2023 22:29:07,Maranda L - BlackCanary#59791,Wesley K - weslars#49889,2-0,,1,,ELIMINATION,,
5/26/2023 23:18:11,Noah B - Sisco#71800,Reed P - bigfingsnake#86869,2-1,,1,,ELIMINATION,,
5/27/2023 0:20:49,Philip B - Plipster#75000,Adam S - wizma#29010,2-0,,1,,M21,,
5/27/2023 1:12:33,Sawyer T - soyboy#35469,Chris P - Joker01#66827,2-1,,1,,THB,,
5/27/2023 12:17:47,Caleb G - Whynaut#28590,Richard K - preacher26#59445,2-1,,1,,ELD,,
5/27/2023 14:03:23,Sawyer T - soyboy#35469,Caleb G - Whynaut#28590,2-0,,1,,KHM,,
5/27/2023 14:24:09,Daniel G - FriskyHobbit#43185,Richard K - preacher26#59445,2-0,,1,,ELD,,
5/27/2023 15:49:49,Noah B - Sisco#71800,Sean Sp - Talrand#06333,2-0,,1,,M20,,
5/27/2023 16:21:55,Sean Sp - Talrand#06333,Daniel G - FriskyHobbit#43185,2-0,,1,,M21,,
5/27/2023 20:33:10,Caleb G - Whynaut#28590,Chris P - Joker01#66827,2-0,,1,,ELD,,
5/27/2023 22:49:30,Adam S - wizma#29010,John R - Ged#72302,2-1,,1,See you next league Partner!,ELIMINATION,,
5/27/2023 23:40:37,Adam S - wizma#29010,Chris P - Joker01#66827,2-1,,1,"Great games, sorry to knock you out!",ELIMINATION,,
5/28/2023 0:09:32,Noah B - Sisco#71800,Jake C - the_man_mulcahey#74753,2-1,,1,,KHM,,
5/28/2023 13:10:57,Richard K - preacher26#59445,Jake C - the_man_mulcahey#74753,2-1,,1,,KHM,,
5/28/2023 14:24:15,Sean Sp - Talrand#06333,Pierre-Marc D - pmduguay#67919,2-1,,1,,MOM,,
5/28/2023 15:45:12,Sean Sp - Talrand#06333,Jake C - the_man_mulcahey#74753,2-0,,1,,ELD,,
5/28/2023 16:25:20,Caleb G - Whynaut#28590,Jake C - the_man_mulcahey#74753,2-1,,1,,ELIMINATION,,
5/28/2023 21:31:11,Adam S - wizma#29010,Richard K - preacher26#59445,2-1,,1,,ELD,,
5/28/2023 22:18:27,Maranda L - BlackCanary#59791,Pierre-Marc D - pmduguay#67919,2-0,,1,,MOM,,
5/28/2023 22:57:29,Noah B - Sisco#71800,Pierre-Marc D - pmduguay#67919,2-0,,1,,MOM,,
5/28/2023 23:20:06,Pierre-Marc D - pmduguay#67919,Adam S - wizma#29010,2-1,,1,,M21,,
5/29/2023 0:08:55,Maranda L - BlackCanary#59791,Noah B - Sisco#71800,2-0,,1,,ELIMINATION,,
5/29/2023 1:03:21,Philip B - Plipster#75000,Daniel G - FriskyHobbit#43185,2-0,,1,,M21,,
5/29/2023 20:43:15,Pierre-Marc D - pmduguay#67919,Richard K - preacher26#59445,2-0,,1,,M21,,
5/29/2023 21:34:25,Daniel G - FriskyHobbit#43185,Adam S - wizma#29010,2-1,,1,,ELIMINATION,,
5/30/2023 1:52:20,Philip B - Plipster#75000,Mitchel S - SpaghettiMitch#18619,2-1,,1,,ZNR,,
5/30/2023 3:58:00,Sawyer T - soyboy#35469,Philip B - Plipster#75000,2-1,,1,,ELIMINATION,,
5/30/2023 22:13:12,Mitchel S - SpaghettiMitch#18619,Daniel G - FriskyHobbit#43185,2-1,,1,thanks for the list!,M21,,
6/1/2023 0:03:43,Mitchel S - SpaghettiMitch#18619,Sean Sp - Talrand#06333,2-1,,1,Good luck to top 8!,ELD,,