Timestamp,Winner Name,Loser Name,Result,Was this a Dragon Match?,"If this was a Dragon Match, who was the Dragon?",Notes,Comeback Pack,Script Handled
3/21/2025 17:23:31,Jack H - Rakic#98298,Daniel Z - FOO#48389,2-1,No,,"MARDU STRONG... wait, was I a league early?",Outlaws of Thunder Junction (no bonus sheets),1
3/21/2025 17:44:47,DRAGON,Matt P - Hyouden#42088,2-1,Yes,John P,ROAR,Outlaws of Thunder Junction (no bonus sheets),1
3/21/2025 18:03:59,François R - Ayora#29960,Nick G - Gallis_#52964,2-1,No,,1,Outlaws of Thunder Junction (no bonus sheets),1
3/21/2025 18:06:38,Jamie W - Jamie#45846,Wei C - Azayaka#83352,2-1,No,,1,Outlaws of Thunder Junction (no bonus sheets),1
3/21/2025 18:19:32,Austin L - letschanator#96536,DRAGON,2-1,Yes,Lotte P,1,None (the Dragon lost),1
3/21/2025 18:19:52,Matt P - Hyouden#42088,Paul R - QildorCrana#01941,2-0,No,,1,Outlaws of Thunder Junction (no bonus sheets),1
3/21/2025 18:29:38,Matt F - MadeMyBus#92429,Nathan N - NotAnAndroid#53609,2-1,No,,1,Magic Foundations,1
3/21/2025 18:31:16,Alexis M - Alexsfly#67052,Wei C - Azayaka#83352,2-0,No,,1,Outlaws of Thunder Junction (no bonus sheets),1
3/21/2025 18:35:55,Evan L - Evan#97713,Timothy B - wtrbflov2#64488,2-0,No,,1,Duskmourn,1
3/21/2025 18:53:59,Evan L - Evan#97713,Alexis M - Alexsfly#67052,2-1,No,,1,Duskmourn,1
3/21/2025 18:58:49,Wei C - Azayaka#83352,Matt F - MadeMyBus#92429,2-0,No,,1,Bloomburrow,1
3/21/2025 19:10:36,Majo G - Fortem#78609,Alex H - Merriman#08092,2-1,No,,1,Outlaws of Thunder Junction (no bonus sheets),1
3/21/2025 19:25:43,Cameron B - KingEggbert#01276,Paul G - TheDragon#61289,2-1,No,,1,Magic Foundations,1
3/21/2025 19:30:12,DRAGON,Sabrina S - Sabrina#30505,2-0,Yes,Nik S,1,Duskmourn,1
3/21/2025 19:57:35,DRAGON,Seaver M - Seaver99#18725,2-1,Yes,John P,ROAR ggs,Aetherdrift,1
3/21/2025 20:02:04,Nathan N - NotAnAndroid#53609,Matt P - Hyouden#42088,2-1,No,,,Outlaws of Thunder Junction (no bonus sheets),1
3/21/2025 20:13:28,Kevin I - kni1993#29285,Paul G - TheDragon#61289,2-0,No,,,Duskmourn,1
3/21/2025 20:16:14,Alexis M - Alexsfly#67052,Paul R - QildorCrana#01941,2-1,No,,,Outlaws of Thunder Junction (no bonus sheets),1
3/21/2025 20:17:34,Majo G - Fortem#78609,Matthew G - iluvatar777#20638,2-1,No,,,Outlaws of Thunder Junction (no bonus sheets),1
3/21/2025 20:35:13,Keelan T - Dufel#75965,Nathan N - NotAnAndroid#53609,2-0,No,,,Duskmourn,1
3/21/2025 20:35:24,Matt P - Hyouden#42088,Ryan M - rrrn22#32842,2-0,No,,,Outlaws of Thunder Junction (no bonus sheets),1
3/21/2025 20:37:25,Kevin I - kni1993#29285,Nicholas K - Bionick#55161,2-0,No,,,Duskmourn,1
3/21/2025 20:43:22,Alexis M - Alexsfly#67052,Georgii C - Yasunori#84481,2-0,No,,,Duskmourn,1
3/21/2025 20:55:06,Keelan T - Dufel#75965,Seaver M - Seaver99#18725,2-0,No,,,Aetherdrift,1
3/21/2025 21:02:09,Kevin I - kni1993#29285,Matt P - Hyouden#42088,2-0,No,,,Outlaws of Thunder Junction (no bonus sheets),1
3/21/2025 21:03:24,Paul R - QildorCrana#01941,Nicholas K - Bionick#55161,2-1,No,,,Outlaws of Thunder Junction (no bonus sheets),1
3/21/2025 21:04:48,Wei C - Azayaka#83352,DRAGON,2-1,Yes,Evan C,,None (the Dragon lost),1
3/21/2025 21:12:54,Colton M - Mang#55794,Keelan T - Dufel#75965,2-0,No,,,Outlaws of Thunder Junction (no bonus sheets),1
3/21/2025 21:26:07,Paul G - TheDragon#61289,Alexis M - Alexsfly#67052,2-1,No,,Bizarre!,Duskmourn,1
3/21/2025 21:34:07,DRAGON,Ethan L - ethanndow#02818,2-1,Yes,Evan C,,Murders at Karlov Manor,1
3/21/2025 21:35:27,Logan J - Numskul#59868,Seaver M - Seaver99#18725,2-0,No,,,Aetherdrift,1
3/21/2025 21:43:58,Kevin I - kni1993#29285,Colton M - Mang#55794,2-1,No,,,Outlaws of Thunder Junction (no bonus sheets),1
3/21/2025 21:51:08,Cameron B - KingEggbert#01276,Nick L - Aliphos#10232,2-1,No,,We angered the land gods today,Duskmourn,1
3/21/2025 21:56:16,Seaver M - Seaver99#18725,John D - DailyDraft#87013,2-0,No,,,Murders at Karlov Manor,1
3/21/2025 22:06:08,Nathan N - NotAnAndroid#53609,Nicholas K - Bionick#55161,2-0,No,,,Outlaws of Thunder Junction (no bonus sheets),1
3/21/2025 22:08:48,Renaud C - ArExSea#25399,Jack F - jkfman101#84645,2-0,No,,,Outlaws of Thunder Junction (no bonus sheets),1
3/21/2025 22:18:45,Nick A - Nistar#14127,Seaver M - Seaver99#18725,2-0,No,,,Aetherdrift,1
3/21/2025 22:18:47,Nick L - Aliphos#10232,Colton M - Mang#55794,2-0,No,,"ggs, sending pack luck",Outlaws of Thunder Junction (no bonus sheets),1
3/21/2025 22:33:35,Renaud C - ArExSea#25399,Nicholas K - Bionick#55161,2-0,No,,,Duskmourn,1
3/21/2025 22:39:05,Jack F - jkfman101#84645,Nathan N - NotAnAndroid#53609,2-1,No,,,Magic Foundations,1
3/21/2025 22:59:12,Nick L - Aliphos#10232,DRAGON,2-1,Yes,Evan C,"GGs, it was erud-alright",None (the Dragon lost),1
3/21/2025 23:17:34,DRAGON,Bob P - HIT#08120,2-0,Yes,Zeke W,ggs!,Outlaws of Thunder Junction (no bonus sheets),1
3/21/2025 23:18:51,Cameron B - KingEggbert#01276,Nathan C - Chronotic#05100,2-1,No,,Super close games,Duskmourn,1
3/21/2025 23:38:25,Nick L - Aliphos#10232,Bob P - HIT#08120,2-0,No,,ggs,Outlaws of Thunder Junction (no bonus sheets),1
3/21/2025 23:48:09,Jack F - jkfman101#84645,Logan J - Numskul#59868,2-1,No,,,Magic Foundations,1
3/22/2025 0:12:46,Nick L - Aliphos#10232,Joel G - DandelionsOut#82916,2-0,No,,ggs,Duskmourn,1
3/22/2025 0:14:22,Colton M - Mang#55794,Elliot H - blobby#99425,2-0,No,,,Murders at Karlov Manor,1
3/22/2025 0:24:55,Parker D - Android77#15898,Chris D - Stereolab#37691,2-1,No,,,Bloomburrow,1
3/22/2025 0:28:13,Daniel Z - FOO#48389,Colton M - Mang#55794,2-0,No,,,Murders at Karlov Manor,1
3/22/2025 0:55:50,Elliot H - blobby#99425,Parker D - Android77#15898,2-0,No,,,Outlaws of Thunder Junction (no bonus sheets),1
3/22/2025 1:17:43,Troy S - PagedPuddle65#32302,DRAGON,2-1,Yes,Aaron B,,None (the Dragon lost),1
3/22/2025 1:18:27,Zev G - Meep3278#19615,Mark A - JackalMagi#52035,2-0,No,,,Outlaws of Thunder Junction (no bonus sheets),1
3/22/2025 1:22:14,Tony D - Adoan4413#75317,Daniel Z - FOO#48389,2-1,No,,,Outlaws of Thunder Junction (no bonus sheets),1
3/22/2025 2:03:17,Jack H - Rakic#98298,Timothy B - wtrbflov2#64488,2-0,No,,,Outlaws of Thunder Junction (no bonus sheets),1
3/22/2025 2:12:13,DRAGON,Joel G - DandelionsOut#82916,2-1,Yes,Daniel M,,Aetherdrift,1
3/22/2025 2:22:22,Paul G - TheDragon#61289,Wei C - Azayaka#83352,2-0,No,,,Outlaws of Thunder Junction (no bonus sheets),1
3/22/2025 3:51:35,Adam L - BillyJosh#69869,Joel G - DandelionsOut#82916,2-0,No,,,Aetherdrift,1
3/22/2025 4:08:21,Dirk E - BegginBlue#16667,Jamie W - Jamie#45846,2-0,No,,,Bloomburrow,1
3/22/2025 5:00:49,Dirk E - BegginBlue#16667,Ben K - ben53#03816,2-1,No,,German players united!,Outlaws of Thunder Junction (no bonus sheets),1
3/22/2025 7:55:45,Majo G - Fortem#78609,Sabrina S - Sabrina#30505,2-0,No,,,Duskmourn,1
3/22/2025 7:57:31,Dirk E - BegginBlue#16667,Vincent L - Tanathonos#62853,2-0,No,,,Outlaws of Thunder Junction (no bonus sheets),1
3/22/2025 8:34:17,Vincent L - Tanathonos#62853,Sabrina S - Sabrina#30505,2-0,No,,,Duskmourn,1
3/22/2025 8:41:03,Jamie W - Jamie#45846,François R - Ayora#29960,2-1,No,,,Duskmourn,1
3/22/2025 9:20:15,Adam L - BillyJosh#69869,Vincent L - Tanathonos#62853,2-1,No,,,Outlaws of Thunder Junction (no bonus sheets),1
3/22/2025 9:21:11,Yifan Y - RNGod#23259,François R - Ayora#29960,2-0,No,,,Duskmourn,1
3/22/2025 9:48:23,Dirk E - BegginBlue#16667,Adam L - BillyJosh#69869,2-0,No,,,Aetherdrift,1
3/22/2025 9:58:20,Travis C - RandomJobber#97055,Nathan T - Tweedy#06003,2-0,No,,,Bloomburrow,1
3/22/2025 10:05:36,Dirk E - BegginBlue#16667,Kevin C - Keviiiiin#67886,2-0,No,,,Murders at Karlov Manor,1
3/22/2025 10:35:36,Troy S - PagedPuddle65#32302,Parker D - Android77#15898,2-1,No,,,Outlaws of Thunder Junction (no bonus sheets),1
3/22/2025 10:37:50,Travis C - RandomJobber#97055,Kevin I - kni1993#29285,2-1,No,,,Aetherdrift,1
3/22/2025 10:44:48,Kevin C - Keviiiiin#67886,Dan B - Hmishima#77128,2-0,No,,,Duskmourn,1
3/22/2025 10:46:13,Majo G - Fortem#78609,DRAGON,2-1,Yes,Johnny M,,None (the Dragon lost),1
3/22/2025 11:01:43,Adam L - BillyJosh#69869,James M - Demonic Tutor#02131,2-1,No,,,Outlaws of Thunder Junction (no bonus sheets),1
3/22/2025 11:06:19,Paul G - TheDragon#61289,Jamie W - Jamie#45846,2-1,No,,,Bloomburrow,1
3/22/2025 11:31:39,Jamie W - Jamie#45846,Tristan W - Capt_Tryst#35137,2-1,No,,,Outlaws of Thunder Junction (no bonus sheets),1
3/22/2025 11:48:08,Joel G - DandelionsOut#82916,Vincent L - Tanathonos#62853,2-0,No,,Fun league! Great opponent,Duskmourn,1
3/22/2025 11:48:30,Kevin C - Keviiiiin#67886,DRAGON,2-1,Yes,Johnny M,,None (the Dragon lost),1
3/22/2025 12:11:56,Joel G - DandelionsOut#82916,Kevin C - Keviiiiin#67886,2-0,No,,,Duskmourn,1
3/22/2025 12:22:21,Stefan V - Silversword#06621,Tristan W - Capt_Tryst#35137,2-1,No,,,Duskmourn,1
3/22/2025 12:37:59,DRAGON,Kenny W - NivMizzet042#64889,2-0,Yes,Caleb G,,Outlaws of Thunder Junction (no bonus sheets),1
3/22/2025 12:49:19,Stefan V - Silversword#06621,Kevin C - Keviiiiin#67886,2-1,No,,,Duskmourn,1
3/22/2025 12:49:22,Vincent L - Tanathonos#62853,Logan J - Numskul#59868,2-0,No,,,Magic Foundations,1
3/22/2025 13:38:02,Stefan V - Silversword#06621,Logan J - Numskul#59868,2-1,No,,thx for the game,Outlaws of Thunder Junction (no bonus sheets),1
3/22/2025 14:04:30,Jay H - j.hffrth#80931,Alex H - Merriman#08092,2-1,No,,,Duskmourn,1
3/22/2025 15:05:13,Stefan V - Silversword#06621,Nathan T - Tweedy#06003,2-1,No,,,Bloomburrow,1
3/22/2025 15:13:53,DRAGON,Jeff H - Wox1510#92581,2-1,Yes,Zeke W,ggs!,Outlaws of Thunder Junction (no bonus sheets),1
3/22/2025 15:34:10,Chris D - Stereolab#37691,Nick A - Nistar#14127,2-0,No,,,Outlaws of Thunder Junction (no bonus sheets),1
3/22/2025 15:37:37,Jay H - j.hffrth#80931,Troy S - PagedPuddle65#32302,2-1,No,,,Duskmourn,1
3/22/2025 16:10:28,Chris D - Stereolab#37691,Stefan V - Silversword#06621,2-0,No,,,Outlaws of Thunder Junction (no bonus sheets),1
3/22/2025 16:25:00,DRAGON,François R - Ayora#29960,2-1,Yes,Sawyer T,,Outlaws of Thunder Junction (no bonus sheets),1
3/22/2025 16:50:18,Miranda J - MajicMiranda#55720,Chris D - Stereolab#37691,2-1,No,,,Bloomburrow,1
3/22/2025 16:50:46,Ryan M - rrrn22#32842,Troy S - PagedPuddle65#32302,2-0,No,,,Duskmourn,1
3/22/2025 17:09:56,DRAGON,Dewitt K - SeethingOctopus#02129,2-1,Yes,Chris Y,UR Mirror Match!!,Magic Foundations,1
3/22/2025 17:31:17,Chris D - Stereolab#37691,Evan L - Evan#97713,2-0,No,,,Aetherdrift,1
3/22/2025 17:40:41,DRAGON,Paul R - QildorCrana#01941,2-0,Yes,Zeke W,ggs!,Magic Foundations,1
3/22/2025 17:51:42,Jeff H - Wox1510#92581,Nathan T - Tweedy#06003,2-1,No,,,Bloomburrow,1
3/22/2025 17:59:30,Ryan M - rrrn22#32842,Evan L - Evan#97713,2-0,No,,,Aetherdrift,1
3/22/2025 18:27:44,Nick G - Gallis_#52964,Paul R - QildorCrana#01941,2-0,No,,,Magic Foundations,1
3/22/2025 19:02:12,Ryan M - rrrn22#32842,Dan B - Hmishima#77128,2-0,No,,,Outlaws of Thunder Junction (no bonus sheets),1
3/22/2025 19:03:51,Majo G - Fortem#78609,Alex M - ItsYaBoiAlex#76222,2-0,No,,,Duskmourn,1
3/22/2025 19:14:28,Nick A - Nistar#14127,Jack H - Rakic#98298,2-0,No,,,Aetherdrift,1
3/22/2025 19:48:32,Jay H - j.hffrth#80931,Jack H - Rakic#98298,2-1,No,,,Outlaws of Thunder Junction (no bonus sheets),1
3/22/2025 20:08:31,Nick A - Nistar#14127,Alex M - ItsYaBoiAlex#76222,2-1,No,,Best game of the league calling it now,Duskmourn,1
3/22/2025 20:13:12,Jack H - Rakic#98298,Georgii C - Yasunori#84481,2-1,No,,,Duskmourn,1
3/22/2025 20:35:56,Jeff H - Wox1510#92581,Jay H - j.hffrth#80931,2-0,No,,,Duskmourn,1
3/22/2025 21:12:46,Nick G - Gallis_#52964,Jay H - j.hffrth#80931,2-1,No,,,Duskmourn,1
3/22/2025 21:13:06,Alex M - ItsYaBoiAlex#76222,Mark A - JackalMagi#52035,2-1,No,,,Outlaws of Thunder Junction (no bonus sheets),1
3/22/2025 21:28:43,Nick G - Gallis_#52964,Nathan C - Chronotic#05100,2-0,No,,,Duskmourn,1
3/22/2025 21:37:53,John D - DailyDraft#87013,Ryan H - Kitchensinks#50434,2-1,No,,,Murders at Karlov Manor,1
3/22/2025 22:40:09,Tony D - Adoan4413#75317,Matthew G - iluvatar777#20638,2-1,No,,,Outlaws of Thunder Junction (no bonus sheets),1
3/22/2025 22:50:15,DRAGON,Parker D - Android77#15898,2-1,Yes,Caleb G,Dragon deez nuts,Outlaws of Thunder Junction (no bonus sheets),1
3/22/2025 23:53:10,Jaidin M - MnemonicDevice#38774,Christopher S - Stemz#96067,2-0,No,,,Magic Foundations,1
3/22/2025 23:59:45,Ryan M - rrrn22#32842,Alex M - ItsYaBoiAlex#76222,2-0,No,,,Outlaws of Thunder Junction (no bonus sheets),1
3/23/2025 0:10:03,Chris Po - Portto99#43186,Jaidin M - MnemonicDevice#38774,2-0,No,,Thanks,Outlaws of Thunder Junction (no bonus sheets),1
3/23/2025 0:27:14,DRAGON,Travis C - RandomJobber#97055,2-0,Yes,Chris Y,Great grindy games!,Duskmourn,1
3/23/2025 0:31:55,Eikel P - SouLIke#53611,Robert M - LaughItUp#38462,2-0,No,,,Magic Foundations,1
3/23/2025 1:01:28,Chris Po - Portto99#43186,Travis C - RandomJobber#97055,2-1,No,,Thanks,Duskmourn,1
3/23/2025 1:16:47,Robert M - LaughItUp#38462,James M - Demonic Tutor#02131,2-1,No,,,Outlaws of Thunder Junction (no bonus sheets),1
3/23/2025 1:32:12,Travis C - RandomJobber#97055,Eikel P - SouLIke#53611,2-0,No,,,Outlaws of Thunder Junction (no bonus sheets),1
3/23/2025 1:39:05,Timothy B - wtrbflov2#64488,Alex M - ItsYaBoiAlex#76222,2-0,No,,,Duskmourn,1
3/23/2025 9:38:33,Ben K - ben53#03816,Nick A - Nistar#14127,2-1,No,,,Outlaws of Thunder Junction (no bonus sheets),1
3/23/2025 10:02:49,Sabrina S - Sabrina#30505,Adam L - BillyJosh#69869,2-0,No,,,Aetherdrift,1
3/23/2025 10:19:34,Austin L - letschanator#96536,Sabrina S - Sabrina#30505,2-1,No,,,Duskmourn,1
3/23/2025 10:52:59,Austin L - letschanator#96536,James M - Demonic Tutor#02131,2-1,No,,,Outlaws of Thunder Junction (no bonus sheets),1
3/23/2025 11:13:33,Miranda J - MajicMiranda#55720,Yifan Y - RNGod#23259,2-0,No,,,Outlaws of Thunder Junction (no bonus sheets),1
3/23/2025 11:19:51,Matthew G - iluvatar777#20638,Austin L - letschanator#96536,2-0,No,,,Aetherdrift,1
3/23/2025 11:55:08,Austin L - letschanator#96536,Yifan Y - RNGod#23259,2-0,No,,,Outlaws of Thunder Junction (no bonus sheets),1
3/23/2025 12:15:15,Christopher C - Fieldy#21020,Adam E - adamend#97520,2-1,No,,,Outlaws of Thunder Junction (no bonus sheets),1
3/23/2025 12:26:49,Christopher S - Stemz#96067,Kenny W - NivMizzet042#64889,2-0,No,,gg,Outlaws of Thunder Junction (no bonus sheets),1
3/23/2025 13:24:09,Christopher S - Stemz#96067,Stephen H - Crayth#38098,2-1,No,,gg,Duskmourn,1
3/23/2025 13:48:00,Ethan L - ethanndow#02818,Christopher S - Stemz#96067,2-1,No,,,Magic Foundations,1
3/23/2025 14:33:20,Chris Po - Portto99#43186,John D - DailyDraft#87013,2-0,No,,Thanks,Magic Foundations,1
3/23/2025 14:34:54,Miranda J - MajicMiranda#55720,Ethan L - ethanndow#02818,2-1,No,,,Outlaws of Thunder Junction (no bonus sheets),1
3/23/2025 14:49:26,DRAGON,Mark A - JackalMagi#52035,2-1,Yes,Caleb G,,Outlaws of Thunder Junction (no bonus sheets),1
3/23/2025 15:05:31,John D - DailyDraft#87013,Matt F - MadeMyBus#92429,2-1,No,,,Bloomburrow,1
3/23/2025 15:24:30,Daniel Z - FOO#48389,Jack F - jkfman101#84645,2-1,No,,,Outlaws of Thunder Junction (no bonus sheets),1
3/23/2025 16:44:46,Stephen H - Crayth#38098,Christopher C - Fieldy#21020,2-0,No,,GGs!,Outlaws of Thunder Junction (no bonus sheets),1
3/23/2025 17:09:39,DRAGON,Jordan Mc - frigis#23320,2-0,Yes,Chris Y,Great games!,Duskmourn,1
3/23/2025 17:33:27,Miranda J - MajicMiranda#55720,John D - DailyDraft#87013,2-0,No,,,Magic Foundations,1
3/23/2025 18:03:13,Joseph S - NotSham#89034,Colton S - coltoncooper#56958,2-1,No,,,Duskmourn,1
3/23/2025 18:14:22,Jordan Mc - frigis#23320,Joe F - mtgcompton#90771,2-0,No,,,Aetherdrift,1
3/23/2025 18:33:17,Zev G - Meep3278#19615,Parker D - Android77#15898,2-1,No,,,Outlaws of Thunder Junction (no bonus sheets),1
3/23/2025 18:41:21,Joe F - mtgcompton#90771,Ethan L - ethanndow#02818,2-0,No,,,Outlaws of Thunder Junction (no bonus sheets),1
3/23/2025 18:49:54,Colton S - coltoncooper#56958,Daniel Z - FOO#48389,2-1,No,,,Outlaws of Thunder Junction (no bonus sheets),1
3/23/2025 18:53:25,Zev G - Meep3278#19615,Cameron B - KingEggbert#01276,2-1,No,,,Outlaws of Thunder Junction (no bonus sheets),1
3/23/2025 19:07:04,Joe F - mtgcompton#90771,Miguel B - Ethereus#60108,2-0,No,,,Outlaws of Thunder Junction (no bonus sheets),1
3/23/2025 19:09:28,Dan B - Hmishima#77128,Jordan Mc - frigis#23320,2-0,No,,,Duskmourn,1
3/23/2025 19:11:32,Tomás B - EverFightinDuck#44829,Joseph S - NotSham#89034,2-1,No,,ggs,Duskmourn,1
3/23/2025 19:14:48,Georgii C - Yasunori#84481,Colton S - coltoncooper#56958,2-0,No,,GGs,Duskmourn,1
3/23/2025 19:23:21,Zev G - Meep3278#19615,Miranda J - MajicMiranda#55720,2-1,No,,,Outlaws of Thunder Junction (no bonus sheets),1
3/23/2025 19:38:55,Miguel B - Ethereus#60108,Tomás B - EverFightinDuck#44829,2-0,No,,Gatilhado,Duskmourn,1
3/23/2025 19:42:44,Zev G - Meep3278#19615,Jordan Mc - frigis#23320,2-1,No,,,Outlaws of Thunder Junction (no bonus sheets),1
3/23/2025 20:40:08,Tomás B - EverFightinDuck#44829,Georgii C - Yasunori#84481,2-1,No,,,Duskmourn,1
3/23/2025 20:49:43,Jordan Mc - frigis#23320,Miguel B - Ethereus#60108,2-0,No,,,Outlaws of Thunder Junction (no bonus sheets),1
3/23/2025 21:20:03,Colton S - coltoncooper#56958,Miguel B - Ethereus#60108,2-1,No,,,Outlaws of Thunder Junction (no bonus sheets),1
3/23/2025 21:32:31,Colton S - coltoncooper#56958,Timothy B - wtrbflov2#64488,2-0,No,,,Outlaws of Thunder Junction (no bonus sheets),1
3/23/2025 22:22:56,Georgii C - Yasunori#84481,Joe F - mtgcompton#90771,2-1,No,,super tight!,Magic Foundations,1
3/23/2025 22:37:28,Chris O - Chriso91#46230,Phillip M - Fat_kitty#63794,2-0,No,,,Aetherdrift,1
3/23/2025 23:11:33,Curtis K - Oblivion#40925,Matthew G - iluvatar777#20638,2-1,No,,,Outlaws of Thunder Junction (no bonus sheets),1
3/23/2025 23:19:56,Dewitt K - SeethingOctopus#02129,Troy S - PagedPuddle65#32302,2-0,No,,,Aetherdrift,1
3/23/2025 23:20:23,Preston B - Vorbis#46420,DRAGON,2-0,Yes,Nik S,,None (the Dragon lost),1
3/23/2025 23:55:35,Curtis K - Oblivion#40925,Kenny W - NivMizzet042#64889,2-0,No,,,Duskmourn,1
3/24/2025 0:37:29,DRAGON,Curtis K - Oblivion#40925,2-1,Yes,Nik S,,Duskmourn,1
3/24/2025 0:38:56,DRAGON,Sylvain T - Iquitos#15484,2-0,Yes,Johnny M,,Outlaws of Thunder Junction (no bonus sheets),1
3/24/2025 10:13:48,Oskar T - ossytubbi#87966,Lukas M - Finley_2k1#30925,2-1,No,,,Outlaws of Thunder Junction (no bonus sheets),1
3/24/2025 10:36:31,Oskar T - ossytubbi#87966,Martin J - Spragge#85861,2-0,No,,,Outlaws of Thunder Junction (no bonus sheets),1
3/24/2025 12:25:50,Evan L - Evan#97713,Oskar T - ossytubbi#87966,2-0,No,,,Outlaws of Thunder Junction (no bonus sheets),1
3/24/2025 13:08:25,Matt F - MadeMyBus#92429,Joe T - elasticity#07466,2-1,No,,,Outlaws of Thunder Junction (no bonus sheets),1
3/24/2025 13:23:11,Oskar T - ossytubbi#87966,Adam E - adamend#97520,2-1,No,,,Outlaws of Thunder Junction (no bonus sheets),1
3/24/2025 13:47:08,Nathan T - Tweedy#06003,Matt F - MadeMyBus#92429,2-1,No,,,Bloomburrow,1
3/24/2025 13:58:23,Joe T - elasticity#07466,Cameron B - KingEggbert#01276,2-0,No,,,Outlaws of Thunder Junction (no bonus sheets),1
3/24/2025 14:41:40,Joe F - mtgcompton#90771,Dominic M - domdoes#32489,2-1,No,,,Outlaws of Thunder Junction (no bonus sheets),1
3/24/2025 15:28:49,Ben P - ChuckNoBlocks#32638,Adam E - adamend#97520,2-1,No,,GGs!,Outlaws of Thunder Junction (no bonus sheets),1
3/24/2025 15:48:47,Martin J - Spragge#85861,Stephen H - Crayth#38098,2-1,No,,,Outlaws of Thunder Junction (no bonus sheets),1
3/24/2025 16:04:24,Curtis K - Oblivion#40925,François R - Ayora#29960,2-1,No,,,Outlaws of Thunder Junction (no bonus sheets),1
3/24/2025 16:23:01,Ben P - ChuckNoBlocks#32638,Joseph S - NotSham#89034,2-0,No,,GGs!,Murders at Karlov Manor,1
3/24/2025 18:26:09,Miguel B - Ethereus#60108,Robert M - LaughItUp#38462,2-0,No,,GG,Duskmourn,1
3/24/2025 19:10:53,Martin J - Spragge#85861,Phillip M - Fat_kitty#63794,2-0,No,,,Aetherdrift,1
3/24/2025 19:29:19,Robert M - LaughItUp#38462,Kenny W - NivMizzet042#64889,2-1,No,,,Duskmourn,1
3/24/2025 19:31:39,Oskar T - ossytubbi#87966,Dewitt K - SeethingOctopus#02129,2-1,No,,,Duskmourn,1
3/24/2025 20:09:40,Kenny W - NivMizzet042#64889,Paul C - Doughboy#42159,2-1,No,,,Outlaws of Thunder Junction (no bonus sheets),1
3/24/2025 20:59:27,Ethan L - ethanndow#02818,Jeff H - Wox1510#92581,2-1,No,,,Outlaws of Thunder Junction (no bonus sheets),1
3/24/2025 22:38:10,Joseph H - Sexcellence#51112,Curtis K - Oblivion#40925,2-1,No,,,Duskmourn,1
3/24/2025 22:50:34,Christopher S - Stemz#96067,Bob P - HIT#08120,2-1,No,,"gg, gl on getting crimes!",Outlaws of Thunder Junction (no bonus sheets),1
3/24/2025 23:04:34,Logan J - Numskul#59868,Renaud C - ArExSea#25399,2-1,No,,,Duskmourn,1
3/24/2025 23:08:09,Joseph H - Sexcellence#51112,James M - Demonic Tutor#02131,2-0,No,,,Outlaws of Thunder Junction (no bonus sheets),1
3/24/2025 23:11:15,Matthew G - iluvatar777#20638,Dan B - Hmishima#77128,2-0,No,,,Outlaws of Thunder Junction (no bonus sheets),1
3/24/2025 23:15:38,Sylvain T - Iquitos#15484,Chris Po - Portto99#43186,2-1,No,,Nice games!,Outlaws of Thunder Junction (no bonus sheets),1
3/24/2025 23:48:02,Joseph H - Sexcellence#51112,Sylvain T - Iquitos#15484,2-0,No,,,Outlaws of Thunder Junction (no bonus sheets),1
3/24/2025 23:57:43,Bob P - HIT#08120,Preston B - Vorbis#46420,2-1,No,,,Outlaws of Thunder Junction (no bonus sheets),1
3/25/2025 0:29:35,Stephen H - Crayth#38098,Bob P - HIT#08120,2-1,No,,"GGs, tough games!",Outlaws of Thunder Junction (no bonus sheets),1
3/25/2025 9:16:21,Dewitt K - SeethingOctopus#02129,Robert M - LaughItUp#38462,2-0,No,,,Murders at Karlov Manor,1
3/25/2025 11:51:41,Joseph H - Sexcellence#51112,Tristan W - Capt_Tryst#35137,2-0,No,,,Duskmourn,1
3/25/2025 12:26:33,Martin J - Spragge#85861,Joe G - AardvarkKing #40712,2-0,No,,,Duskmourn,1
3/25/2025 12:48:24,DRAGON,Tristan W - Capt_Tryst#35137,2-0,Yes,Chris P,,Duskmourn,1
3/25/2025 13:18:48,Adam E - adamend#97520,Tristan W - Capt_Tryst#35137,2-0,No,,,Outlaws of Thunder Junction (no bonus sheets),1
3/25/2025 17:48:34,Yifan Y - RNGod#23259,Dominic M - domdoes#32489,2-0,No,,,Outlaws of Thunder Junction (no bonus sheets),1
3/25/2025 19:17:05,Christopher C - Fieldy#21020,Alex H - Merriman#08092,2-0,No,,ggs,Outlaws of Thunder Junction (no bonus sheets),1
3/25/2025 19:49:29,Adam E - adamend#97520,Tony D - Adoan4413#75317,2-0,No,,,Outlaws of Thunder Junction (no bonus sheets),1
3/25/2025 19:50:44,Lukas M - Finley_2k1#30925,DRAGON,2-0,Yes,Chris R,,None (the Dragon lost),1
3/25/2025 19:56:57,Jeff H - Wox1510#92581,Alex H - Merriman#08092,2-0,No,,,Outlaws of Thunder Junction (no bonus sheets),1
3/25/2025 20:20:03,DRAGON,Nick G - Gallis_#52964,2-0,Yes,John P,ROAR,Outlaws of Thunder Junction (no bonus sheets),1
3/25/2025 20:27:44,Dewitt K - SeethingOctopus#02129,Joe T - elasticity#07466,2-0,No,,,Outlaws of Thunder Junction (no bonus sheets),1
3/25/2025 20:29:09,Lukas M - Finley_2k1#30925,Eikel P - SouLIke#53611,2-0,No,,,Outlaws of Thunder Junction (no bonus sheets),1
3/25/2025 21:02:22,Joaquin E - DiabolicMachine#23891,Nathan C - Chronotic#05100,2-0,No,,,Duskmourn,1
3/25/2025 21:45:14,Joaquin E - DiabolicMachine#23891,Christopher C - Fieldy#21020,2-0,No,,,Outlaws of Thunder Junction (no bonus sheets),1
3/25/2025 22:08:17,Joe T - elasticity#07466,Zachary S - Zcia#67361,2-1,No,,,Outlaws of Thunder Junction (no bonus sheets),1
3/25/2025 22:58:55,Renaud C - ArExSea#25399,Zachary S - Zcia#67361,2-1,No,,,Murders at Karlov Manor,1
3/25/2025 23:40:07,Zachary S - Zcia#67361,Sylvain T - Iquitos#15484,2-1,No,,,Outlaws of Thunder Junction (no bonus sheets),1
3/25/2025 23:43:58,Renaud C - ArExSea#25399,DRAGON,2-1,Yes,Nik S,,None (the Dragon lost),1
3/25/2025 23:46:51,Lukas M - Finley_2k1#30925,Preston B - Vorbis#46420,2-0,No,,,Outlaws of Thunder Junction (no bonus sheets),1
3/26/2025 0:35:26,Joseph H - Sexcellence#51112,Chris Po - Portto99#43186,2-1,No,,,Outlaws of Thunder Junction (no bonus sheets),1
3/26/2025 9:12:13,Keelan T - Dufel#75965,Nathan T - Tweedy#06003,2-0,No,,,Bloomburrow,1
3/26/2025 13:09:59,Stephen H - Crayth#38098,Chris O - Chriso91#46230,2-0,No,,GGs!,Outlaws of Thunder Junction (no bonus sheets),1
3/26/2025 13:55:34,Joaquin E - DiabolicMachine#23891,Chris O - Chriso91#46230,2-0,No,,,Outlaws of Thunder Junction (no bonus sheets),1
3/26/2025 15:17:01,Alex H - Merriman#08092,Paul C - Doughboy#42159,2-0,No,,,Outlaws of Thunder Junction (no bonus sheets),1
3/26/2025 15:54:56,Ben P - ChuckNoBlocks#32638,Nicholas K - Bionick#55161,2-1,No,,,Outlaws of Thunder Junction (no bonus sheets),1
3/26/2025 16:03:38,Paul C - Doughboy#42159,Joseph S - NotSham#89034,2-1,No,,,Magic Foundations,1
3/26/2025 16:56:35,Yifan Y - RNGod#23259,Paul C - Doughboy#42159,2-0,No,,,Magic Foundations,1
3/26/2025 18:07:15,Paul C - Doughboy#42159,DRAGON,2-0,Yes,Lotte P,,None (the Dragon lost),1
3/26/2025 20:43:39,Ryan H - Kitchensinks#50434,Ben K - ben53#03816,2-0,No,,,Outlaws of Thunder Junction (no bonus sheets),1
3/26/2025 21:07:53,Nathan C - Chronotic#05100,Joe T - elasticity#07466,2-1,No,,Close game!,Outlaws of Thunder Junction (no bonus sheets),1
3/26/2025 22:18:51,Ryan H - Kitchensinks#50434,Phillip M - Fat_kitty#63794,2-0,No,,,Outlaws of Thunder Junction (no bonus sheets),1
3/26/2025 22:33:08,Jeremiah A - GrumpyMonk#27783,Dan B - Hmishima#77128,2-0,No,,,Magic Foundations,1
3/26/2025 22:33:25,Preston B - Vorbis#46420,Joaquin E - DiabolicMachine#23891,2-0,No,,,Duskmourn,1
3/26/2025 22:50:59,Chris O - Chriso91#46230,Timothy B - wtrbflov2#64488,2-1,No,,,Outlaws of Thunder Junction (no bonus sheets),1
3/26/2025 23:13:35,Preston B - Vorbis#46420,Ryan H - Kitchensinks#50434,2-1,No,,,Magic Foundations,1
3/26/2025 23:54:42,Ryan H - Kitchensinks#50434,DRAGON,2-0,Yes,Dan A,,None (the Dragon lost),1
3/27/2025 10:56:15,Tony D - Adoan4413#75317,Sylvain T - Iquitos#15484,2-1,No,,,Outlaws of Thunder Junction (no bonus sheets),1
3/27/2025 11:47:59,Martin J - Spragge#85861,Dominic M - domdoes#32489,2-0,No,,gg mate!,Aetherdrift,1
3/27/2025 13:37:15,Chris O - Chriso91#46230,Jack F - jkfman101#84645,2-1,No,,,Outlaws of Thunder Junction (no bonus sheets),1
3/27/2025 17:18:18,Elliot H - blobby#99425,Jonathan R - MetalFingers#36803,2-0,No,,,Outlaws of Thunder Junction (no bonus sheets),1
3/27/2025 18:58:24,Tomás B - EverFightinDuck#44829,Jonathan R - MetalFingers#36803,2-1,No,,ggs,Outlaws of Thunder Junction (no bonus sheets),1
3/27/2025 20:23:54,Jeremiah A - GrumpyMonk#27783,Tomás B - EverFightinDuck#44829,2-1,No,,,Duskmourn,1
3/27/2025 20:50:00,Ben K - ben53#03816,Elliot H - blobby#99425,2-1,No,,,Murders at Karlov Manor,1
3/27/2025 21:01:03,Eikel P - SouLIke#53611,Jeremiah A - GrumpyMonk#27783,2-1,No,,,Outlaws of Thunder Junction (no bonus sheets),1
3/27/2025 21:13:59,Nathan C - Chronotic#05100,Adrian C - CarrRadio#73846,2-1,No,,,Aetherdrift,1
3/27/2025 21:33:51,DRAGON,Eikel P - SouLIke#53611,2-0,Yes,Sawyer T,,Outlaws of Thunder Junction (no bonus sheets),1
3/27/2025 22:29:59,Elliot H - blobby#99425,Christopher C - Fieldy#21020,2-1,No,,,Outlaws of Thunder Junction (no bonus sheets),1
3/27/2025 22:31:59,Adrian C - CarrRadio#73846,Keelan T - Dufel#75965,2-0,No,,,Outlaws of Thunder Junction (no bonus sheets),1
3/27/2025 23:12:31,Joaquin E - DiabolicMachine#23891,Lukas M - Finley_2k1#30925,2-1,No,,,Outlaws of Thunder Junction (no bonus sheets),1
3/27/2025 23:45:53,Adrian C - CarrRadio#73846,Zachary S - Zcia#67361,2-1,No,,,Outlaws of Thunder Junction (no bonus sheets),1
3/28/2025 1:41:22,Jonathan R - MetalFingers#36803,James M - Demonic Tutor#02131,2-1,No,,,Outlaws of Thunder Junction (no bonus sheets),1
3/28/2025 10:11:34,Eric S - smitte#94855,DRAGON,2-0,Yes,Adam S,It was actually Adam S who is missing from the selections,None (the Dragon lost),1
3/28/2025 10:36:04,Jonathan R - MetalFingers#36803,Eric S - smitte#94855,2-1,No,,,Outlaws of Thunder Junction (no bonus sheets),1
3/28/2025 10:55:16,Eric S - smitte#94855,Jaidin M - MnemonicDevice#38774,2-0,No,,GGs,Outlaws of Thunder Junction (no bonus sheets),1
3/28/2025 11:21:19,Eric S - smitte#94855,Tony D - Adoan4413#75317,2-0,No,,GGs,Outlaws of Thunder Junction (no bonus sheets),1
3/28/2025 11:48:39,Ben P - ChuckNoBlocks#32638,Dominic M - domdoes#32489,2-1,No,,GGs!,Outlaws of Thunder Junction (no bonus sheets),1
3/28/2025 11:54:39,Joe G - AardvarkKing #40712,Eric S - smitte#94855,2-1,No,,,Outlaws of Thunder Junction (no bonus sheets),1
3/28/2025 13:05:54,DRAGON,Joe G - AardvarkKing #40712,2-0,Yes,Tony G,,Duskmourn,1
3/28/2025 14:09:28,Joe G - AardvarkKing #40712,Jaidin M - MnemonicDevice#38774,2-0,No,,,Duskmourn,1
3/28/2025 16:43:22,Jonathan R - MetalFingers#36803,Ben P - ChuckNoBlocks#32638,2-0,No,,,Outlaws of Thunder Junction (no bonus sheets),1
3/28/2025 17:18:15,Keelan T - Dufel#75965,Nick L - Aliphos#10232,2-0,No,,,Duskmourn,1
3/28/2025 17:21:52,Dirk E - BegginBlue#16667,Jamie W - Jamie#45846,2-0,No,,,Bloomburrow,1
3/28/2025 17:48:36,Nick L - Aliphos#10232,Zev G - Meep3278#19615,2-1,No,,"GGs, good luck on the pack",Outlaws of Thunder Junction (no bonus sheets),1
3/28/2025 17:50:14,Dirk E - BegginBlue#16667,Matt P - Hyouden#42088,2-1,No,,,Outlaws of Thunder Junction (no bonus sheets),1
3/28/2025 18:00:20,Alexis M - Alexsfly#67052,Paul G - TheDragon#61289,2-1,No,,,Magic Foundations,1
3/28/2025 18:07:37,DRAGON,Matt F - MadeMyBus#92429,2-1,Yes,Sawyer T,,Bloomburrow,1
3/28/2025 18:13:40,Matt P - Hyouden#42088,Zev G - Meep3278#19615,2-0,No,,,Outlaws of Thunder Junction (no bonus sheets),1
3/28/2025 18:15:59,Nick L - Aliphos#10232,Alex M - ItsYaBoiAlex#76222,2-0,No,,,Outlaws of Thunder Junction (no bonus sheets),1
3/28/2025 18:21:15,Alexis M - Alexsfly#67052,Dirk E - BegginBlue#16667,2-1,No,,,Aetherdrift,1
3/28/2025 18:25:31,Travis C - RandomJobber#97055,Oskar T - ossytubbi#87966,2-0,No,,,Outlaws of Thunder Junction (no bonus sheets),1
3/28/2025 18:36:16,Paul G - TheDragon#61289,Matt P - Hyouden#42088,2-0,No,,,Outlaws of Thunder Junction (no bonus sheets),1
3/28/2025 18:41:52,Zev G - Meep3278#19615,Alexis M - Alexsfly#67052,2-0,No,,,Duskmourn,1
3/28/2025 18:43:08,Oskar T - ossytubbi#87966,Nick L - Aliphos#10232,2-0,No,,,Duskmourn,1
3/28/2025 18:55:58,Travis C - RandomJobber#97055,Alex M - ItsYaBoiAlex#76222,2-0,No,,,Outlaws of Thunder Junction (no bonus sheets),1
3/28/2025 19:04:12,Keelan T - Dufel#75965,Dirk E - BegginBlue#16667,2-1,No,,,Aetherdrift,1
3/28/2025 19:06:22,Nick L - Aliphos#10232,Alexis M - Alexsfly#67052,2-0,No,,,Duskmourn,1
3/28/2025 19:11:30,Oskar T - ossytubbi#87966,Matt P - Hyouden#42088,2-0,No,,,Outlaws of Thunder Junction (no bonus sheets),1
3/28/2025 19:22:33,Travis C - RandomJobber#97055,Paul R - QildorCrana#01941,2-0,No,,,Outlaws of Thunder Junction (no bonus sheets),1
3/28/2025 19:27:36,DRAGON,Zev G - Meep3278#19615,2-0,Yes,Jeremy E,elder dragon finds you delicious,Outlaws of Thunder Junction (no bonus sheets),1
3/28/2025 19:34:05,Oskar T - ossytubbi#87966,Ethan L - ethanndow#02818,2-0,No,,,Outlaws of Thunder Junction (no bonus sheets),1
3/28/2025 19:52:05,Kevin I - kni1993#29285,Parker D - Android77#15898,2-0,No,,,Outlaws of Thunder Junction (no bonus sheets),1
3/28/2025 19:55:41,Alexis M - Alexsfly#67052,Lukas M - Finley_2k1#30925,2-1,No,,,Outlaws of Thunder Junction (no bonus sheets),1
3/28/2025 20:02:46,Zev G - Meep3278#19615,Matt F - MadeMyBus#92429,2-0,No,,,Bloomburrow,1
3/28/2025 20:08:42,Austin L - letschanator#96536,Seaver M - Seaver99#18725,2-0,No,,,Aetherdrift,1
3/28/2025 20:29:48,Georgii C - Yasunori#84481,Lukas M - Finley_2k1#30925,2-1,No,,double wick was awesome,Outlaws of Thunder Junction (no bonus sheets),1
3/28/2025 20:29:51,Austin L - letschanator#96536,Ben P - ChuckNoBlocks#32638,2-0,No,,,Outlaws of Thunder Junction (no bonus sheets),1
3/28/2025 20:45:02,Nick A - Nistar#14127,Parker D - Android77#15898,2-1,No,,,Outlaws of Thunder Junction (no bonus sheets),1
3/28/2025 20:58:05,Ethan L - ethanndow#02818,Seaver M - Seaver99#18725,2-1,No,,,Outlaws of Thunder Junction (no bonus sheets),1
3/28/2025 20:59:37,Ethan L - ethanndow#02818,Paul R - QildorCrana#01941,2-1,No,,,Outlaws of Thunder Junction (no bonus sheets),1
3/28/2025 21:06:07,Georgii C - Yasunori#84481,Austin L - letschanator#96536,2-1,No,,Great games!,Outlaws of Thunder Junction (no bonus sheets),1
3/28/2025 21:11:56,Lukas M - Finley_2k1#30925,Jay H - j.hffrth#80931,2-0,No,,,Aetherdrift,1
3/28/2025 21:28:13,Christopher S - Stemz#96067,Ben P - ChuckNoBlocks#32638,2-1,No,,ggs,Outlaws of Thunder Junction (no bonus sheets),1
3/28/2025 21:35:19,Austin L - letschanator#96536,Ethan L - ethanndow#02818,2-1,No,,,Outlaws of Thunder Junction (no bonus sheets),1
3/28/2025 21:38:23,Jeff H - Wox1510#92581,Lukas M - Finley_2k1#30925,2-0,No,,,Outlaws of Thunder Junction (no bonus sheets),1
3/28/2025 22:16:52,Dewitt K - SeethingOctopus#02129,Jay H - j.hffrth#80931,2-1,No,,,Duskmourn,1
3/28/2025 22:20:27,Nick G - Gallis_#52964,Chris O - Chriso91#46230,2-0,No,,,Outlaws of Thunder Junction (no bonus sheets),1
3/28/2025 23:16:14,Jack H - Rakic#98298,Preston B - Vorbis#46420,2-1,No,,,Outlaws of Thunder Junction (no bonus sheets),1
3/28/2025 23:39:03,Chris O - Chriso91#46230,Adrian C - CarrRadio#73846,2-1,No,,,Outlaws of Thunder Junction (no bonus sheets),1
3/28/2025 23:59:59,Alex H - Merriman#08092,John D - DailyDraft#87013,2-1,No,,,Magic Foundations,1
3/29/2025 0:22:06,Jay H - j.hffrth#80931,Stephen H - Crayth#38098,2-0,No,,,Duskmourn,1
3/29/2025 0:41:31,John D - DailyDraft#87013,Joe G - AardvarkKing #40712,2-1,No,,,Duskmourn,1
3/29/2025 0:50:56,Curtis K - Oblivion#40925,Jay H - j.hffrth#80931,2-0,No,,,Duskmourn,1
3/29/2025 1:41:37,Ben P - ChuckNoBlocks#32638,Jack H - Rakic#98298,2-1,No,,,Outlaws of Thunder Junction (no bonus sheets),1
3/29/2025 2:50:35,Dirk E - BegginBlue#16667,Jay H - j.hffrth#80931,2-1,No,,,Duskmourn,1
3/29/2025 10:20:40,Oskar T - ossytubbi#87966,Ben P - ChuckNoBlocks#32638,2-0,No,,,Outlaws of Thunder Junction (no bonus sheets),1
3/29/2025 10:38:33,Nathan T - Tweedy#06003,DRAGON,2-1,Yes,Steve T,,None (the Dragon lost),1
3/29/2025 10:55:40,Evan L - Evan#97713,Austin L - letschanator#96536,2-0,No,,,Outlaws of Thunder Junction (no bonus sheets),1
3/29/2025 11:37:21,James M - Demonic Tutor#02131,Evan L - Evan#97713,2-1,No,,,Aetherdrift,1
3/29/2025 12:06:05,Joseph S - NotSham#89034,Evan L - Evan#97713,2-1,No,,,Aetherdrift,1
3/29/2025 12:07:07,Ryan M - rrrn22#32842,James M - Demonic Tutor#02131,2-0,No,,,Outlaws of Thunder Junction (no bonus sheets),1
3/29/2025 12:14:14,Ben P - ChuckNoBlocks#32638,Jordan Mc - frigis#23320,2-0,No,,,Duskmourn,1
3/29/2025 13:02:08,Ryan M - rrrn22#32842,Nathan N - NotAnAndroid#53609,2-0,No,,,Magic Foundations,1
3/29/2025 13:04:28,Jeff H - Wox1510#92581,Jack H - Rakic#98298,2-0,No,,,Aetherdrift,1
3/29/2025 13:22:25,Jordan Mc - frigis#23320,Travis C - RandomJobber#97055,2-0,No,,,Magic Foundations,1
3/29/2025 13:48:25,Chris Po - Portto99#43186,Nathan N - NotAnAndroid#53609,2-0,No,,,Magic Foundations,1
3/29/2025 13:59:57,Chris D - Stereolab#37691,Travis C - RandomJobber#97055,2-0,No,,,Magic Foundations,1
3/29/2025 14:44:03,Matthew G - iluvatar777#20638,Chris D - Stereolab#37691,2-1,No,,ggs,Magic Foundations,1
3/29/2025 15:04:15,Wei C - Azayaka#83352,Nathan N - NotAnAndroid#53609,2-1,No,,,Magic Foundations,1
3/29/2025 15:06:10,Nick A - Nistar#14127,Kevin I - kni1993#29285,2-0,No,,,Aetherdrift,1
3/29/2025 15:32:04,Ryan M - rrrn22#32842,Ethan L - ethanndow#02818,2-1,No,,,Outlaws of Thunder Junction (no bonus sheets),1
3/29/2025 15:44:47,Alex H - Merriman#08092,Joseph S - NotSham#89034,2-1,No,,,Magic Foundations,1
3/29/2025 16:01:35,Chris D - Stereolab#37691,Jamie W - Jamie#45846,2-0,No,,,Bloomburrow,1
3/29/2025 16:31:25,Chris D - Stereolab#37691,John D - DailyDraft#87013,2-0,No,,,Magic Foundations,1
3/29/2025 17:28:29,John D - DailyDraft#87013,Paul G - TheDragon#61289,2-1,No,,,Outlaws of Thunder Junction (no bonus sheets),1
3/29/2025 17:40:33,Alex H - Merriman#08092,Chris Po - Portto99#43186,2-1,No,,,Outlaws of Thunder Junction (no bonus sheets),1
3/29/2025 17:54:50,Evan L - Evan#97713,Jack H - Rakic#98298,2-1,No,,,Aetherdrift,1
3/29/2025 18:04:39,Chris D - Stereolab#37691,Christopher S - Stemz#96067,2-1,No,,,Magic Foundations,1
3/29/2025 18:37:16,Majo G - Fortem#78609,Evan L - Evan#97713,2-1,No,,,Aetherdrift,1
3/29/2025 18:44:24,DRAGON,Jack H - Rakic#98298,2-1,Yes,Matthias H,,Magic Foundations,1
3/29/2025 18:56:12,Colton S - coltoncooper#56958,Cameron B - KingEggbert#01276,2-1,No,,,Magic Foundations,1
3/29/2025 19:11:04,Tomás B - EverFightinDuck#44829,Majo G - Fortem#78609,2-1,No,,,Duskmourn,1
3/29/2025 19:43:40,Colton S - coltoncooper#56958,Majo G - Fortem#78609,2-0,No,,,Duskmourn,1
3/29/2025 20:25:18,Majo G - Fortem#78609,Stephen H - Crayth#38098,2-1,No,,,Duskmourn,1
3/29/2025 20:53:16,Matthew G - iluvatar777#20638,Dan B - Hmishima#77128,2-1,No,,,Outlaws of Thunder Junction (no bonus sheets),1
3/29/2025 21:38:02,Stephen H - Crayth#38098,Georgii C - Yasunori#84481,2-1,No,,,Duskmourn,1
3/29/2025 21:51:05,Jeff H - Wox1510#92581,Nathan C - Chronotic#05100,2-1,No,,,Duskmourn,1
3/29/2025 22:28:43,Colton S - coltoncooper#56958,Paul C - Doughboy#42159,2-0,No,,,Magic Foundations,1
3/29/2025 23:02:49,Bob P - HIT#08120,John D - DailyDraft#87013,2-0,No,,,Bloomburrow,1
3/29/2025 23:32:17,Ryan M - rrrn22#32842,Bob P - HIT#08120,2-1,No,,,Outlaws of Thunder Junction (no bonus sheets),1
3/30/2025 9:49:06,Vincent L - Tanathonos#62853,Joseph S - NotSham#89034,2-1,No,,,Magic Foundations,1
3/30/2025 9:51:32,Adam L - BillyJosh#69869,Kevin I - kni1993#29285,2-0,No,,,Aetherdrift,1
3/30/2025 10:29:17,Colton S - coltoncooper#56958,Yifan Y - RNGod#23259,2-0,No,,,Outlaws of Thunder Junction (no bonus sheets),1
3/30/2025 11:08:15,Colton S - coltoncooper#56958,Nick A - Nistar#14127,2-1,No,,,Outlaws of Thunder Junction (no bonus sheets),1
3/30/2025 12:17:41,Nathan T - Tweedy#06003,Stefan V - Silversword#06621,2-0,No,,,Outlaws of Thunder Junction (no bonus sheets),1
3/30/2025 13:09:51,Jamie W - Jamie#45846,DRAGON,2-1,Yes,Maxime R,,None (the Dragon lost),1
3/30/2025 13:11:16,Miranda J - MajicMiranda#55720,Jordan Mc - frigis#23320,2-1,No,,,Duskmourn,1
3/30/2025 14:07:29,Jordan Mc - frigis#23320,Joel G - DandelionsOut#82916,2-1,No,,,Outlaws of Thunder Junction (no bonus sheets),1
3/30/2025 14:12:39,Adrian C - CarrRadio#73846,Keelan T - Dufel#75965,2-1,No,,,Aetherdrift,1
3/30/2025 14:21:31,Majo G - Fortem#78609,Alex H - Merriman#08092,2-0,No,,,Outlaws of Thunder Junction (no bonus sheets),1
3/30/2025 14:43:19,Keelan T - Dufel#75965,Adam L - BillyJosh#69869,2-0,No,,,Outlaws of Thunder Junction (no bonus sheets),1
3/30/2025 14:53:58,Stefan V - Silversword#06621,Jordan Mc - frigis#23320,2-1,No,,,Murders at Karlov Manor,1
3/30/2025 15:21:49,Eric S - smitte#94855,Adrian C - CarrRadio#73846,2-0,No,,,Aetherdrift,1
3/30/2025 15:40:49,Adam L - BillyJosh#69869,Stefan V - Silversword#06621,2-1,No,,,Murders at Karlov Manor,1
3/30/2025 15:44:31,DRAGON,Georgii C - Yasunori#84481,2-0,Yes,Tony G,,Duskmourn,1
3/30/2025 16:00:54,Miranda J - MajicMiranda#55720,DRAGON,2-0,Yes,Lotte P,,None (the Dragon lost),1
3/30/2025 16:05:29,Bob P - HIT#08120,Jeremiah A - GrumpyMonk#27783,2-1,No,,,Outlaws of Thunder Junction (no bonus sheets),1
3/30/2025 16:08:34,Troy S - PagedPuddle65#32302,Joseph H - Sexcellence#51112,2-0,No,,,Outlaws of Thunder Junction (no bonus sheets),1
3/30/2025 16:35:29,Georgii C - Yasunori#84481,Troy S - PagedPuddle65#32302,2-1,No,,GGs!,Aetherdrift,1
3/30/2025 16:51:08,Joseph H - Sexcellence#51112,Paul G - TheDragon#61289,2-1,No,,,Magic Foundations,1
3/30/2025 17:11:56,Jeremiah A - GrumpyMonk#27783,Adrian C - CarrRadio#73846,2-1,No,,,Aetherdrift,1
3/30/2025 17:12:48,Ben K - ben53#03816,Miranda J - MajicMiranda#55720,2-0,No,,,Outlaws of Thunder Junction (no bonus sheets),1
3/30/2025 17:34:35,Troy S - PagedPuddle65#32302,Jamie W - Jamie#45846,2-1,No,,,Bloomburrow,1
3/30/2025 17:48:18,Ryan M - rrrn22#32842,Paul G - TheDragon#61289,2-0,No,,,Murders at Karlov Manor,1
3/30/2025 17:51:31,Jamie W - Jamie#45846,Joseph H - Sexcellence#51112,2-0,No,,,Outlaws of Thunder Junction (no bonus sheets),1
3/30/2025 18:13:27,Wei C - Azayaka#83352,Troy S - PagedPuddle65#32302,2-0,No,,,Magic Foundations,1
3/30/2025 18:13:53,Joseph H - Sexcellence#51112,Stephen H - Crayth#38098,2-0,No,,,Duskmourn,1
3/30/2025 19:21:32,Miguel B - Ethereus#60108,Wei C - Azayaka#83352,2-0,No,,,Outlaws of Thunder Junction (no bonus sheets),1
3/30/2025 19:37:26,Miguel B - Ethereus#60108,Joseph H - Sexcellence#51112,2-0,No,,,Outlaws of Thunder Junction (no bonus sheets),1
3/30/2025 19:43:58,Miranda J - MajicMiranda#55720,Kevin I - kni1993#29285,2-1,No,,,Aetherdrift,1
3/30/2025 21:16:54,Nathan C - Chronotic#05100,DRAGON,2-0,Yes,Emmett F,Dollhouse is broken,None (the Dragon lost),1
3/30/2025 21:17:17,Dewitt K - SeethingOctopus#02129,Wei C - Azayaka#83352,2-0,No,,,Outlaws of Thunder Junction (no bonus sheets),1
3/30/2025 22:55:41,Matthew G - iluvatar777#20638,Sylvain T - Iquitos#15484,2-0,No,,ggs!,Outlaws of Thunder Junction (no bonus sheets),1
3/30/2025 23:13:40,Joaquin E - DiabolicMachine#23891,Bob P - HIT#08120,2-1,No,,,Outlaws of Thunder Junction (no bonus sheets),1
3/30/2025 23:35:02,Elliot H - blobby#99425,Preston B - Vorbis#46420,2-0,No,,,Outlaws of Thunder Junction (no bonus sheets),1
3/31/2025 0:04:24,Alex H - Merriman#08092,Renaud C - ArExSea#25399,2-0,No,,,Duskmourn,1
3/31/2025 1:33:33,Elliot H - blobby#99425,Renaud C - ArExSea#25399,2-0,No,,,Duskmourn,1
3/31/2025 2:17:45,Elliot H - blobby#99425,Wei C - Azayaka#83352,2-1,No,,,Outlaws of Thunder Junction (no bonus sheets),1
3/31/2025 10:48:31,Stefan V - Silversword#06621,Tristan W - Capt_Tryst#35137,2-1,No,,thx for the games,Murders at Karlov Manor,1
3/31/2025 11:55:40,Tony D - Adoan4413#75317,Stefan V - Silversword#06621,2-1,No,,,Outlaws of Thunder Junction (no bonus sheets),1
3/31/2025 12:20:48,Joseph S - NotSham#89034,DRAGON,2-1,Yes,Chris P,,None (the Dragon lost),1
3/31/2025 12:58:37,Nick A - Nistar#14127,Joe F - mtgcompton#90771,2-0,No,,GL with the pack!,Magic Foundations,1
3/31/2025 13:17:08,Adam E - adamend#97520,Cameron B - KingEggbert#01276,2-0,No,,,Outlaws of Thunder Junction (no bonus sheets),1
3/31/2025 14:30:06,Adam E - adamend#97520,Jeff H - Wox1510#92581,2-1,No,,,Outlaws of Thunder Junction (no bonus sheets),1
3/31/2025 14:44:04,Cameron B - KingEggbert#01276,Eric S - smitte#94855,2-0,No,,,Outlaws of Thunder Junction (no bonus sheets),1
3/31/2025 15:00:20,Eric S - smitte#94855,Jeff H - Wox1510#92581,2-0,No,,,Outlaws of Thunder Junction (no bonus sheets),1
3/31/2025 15:18:32,Adam E - adamend#97520,Colton M - Mang#55794,2-1,No,,,Duskmourn,1
3/31/2025 15:36:53,Adam L - BillyJosh#69869,Renaud C - ArExSea#25399,2-0,No,,,Magic Foundations,1
3/31/2025 15:48:36,Joe F - mtgcompton#90771,Adam E - adamend#97520,2-0,No,,,Outlaws of Thunder Junction (no bonus sheets),1
3/31/2025 15:53:26,Nick A - Nistar#14127,Eric S - smitte#94855,2-1,No,,One Annie Flash Please,Outlaws of Thunder Junction (no bonus sheets),1
3/31/2025 16:39:15,Jack F - jkfman101#84645,Joe F - mtgcompton#90771,2-1,No,,,Outlaws of Thunder Junction (no bonus sheets),1
3/31/2025 17:02:58,Jack F - jkfman101#84645,Joaquin E - DiabolicMachine#23891,2-0,No,,,Duskmourn,1
3/31/2025 17:14:30,DRAGON,Adam E - adamend#97520,2-0,Yes,Chris P,Bronny #2?,Outlaws of Thunder Junction (no bonus sheets),1
3/31/2025 17:37:49,Joe F - mtgcompton#90771,Eric S - smitte#94855,2-0,No,,,Outlaws of Thunder Junction (no bonus sheets),1
3/31/2025 17:49:10,Vincent L - Tanathonos#62853,Miguel B - Ethereus#60108,2-1,No,,,Outlaws of Thunder Junction (no bonus sheets),1
3/31/2025 18:36:36,Cameron B - KingEggbert#01276,Daniel Z - FOO#48389,2-0,No,,,Outlaws of Thunder Junction (no bonus sheets),1
3/31/2025 18:37:00,Miguel B - Ethereus#60108,Joe F - mtgcompton#90771,2-1,No,,,Magic Foundations,1
3/31/2025 19:15:51,Daniel Z - FOO#48389,Kenny W - NivMizzet042#64889,2-0,No,,,Duskmourn,1
3/31/2025 19:25:58,Miranda J - MajicMiranda#55720,Timothy B - wtrbflov2#64488,2-0,No,,,Outlaws of Thunder Junction (no bonus sheets),1
3/31/2025 20:04:44,Daniel Z - FOO#48389,Jack F - jkfman101#84645,2-0,No,,,Outlaws of Thunder Junction (no bonus sheets),1
3/31/2025 20:20:40,Miguel B - Ethereus#60108,Christopher S - Stemz#96067,2-0,No,,,Magic Foundations,1
3/31/2025 20:51:27,Daniel Z - FOO#48389,Chris Po - Portto99#43186,2-0,No,,,Outlaws of Thunder Junction (no bonus sheets),1
3/31/2025 21:08:03,Kevin I - kni1993#29285,DRAGON,2-0,Yes,Chris R,,None (the Dragon lost),1
3/31/2025 21:16:01,Dewitt K - SeethingOctopus#02129,Chris Po - Portto99#43186,2-0,No,,third bristly bill?!,Outlaws of Thunder Junction (no bonus sheets),1
3/31/2025 21:18:35,Christopher S - Stemz#96067,Daniel Z - FOO#48389,2-0,No,,gg,Outlaws of Thunder Junction (no bonus sheets),1
3/31/2025 21:55:28,Dewitt K - SeethingOctopus#02129,Christopher S - Stemz#96067,2-0,No,,,Magic Foundations,1
3/31/2025 22:24:22,Joaquin E - DiabolicMachine#23891,Chris O - Chriso91#46230,2-0,No,,,Outlaws of Thunder Junction (no bonus sheets),1
3/31/2025 23:20:56,Curtis K - Oblivion#40925,Chris O - Chriso91#46230,2-0,No,,,Outlaws of Thunder Junction (no bonus sheets),1
3/31/2025 23:49:55,Chris Po - Portto99#43186,Sylvain T - Iquitos#15484,2-0,No,,,Outlaws of Thunder Junction (no bonus sheets),1
4/1/2025 0:04:09,Preston B - Vorbis#46420,Matthew G - iluvatar777#20638,2-1,No,,Great games!,Outlaws of Thunder Junction (no bonus sheets),1
4/1/2025 0:29:50,Kenny W - NivMizzet042#64889,Curtis K - Oblivion#40925,2-1,No,,,Duskmourn,1
4/1/2025 8:59:00,Martin J - Spragge#85861,Joe T - elasticity#07466,2-0,No,,,Outlaws of Thunder Junction (no bonus sheets),1
4/1/2025 10:39:05,Martin J - Spragge#85861,Tony D - Adoan4413#75317,2-0,No,,,Aetherdrift,1
4/1/2025 11:40:35,Tony D - Adoan4413#75317,Colton M - Mang#55794,2-1,No,,,Outlaws of Thunder Junction (no bonus sheets),1
4/1/2025 12:31:19,DRAGON,Colton M - Mang#55794,2-0,Yes,Adam S,Good games!,Outlaws of Thunder Junction (no bonus sheets),1
4/1/2025 15:06:55,Martin J - Spragge#85861,Cameron B - KingEggbert#01276,2-0,No,,,Outlaws of Thunder Junction (no bonus sheets),1
4/1/2025 15:27:58,Adam L - BillyJosh#69869,François R - Ayora#29960,2-1,No,,,Outlaws of Thunder Junction (no bonus sheets),1
4/1/2025 15:57:53,François R - Ayora#29960,Ben K - ben53#03816,2-0,No,,,Outlaws of Thunder Junction (no bonus sheets),1
4/1/2025 17:29:26,Nathan T - Tweedy#06003,Dewitt K - SeethingOctopus#02129,2-0,No,,,Murders at Karlov Manor,1
4/1/2025 19:05:06,Nathan T - Tweedy#06003,Paul C - Doughboy#42159,2-1,No,,,Magic Foundations,1
4/1/2025 19:49:52,Curtis K - Oblivion#40925,Joe T - elasticity#07466,2-1,No,,,Outlaws of Thunder Junction (no bonus sheets),1
4/1/2025 19:54:56,Nick G - Gallis_#52964,Renaud C - ArExSea#25399,2-0,No,,,Duskmourn,1
4/1/2025 21:09:43,Curtis K - Oblivion#40925,Keelan T - Dufel#75965,2-1,No,,,Aetherdrift,1
4/1/2025 21:38:26,Ryan H - Kitchensinks#50434,Nathan C - Chronotic#05100,2-0,No,,,Duskmourn,1
4/1/2025 22:50:52,Lukas M - Finley_2k1#30925,Christopher C - Fieldy#21020,2-0,No,,,Outlaws of Thunder Junction (no bonus sheets),1
4/2/2025 0:25:27,Logan J - Numskul#59868,Preston B - Vorbis#46420,2-1,No,,,Outlaws of Thunder Junction (no bonus sheets),1
4/2/2025 1:05:05,Logan J - Numskul#59868,Kenny W - NivMizzet042#64889,2-1,No,,,Duskmourn,1
4/2/2025 6:53:48,Vincent L - Tanathonos#62853,Martin J - Spragge#85861,2-0,No,,,Outlaws of Thunder Junction (no bonus sheets),1
4/2/2025 10:20:35,Christopher C - Fieldy#21020,Kevin C - Keviiiiin#67886,2-0,No,,,Duskmourn,1
4/2/2025 10:51:30,Martin J - Spragge#85861,DRAGON,2-1,Yes,Emmett F,One of my most insane games in a while - gg!,None (the Dragon lost),1
4/2/2025 11:25:41,Yifan Y - RNGod#23259,Renaud C - ArExSea#25399,2-1,No,,,Duskmourn,1
4/2/2025 11:42:24,Vincent L - Tanathonos#62853,Christopher C - Fieldy#21020,2-0,No,,,Outlaws of Thunder Junction (no bonus sheets),1
4/2/2025 11:52:06,Yifan Y - RNGod#23259,Kevin C - Keviiiiin#67886,2-0,No,,,Aetherdrift,1
4/2/2025 15:30:16,DRAGON,Stephen H - Crayth#38098,2-0,Yes,Zach C,GGs,Duskmourn,1
4/2/2025 16:09:33,Ryan H - Kitchensinks#50434,Nick G - Gallis_#52964,2-1,No,,,Outlaws of Thunder Junction (no bonus sheets),1
4/2/2025 16:14:28,Nicholas K - Bionick#55161,Tomás B - EverFightinDuck#44829,2-0,No,,,Duskmourn,1
4/2/2025 16:43:43,Nick G - Gallis_#52964,Nicholas K - Bionick#55161,2-0,No,,,Aetherdrift,1
4/2/2025 17:21:42,Yifan Y - RNGod#23259,Nick G - Gallis_#52964,2-0,No,,,Outlaws of Thunder Junction (no bonus sheets),1
4/2/2025 17:35:17,Joel G - DandelionsOut#82916,Troy S - PagedPuddle65#32302,2-0,No,,,Aetherdrift,1
4/2/2025 18:40:41,Joel G - DandelionsOut#82916,Ryan H - Kitchensinks#50434,2-1,No,,,Bloomburrow,1
4/2/2025 18:58:39,Jack F - jkfman101#84645,Tony D - Adoan4413#75317,2-1,No,,,Aetherdrift,1
4/2/2025 20:20:45,Robert M - LaughItUp#38462,Ryan H - Kitchensinks#50434,2-0,No,,,Murders at Karlov Manor,1
4/2/2025 22:00:24,Robert M - LaughItUp#38462,Joaquin E - DiabolicMachine#23891,2-1,No,,,Duskmourn,1
4/2/2025 22:45:44,Joaquin E - DiabolicMachine#23891,Ryan H - Kitchensinks#50434,2-1,No,,,Magic Foundations,1
4/2/2025 23:55:42,Joseph S - NotSham#89034,François R - Ayora#29960,2-1,No,,,Outlaws of Thunder Junction (no bonus sheets),1
4/3/2025 13:24:25,DRAGON,Chris O - Chriso91#46230,2-1,Yes,Steve T,GGs!,Outlaws of Thunder Junction (no bonus sheets),1
4/3/2025 14:25:19,Joel G - DandelionsOut#82916,Christopher C - Fieldy#21020,2-0,No,,,Murders at Karlov Manor,1
4/3/2025 16:17:25,Joel G - DandelionsOut#82916,Vincent L - Tanathonos#62853,2-1,No,,,Outlaws of Thunder Junction (no bonus sheets),1
4/3/2025 18:00:39,Yifan Y - RNGod#23259,Tomás B - EverFightinDuck#44829,2-0,No,,,Duskmourn,1
4/3/2025 18:26:16,Jonathan R - MetalFingers#36803,Tomás B - EverFightinDuck#44829,2-0,No,,,Outlaws of Thunder Junction (no bonus sheets),1
4/3/2025 18:47:00,Joe G - AardvarkKing #40712,Nathan T - Tweedy#06003,2-1,No,,,Magic Foundations,1
4/3/2025 18:51:55,Jonathan R - MetalFingers#36803,Tony D - Adoan4413#75317,2-1,No,,,Aetherdrift,1
4/3/2025 19:00:59,Tomás B - EverFightinDuck#44829,Robert M - LaughItUp#38462,2-1,No,,,Murders at Karlov Manor,1
4/3/2025 19:51:38,Robert M - LaughItUp#38462,Eikel P - SouLIke#53611,2-0,No,,,Outlaws of Thunder Junction (no bonus sheets),1
4/3/2025 20:17:21,Adrian C - CarrRadio#73846,Robert M - LaughItUp#38462,2-0,No,,,Murders at Karlov Manor,1
4/3/2025 20:36:43,DRAGON,Jonathan R - MetalFingers#36803,2-0,Yes,Steve T,GGs!,Outlaws of Thunder Junction (no bonus sheets),1
4/3/2025 20:56:48,Adrian C - CarrRadio#73846,Eikel P - SouLIke#53611,2-0,No,,,Outlaws of Thunder Junction (no bonus sheets),1
4/3/2025 21:33:12,Joe T - elasticity#07466,Jonathan R - MetalFingers#36803,2-1,No,,,Outlaws of Thunder Junction (no bonus sheets),1
4/3/2025 23:21:45,Jonathan R - MetalFingers#36803,Matthew G - iluvatar777#20638,2-0,No,,,Outlaws of Thunder Junction (no bonus sheets),1
4/3/2025 23:32:23,Preston B - Vorbis#46420,Dan B - Hmishima#77128,2-0,No,,,Outlaws of Thunder Junction (no bonus sheets),1
4/3/2025 23:43:41,Jack F - jkfman101#84645,Eikel P - SouLIke#53611,2-1,No,,,Outlaws of Thunder Junction (no bonus sheets),1
4/4/2025 1:50:11,Logan J - Numskul#59868,Zachary S - Zcia#67361,2-1,No,,,Magic Foundations,1
4/4/2025 10:32:18,Ben K - ben53#03816,Joe T - elasticity#07466,2-0,No,,,Outlaws of Thunder Junction (no bonus sheets),1
4/4/2025 13:04:36,Ben K - ben53#03816,Zachary S - Zcia#67361,2-0,No,,,Magic Foundations,1
4/4/2025 14:10:03,DRAGON,Zachary S - Zcia#67361,2-1,Yes,Tony G,Ggs! The Elder Dragons Shall Reign Supreme!! ,Outlaws of Thunder Junction (no bonus sheets),1
4/4/2025 14:52:23,Joseph S - NotSham#89034,Matt F - MadeMyBus#92429,2-0,No,,,Outlaws of Thunder Junction (no bonus sheets),1
4/4/2025 15:23:47,DRAGON,Ben K - ben53#03816,2-1,Yes,Chris P,,Outlaws of Thunder Junction (no bonus sheets),1
4/4/2025 17:19:32,Dirk E - BegginBlue#16667,Oskar T - ossytubbi#87966,2-0,No,,,Outlaws of Thunder Junction (no bonus sheets),1
4/4/2025 17:21:11,Curtis K - Oblivion#40925,Eric S - smitte#94855,2-0,No,,,Outlaws of Thunder Junction (no bonus sheets),1
4/4/2025 17:54:08,Zev G - Meep3278#19615,Joseph H - Sexcellence#51112,2-1,No,,,Outlaws of Thunder Junction (no bonus sheets),1
4/4/2025 17:55:47,Curtis K - Oblivion#40925,Oskar T - ossytubbi#87966,2-0,No,,,Outlaws of Thunder Junction (no bonus sheets),1
4/4/2025 17:59:44,Dirk E - BegginBlue#16667,Tony D - Adoan4413#75317,2-1,No,,"Good games, see you in Khans!",Outlaws of Thunder Junction (no bonus sheets),1
4/4/2025 18:02:02,Georgii C - Yasunori#84481,Jack F - jkfman101#84645,2-0,No,,,Outlaws of Thunder Junction (no bonus sheets),1
4/4/2025 18:25:51,Travis C - RandomJobber#97055,Joseph H - Sexcellence#51112,2-0,No,,,Outlaws of Thunder Junction (no bonus sheets),1
4/4/2025 18:35:43,Nick A - Nistar#14127,Georgii C - Yasunori#84481,2-1,No,,Hope we can be clanmates!,Duskmourn,1
4/4/2025 18:45:46,Elliot H - blobby#99425,Curtis K - Oblivion#40925,2-1,No,,,Duskmourn,1
4/4/2025 18:58:12,Chris D - Stereolab#37691,Travis C - RandomJobber#97055,2-0,No,,,Outlaws of Thunder Junction (no bonus sheets),1
4/4/2025 19:21:45,Dirk E - BegginBlue#16667,DRAGON,2-1,Yes,Zach C,Good games!,None (the Dragon lost),1
4/4/2025 19:24:27,Travis C - RandomJobber#97055,Kevin I - kni1993#29285,2-0,No,,,Aetherdrift,1
4/4/2025 19:27:23,Nick A - Nistar#14127,Curtis K - Oblivion#40925,2-0,No,,,Duskmourn,1
4/4/2025 19:59:06,Nick L - Aliphos#10232,Curtis K - Oblivion#40925,2-0,No,,,Duskmourn,1
4/4/2025 20:01:36,Chris D - Stereolab#37691,Majo G - Fortem#78609,2-0,No,,,Duskmourn,1
4/4/2025 21:08:32,Chris D - Stereolab#37691,Ryan M - rrrn22#32842,2-1,No,,,Outlaws of Thunder Junction (no bonus sheets),1
4/4/2025 21:20:16,Lukas M - Finley_2k1#30925,Keelan T - Dufel#75965,2-1,No,,,Aetherdrift,1
4/4/2025 21:26:07,Jeff H - Wox1510#92581,Jonathan R - MetalFingers#36803,2-1,No,,,Outlaws of Thunder Junction (no bonus sheets),1
4/4/2025 21:38:47,Nick L - Aliphos#10232,Chris D - Stereolab#37691,2-1,No,,"Close games, unblockable closed it out",Bloomburrow,1
4/4/2025 21:43:01,Keelan T - Dufel#75965,Nathan T - Tweedy#06003,2-0,No,,,Bloomburrow,1
4/4/2025 21:56:35,Ryan M - rrrn22#32842,Joaquin E - DiabolicMachine#23891,2-0,No,,,Duskmourn,1
4/4/2025 22:34:47,Nick L - Aliphos#10232,Ryan M - rrrn22#32842,2-1,No,,GGs! Izoni is gas,Outlaws of Thunder Junction (no bonus sheets),1
4/4/2025 22:49:39,Joaquin E - DiabolicMachine#23891,DRAGON,2-1,Yes,Jeremy E,,None (the Dragon lost),1
4/4/2025 23:10:05,Lukas M - Finley_2k1#30925,Ryan H - Kitchensinks#50434,2-1,No,,,Magic Foundations,1
4/5/2025 0:30:59,Elliot H - blobby#99425,Joaquin E - DiabolicMachine#23891,2-1,No,,,Duskmourn,1
4/5/2025 2:40:49,Vincent L - Tanathonos#62853,Jamie W - Jamie#45846,2-1,No,,,Bloomburrow,1
4/5/2025 6:24:32,Dirk E - BegginBlue#16667,Adam L - BillyJosh#69869,2-0,No,,,Outlaws of Thunder Junction (no bonus sheets),1
4/5/2025 7:31:26,Dirk E - BegginBlue#16667,Nick L - Aliphos#10232,2-0,No,,"Nr 1 against Nr 2 , Great game!",Duskmourn,1
4/5/2025 10:42:10,Austin L - letschanator#96536,Jeff H - Wox1510#92581,2-1,No,,,Outlaws of Thunder Junction (no bonus sheets),1
4/5/2025 11:07:02,Adam L - BillyJosh#69869,Austin L - letschanator#96536,2-0,No,,,Outlaws of Thunder Junction (no bonus sheets),1
4/5/2025 12:00:43,Adam L - BillyJosh#69869,Jeff H - Wox1510#92581,2-1,No,,,Outlaws of Thunder Junction (no bonus sheets),1
4/5/2025 12:21:30,Adam L - BillyJosh#69869,Jonathan R - MetalFingers#36803,2-0,No,,,Outlaws of Thunder Junction (no bonus sheets),1
4/5/2025 12:21:46,Vincent L - Tanathonos#62853,Alex H - Merriman#08092,2-0,No,,,Outlaws of Thunder Junction (no bonus sheets),1
4/5/2025 13:02:36,Martin J - Spragge#85861,Travis C - RandomJobber#97055,2-1,No,,,Outlaws of Thunder Junction (no bonus sheets),1
4/5/2025 14:24:18,DRAGON,Ben P - ChuckNoBlocks#32638,2-1,Yes,Matthias H,,Outlaws of Thunder Junction (no bonus sheets),1
4/5/2025 14:33:34,Kevin I - kni1993#29285,Joe F - mtgcompton#90771,2-1,No,,,Aetherdrift,1
4/5/2025 14:36:37,Adam L - BillyJosh#69869,DRAGON,2-1,Yes,Maranda L,What an incredible game to finish out the league with! Final boss down!,None (the Dragon lost),1
4/5/2025 15:43:35,Ben P - ChuckNoBlocks#32638,Kevin I - kni1993#29285,2-1,No,,"GGs! (this was an elimination match, so I'm just arbitrarily picking a comeback pack)",Murders at Karlov Manor,1
4/5/2025 15:50:58,Nick L - Aliphos#10232,Martin J - Spragge#85861,2-0,No,,ggs! Sorry about the screw,Outlaws of Thunder Junction (no bonus sheets),1
4/5/2025 16:26:57,Alexis M - Alexsfly#67052,Ben P - ChuckNoBlocks#32638,2-0,No,,,Outlaws of Thunder Junction (no bonus sheets),1
4/5/2025 16:44:58,Tomás B - EverFightinDuck#44829,Majo G - Fortem#78609,2-1,No,,,Duskmourn,1
4/5/2025 16:52:38,Evan L - Evan#97713,DRAGON,2-1,Yes,Jordan M,,None (the Dragon lost),1
4/5/2025 16:53:39,Martin J - Spragge#85861,Vincent L - Tanathonos#62853,2-0,No,,ggs!,Outlaws of Thunder Junction (no bonus sheets),1
4/5/2025 17:26:38,Alexis M - Alexsfly#67052,Majo G - Fortem#78609,2-1,No,,,Duskmourn,1
4/5/2025 17:45:03,Nick A - Nistar#14127,Evan L - Evan#97713,2-1,No,,,Duskmourn,1
4/5/2025 18:30:53,Tomás B - EverFightinDuck#44829,Nick A - Nistar#14127,2-1,No,,,Outlaws of Thunder Junction (no bonus sheets),1
4/5/2025 19:03:44,Lukas M - Finley_2k1#30925,Joel G - DandelionsOut#82916,2-0,No,,,Outlaws of Thunder Junction (no bonus sheets),1
4/5/2025 19:39:42,Lukas M - Finley_2k1#30925,Miguel B - Ethereus#60108,2-1,No,,,Outlaws of Thunder Junction (no bonus sheets),1
4/5/2025 20:03:00,Martin J - Spragge#85861,Joel G - DandelionsOut#82916,2-1,No,,,Aetherdrift,1
4/5/2025 20:11:26,Elliot H - blobby#99425,Majo G - Fortem#78609,2-1,No,,,Duskmourn,1
4/5/2025 21:39:21,DRAGON,Elliot H - blobby#99425,2-1,Yes,Mitchel S,,Duskmourn,1
4/5/2025 22:52:47,DRAGON,Colton S - coltoncooper#56958,2-1,Yes,Mitchel S,,Duskmourn,1
4/5/2025 23:12:31,Preston B - Vorbis#46420,Joaquin E - DiabolicMachine#23891,2-0,No,,,Outlaws of Thunder Junction (no bonus sheets),1
4/5/2025 23:28:56,Lukas M - Finley_2k1#30925,Colton S - coltoncooper#56958,2-0,No,,,Duskmourn,1
4/6/2025 6:14:35,DRAGON,Miguel B - Ethereus#60108,2-0,Yes,Matthias H,,Outlaws of Thunder Junction (no bonus sheets),1
4/6/2025 7:22:02,Martin J - Spragge#85861,Ben K - ben53#03816,2-0,No,,,Outlaws of Thunder Junction (no bonus sheets),1
4/6/2025 9:26:10,Oskar T - ossytubbi#87966,Ben K - ben53#03816,2-0,No,,,Outlaws of Thunder Junction (no bonus sheets),1
4/6/2025 11:11:51,Tomás B - EverFightinDuck#44829,Alexis M - Alexsfly#67052,2-1,No,,,Duskmourn,1
4/6/2025 11:21:09,Colton S - coltoncooper#56958,Austin L - letschanator#96536,2-0,No,,,Outlaws of Thunder Junction (no bonus sheets),1
4/6/2025 11:55:37,DRAGON,Oskar T - ossytubbi#87966,2-1,Yes,Evan C,,Outlaws of Thunder Junction (no bonus sheets),1
4/6/2025 12:03:05,Austin L - letschanator#96536,Cameron B - KingEggbert#01276,2-0,No,,,Duskmourn,1
4/6/2025 12:07:37,Colton S - coltoncooper#56958,Miranda J - MajicMiranda#55720,2-1,No,,,Outlaws of Thunder Junction (no bonus sheets),1
4/6/2025 12:23:42,Austin L - letschanator#96536,Oskar T - ossytubbi#87966,2-1,No,,,Duskmourn,1
4/6/2025 12:47:49,Chris D - Stereolab#37691,DRAGON,2-1,Yes,Daniel M,,None (the Dragon lost),1
4/6/2025 13:11:44,Daniel Z - FOO#48389,Miranda J - MajicMiranda#55720,2-0,No,,,Outlaws of Thunder Junction (no bonus sheets),1
4/6/2025 13:32:32,Colton S - coltoncooper#56958,Daniel Z - FOO#48389,2-0,No,,,Outlaws of Thunder Junction (no bonus sheets),1
4/6/2025 15:18:47,Tomás B - EverFightinDuck#44829,DRAGON,2-1,Yes,Emmett F,,None (the Dragon lost),1
4/6/2025 15:20:04,Miranda J - MajicMiranda#55720,Nick G - Gallis_#52964,2-0,No,,,Outlaws of Thunder Junction (no bonus sheets),1
4/6/2025 17:31:21,Miranda J - MajicMiranda#55720,Stefan V - Silversword#06621,2-1,No,,,Magic Foundations,1
4/6/2025 18:17:02,Nick G - Gallis_#52964,Alexis M - Alexsfly#67052,2-1,No,,The noob beats the mentor,Aetherdrift,1
4/6/2025 21:48:49,Adrian C - CarrRadio#73846,Miranda J - MajicMiranda#55720,2-1,No,,,Outlaws of Thunder Junction (no bonus sheets),1
4/6/2025 22:54:10,Dewitt K - SeethingOctopus#02129,Adrian C - CarrRadio#73846,2-1,No,,,Aetherdrift,1
4/6/2025 23:39:19,DRAGON,Matthew G - iluvatar777#20638,2-1,Yes,Evan C,,Outlaws of Thunder Junction (no bonus sheets),1
4/7/2025 12:09:32,Dewitt K - SeethingOctopus#02129,Adam E - adamend#97520,2-1,No,,,Outlaws of Thunder Junction (no bonus sheets),1
4/7/2025 14:20:43,Nick A - Nistar#14127,DRAGON,2-1,Yes,Mitchel S,,None (the Dragon lost),1
4/7/2025 17:24:43,DRAGON,Vincent L - Tanathonos#62853,2-1,Yes,Emmett F,,Outlaws of Thunder Junction (no bonus sheets),1
4/7/2025 18:40:45,Ryan M - rrrn22#32842,DRAGON,2-0,Yes,Maranda L,,None (the Dragon lost),1
4/7/2025 20:26:54,Zev G - Meep3278#19615,Nathan C - Chronotic#05100,2-1,No,,,Bloomburrow,1
4/7/2025 23:32:40,Preston B - Vorbis#46420,Logan J - Numskul#59868,2-0,No,,,Magic Foundations,1
4/8/2025 0:17:08,Chris Po - Portto99#43186,Logan J - Numskul#59868,2-1,No,,,Magic Foundations,1
4/8/2025 8:52:40,Elliot H - blobby#99425,Dewitt K - SeethingOctopus#02129,2-1,No,,,Murders at Karlov Manor,1
4/8/2025 14:18:52,Stefan V - Silversword#06621,DRAGON,2-0,Yes,Zeke W,Thanks for the dragon match! Im a slayer now!,None (the Dragon lost),1
4/8/2025 14:46:10,Stefan V - Silversword#06621,Nick G - Gallis_#52964,2-0,No,,wonky games,Outlaws of Thunder Junction (no bonus sheets),1
4/8/2025 16:43:04,Jack F - jkfman101#84645,Stefan V - Silversword#06621,2-0,No,,,Outlaws of Thunder Junction (no bonus sheets),1
4/8/2025 19:00:37,Zev G - Meep3278#19615,Christopher S - Stemz#96067,2-1,No,,,Magic Foundations,1
4/8/2025 19:34:01,Zev G - Meep3278#19615,Dewitt K - SeethingOctopus#02129,2-1,No,,,Murders at Karlov Manor,1
4/8/2025 20:08:17,Ryan M - rrrn22#32842,Zev G - Meep3278#19615,2-1,No,,,Outlaws of Thunder Junction (no bonus sheets),1
4/8/2025 23:52:57,Preston B - Vorbis#46420,Elliot H - blobby#99425,2-1,No,,Awesome games - super tight!,Duskmourn,1
4/9/2025 0:04:25,DRAGON,Keelan T - Dufel#75965,2-1,Yes,Maranda L,,Outlaws of Thunder Junction (no bonus sheets),1
4/9/2025 13:04:17,Yifan Y - RNGod#23259,DRAGON,2-0,Yes,Mitchel S,,None (the Dragon lost),1
4/9/2025 18:37:37,DRAGON,Jack F - jkfman101#84645,2-0,Yes,Chris R,,Outlaws of Thunder Junction (no bonus sheets),1
4/9/2025 18:46:58,Tomás B - EverFightinDuck#44829,Dewitt K - SeethingOctopus#02129,2-1,No,,Ggs,Murders at Karlov Manor,1
4/9/2025 20:11:11,Adrian C - CarrRadio#73846,Yifan Y - RNGod#23259,2-0,No,,,Outlaws of Thunder Junction (no bonus sheets),1
4/9/2025 20:51:13,Elliot H - blobby#99425,Yifan Y - RNGod#23259,2-0,No,,,Outlaws of Thunder Junction (no bonus sheets),1
4/9/2025 21:29:51,Adrian C - CarrRadio#73846,Joseph S - NotSham#89034,2-0,No,,,Murders at Karlov Manor,1
4/9/2025 21:44:47,DRAGON,Joseph H - Sexcellence#51112,2-1,Yes,Daniel M,,Aetherdrift,1
4/9/2025 21:59:47,Chris Po - Portto99#43186,Yifan Y - RNGod#23259,2-0,No,,He didn’t give me a pack but I think this eliminated him,Outlaws of Thunder Junction (no bonus sheets),1
4/9/2025 23:27:29,Preston B - Vorbis#46420,Adrian C - CarrRadio#73846,2-1,No,,,Outlaws of Thunder Junction (no bonus sheets),1
4/10/2025 0:00:08,Preston B - Vorbis#46420,Chris Po - Portto99#43186,2-0,No,,,Outlaws of Thunder Junction (no bonus sheets),1
4/10/2025 19:37:49,Robert M - LaughItUp#38462,DRAGON,2-0,Yes,John P,,None (the Dragon lost),1