Timestamp,Winner Name,Loser Name,Result,Punishment Pack,Pack Generated,Notes,Punishment Pack - must be ONE for Compleated players,,Punishment Pack choice?
,,,,,,,,,
,,,,,,,,,
,,,,,,,,,
,,,,,,,,,
,,,,,,,,,
2/17/2023 17:16:40,John P - gokuorgohome#51511,Cody-Rayce MG - Rayce#56572,2-0,,1,ty,ONE,,
2/17/2023 17:16:46,Jesse R - Zephaer#38941,Justin P - Code Pigeon#84057,2-0,,1,ggs!,NEO,,
2/17/2023 17:38:50,Doug Co - daceris#24713,Eric S - Smitte#94855,2-1,,1,,ONE,,
2/17/2023 17:43:38,Patrick M - FullestJ#22936,Russell S - rstad#89052,2-0,,1,,VOW,,
2/17/2023 17:49:10,Cody-Rayce MG - Rayce#56572,Lotte P - Lotte #93345,2-1,,1,ggs,ONE,,
2/17/2023 17:50:02,Jeremy E - Lhurgoyf#37289,Justin P - Code Pigeon#84057,2-0,,1,samurai soup!,NEO,,
2/17/2023 18:08:52,Cody-Rayce MG - Rayce#56572,Aaron H - UlamogOurSaviour#56444,2-0,,1,ggs!,ONE,,
2/17/2023 18:22:08,Damian S - ButCrackMagic#71223,Jake C - the_man_mulcahey#74753,2-0,,1,,SNC,,
2/17/2023 18:32:57,Adam S - Wizma#29010,James MI - ImJolt#28410,2-0,,1,Great game!,ONE,,
2/17/2023 18:56:17,Justin P - Code Pigeon#84057,Damian S - ButCrackMagic#71223,2-1,,1,,ONE,,
2/17/2023 18:59:25,Cody-Rayce MG - Rayce#56572,Jeremy E - Lhurgoyf#37289,2-1,,1,ggs wp,ONE,,
2/17/2023 19:04:59,Doug Co - daceris#24713,Troy R - Pengwin#05127,2-0,,1,,SNC,,
2/17/2023 19:17:22,John P - gokuorgohome#51511,James MI - ImJolt#28410,2-1,,1,,ONE,,
2/17/2023 19:22:24,Justin P - Code Pigeon#84057,Kevin I - kni1993#29285,2-1,,1,,ONE,,
2/17/2023 19:50:07,Justin P - Code Pigeon#84057,Troy R - Pengwin#05127,2-1,,1,,SNC,,
2/17/2023 19:50:09,Jake C - the_man_mulcahey#74753,Mike G - eatmecompletely#43399,2-0,,1,,ONE,,
2/17/2023 19:50:31,Damian S - ButCrackMagic#71223,Kevin I - kni1993#29285,2-0,,1,,BRO,,
2/17/2023 19:54:30,Cody-Rayce MG - Rayce#56572,James MI - ImJolt#28410,2-0,,1,ggs,ONE,,
2/17/2023 20:14:14,Steve T - strout#45062,Adam S - Wizma#29010,2-0,,1,,ONE,,
2/17/2023 20:18:53,Lee B - MagicMorningBrew#76946,Russell S - rstad#89052,2-1,,1,This will be amazing,NEO,,
2/17/2023 20:24:06,Kevin I - kni1993#29285,James MI - ImJolt#28410,2-1,,1,Ggs,ONE,,
2/17/2023 20:33:42,Daniel G - FriskyHobbit#43185,Troy R - Pengwin#05127,2-0,,1,,SNC,,
2/17/2023 20:37:00,Lee B - MagicMorningBrew#76946,James MI - ImJolt#28410,2-1,,1,,ONE,,
2/17/2023 20:45:59,Daniel G - FriskyHobbit#43185,Doug Co - daceris#24713,2-0,,1,,ONE,,
2/17/2023 20:58:24,Adam S - Wizma#29010,Lee B - MagicMorningBrew#76946,2-0,,1,Good games!,NEO,,
2/17/2023 21:11:34,Doug Co - daceris#24713,Dan K - Fizishy#82483,2-0,,1,,NEO,,
2/17/2023 21:14:05,Daniel G - FriskyHobbit#43185,Steve T - strout#45062,2-1,,1,,NEO,,
2/17/2023 21:22:10,John R - Ged#72302,Lee B - MagicMorningBrew#76946,2-0,,1,GGS,NEO,,
2/17/2023 21:53:47,Mike G - eatmecompletely#43399,John R - Ged#72302,2-1,,1,,ONE,,
2/17/2023 22:24:25,Trevor F - treskies#75643,Chris Y - Yorke on Games#66909,2-1,,1,,BRO,,
2/17/2023 22:40:57,Caleb G - Whynaut#28590,Mike G - eatmecompletely#43399,2-1,,1,,ONE,,
2/17/2023 22:46:19,Emmett F - Sepulchure#51526,Tim M - Ancra#27039,2-0,,1,,ONE,,
2/17/2023 22:53:40,Côme S - C_SM#79564,Dan K - Fizishy#82483,2-1,,1,gg,NEO,,
2/17/2023 22:57:11,Amir A - HowDoesOneChoose#47480,Chris Y - Yorke on Games#66909,2-0,,1,,NEO,,
2/17/2023 23:13:52,Adam S - Wizma#29010,Ron C - lennor#52740,2-1,,1,"Ggs, all will be one!",ONE,,
2/17/2023 23:17:42,Caleb G - Whynaut#28590,Jake C - the_man_mulcahey#74753,2-0,,1,,SNC,,
2/17/2023 23:32:04,Chris Y - Yorke on Games#66909,Lee B - MagicMorningBrew#76946,2-1,,1,Boar'd to Death!!,BRO,,
2/17/2023 23:44:17,Steve T - strout#45062,Jeremy E - Lhurgoyf#37289,2-0,,1,ONE life vs ONE more poison,ONE,,
2/18/2023 0:10:32,Tim M - Ancra#27039,Ron C - lennor#52740,2-0,,1,,BRO,,
2/18/2023 0:16:50,Michael M - Atombomb11991#07305,Chris Y - Yorke on Games#66909,2-0,,1,,NEO,,
2/18/2023 0:31:05,Eric S - Smitte#94855,Ron C - lennor#52740,2-0,,1,,BRO,,
2/18/2023 0:40:15,Jeremy E - Lhurgoyf#37289,Amir A - HowDoesOneChoose#47480,2-1,,1,,ONE,,
2/18/2023 0:57:29,Steve T - strout#45062,Trevor F - treskies#75643,2-0,,1,Uno!,ONE,,
2/18/2023 1:03:07,Maxime R - Tasigurr#89921,Michael M - Atombomb11991#07305,2-0,,1,,ONE,,
2/18/2023 1:20:29,Damian S - ButCrackMagic#71223,Chris Y - Yorke on Games#66909,2-1,,1,,BRO,,
2/18/2023 1:22:33,Maxime R - Tasigurr#89921,Trevor F - treskies#75643,2-1,,1,,ONE,,
2/18/2023 1:33:32,Eric S - Smitte#94855,Dan A - BEATDOWNBRINGA#04779,2-1,,1,,BRO,,
2/18/2023 1:37:25,Johnny M - Johnny#69519,Michael M - Atombomb11991#07305,2-0,,1,,ONE,,
2/18/2023 1:43:21,Maxime R - Tasigurr#89921,Mike G - eatmecompletely#43399,2-1,,1,,ONE,,
2/18/2023 1:52:32,Paul G - TheDragon#61289,Ron C - lennor#52740,2-1,,1,,ONE,,
2/18/2023 2:02:40,Dan A - BEATDOWNBRINGA#04779,Maxime R - Tasigurr#89921,2-0,,1,,ONE,,
2/18/2023 2:29:54,Dan A - BEATDOWNBRINGA#04779,Kyle C - AFKyle#29319,2-0,,1,,ONE,,
2/18/2023 3:45:54,Dan K - Fizishy#82483,Patrick M - FullestJ#22936,2-0,,1,,ONE,,
2/18/2023 8:28:26,Kevin I - kni1993#29285,John R - Ged#72302,2-0,,1,Ggs,ONE,,
2/18/2023 9:38:18,Pierre-Marc D - pmduguay#67919,John R - Ged#72302,2-1,,1,,ONE,,
2/18/2023 11:16:56,Serge T - Sergyboy514#39979,Johnny M - Johnny#69519,2-0,,1,,ONE,,
2/18/2023 11:43:23,Jeremy E - Lhurgoyf#37289,Johnny M - Johnny#69519,2-0,,1,,ONE,,
2/18/2023 11:51:48,Krzys H - FaceBeardMcBeard#24731,Troy R - Pengwin#05127,2-1,,1,,ONE,,
2/18/2023 12:06:41,Ron C - lennor#52740,Serge T - Sergyboy514#39979,2-0,,1,GG,BRO,,
2/18/2023 12:50:48,Mason G - bear6875#02260,Chris P - Joker01#66827,2-1,,1,,ONE,,
2/18/2023 12:56:22,Johnny M - Johnny#69519,Steve T - strout#45062,2-0,,1,,NEO,,
2/18/2023 13:21:22,Mason G - bear6875#02260,Troy R - Pengwin#05127,2-0,,1,,ONE,,
2/18/2023 13:40:50,Kevin I - kni1993#29285,Dan A - BEATDOWNBRINGA#04779,2-0,,1,Ggs,ONE,,
2/18/2023 13:46:29,Mike B - Xenomorph#62228,Amir A - HowDoesOneChoose#47480,2-0,,1,,ONE,,
2/18/2023 13:47:07,Brendan Y - Earthmover#56028,Nik S - njsiii#50504,2-1,,1,,ONE,,
2/18/2023 13:56:45,Dan K - Fizishy#82483,Krzys H - FaceBeardMcBeard#24731,2-1,,1,,ONE,,
2/18/2023 14:12:14,Brendan Y - Earthmover#56028,Mason G - bear6875#02260,2-1,,1,,ONE,,
2/18/2023 14:16:06,Amir A - HowDoesOneChoose#47480,Dan A - BEATDOWNBRINGA#04779,2-0,,1,he had shit luck.,ONE,,
2/18/2023 14:21:11,Zeke W - smarmyplatapus#30066,Nik S - njsiii#50504,2-1,,1,,ONE,,
2/18/2023 14:34:50,Lotte P - Lotte #93345,Mike B - Xenomorph#62228,2-1,,1,,VOW,,
2/18/2023 14:59:05,Nik S - njsiii#50504,Lotte P - Lotte #93345,2-1,,1,,ONE,,
2/18/2023 15:08:33,Mason G - bear6875#02260,Dan K - Fizishy#82483,2-0,,1,,NEO,,
2/18/2023 15:27:28,John P - gokuorgohome#51511,Lotte P - Lotte #93345,2-0,,1,,ONE,,
2/18/2023 15:52:23,John P - gokuorgohome#51511,Mike B - Xenomorph#62228,2-0,,1,,SNC,,
2/18/2023 16:01:49,Mason G - bear6875#02260,Maxime R - Tasigurr#89921,2-1,,1,,ONE,,
2/18/2023 16:13:02,Jesse R - Zephaer#38941,Shuo L - Tamamo#30654,2-0,,1,,ONE,,
2/18/2023 16:50:24,Serge T - Sergyboy514#39979,Paul G - TheDragon#61289,2-0,,1,,BRO,,
2/18/2023 17:18:02,Jesse R - Zephaer#38941,Audi J - Squeakz#38671,2-0,,1,,MID,,
2/18/2023 17:21:00,Shuo L - Tamamo#30654,Paul G - TheDragon#61289,2-0,,1,,ONE,,
2/18/2023 17:54:54,Shuo L - Tamamo#30654,Mike P - UnwieldyBiscuit#26471,2-1,,1,,SNC,,
2/18/2023 18:00:16,Doug Co - daceris#24713,Paul G - TheDragon#61289,2-0,,1,,ONE,,
2/18/2023 18:08:25,John P - gokuorgohome#51511,Shuo L - Tamamo#30654,2-0,,1,,ONE,,
2/18/2023 21:33:11,Ryan D - TheSlickness#10857,Russell S - rstad#89052,2-1,,1,,NEO,,
2/18/2023 23:13:15,Zeke W - smarmyplatapus#30066,Stephan J - Saeijou#27763,2-1,,1,Misclicks suck =(,ONE,,
2/18/2023 23:13:25,Ryan D - TheSlickness#10857,Sean S - UnknownThursday#95034,2-0,,1,,ONE,,
2/18/2023 23:37:12,Zeke W - smarmyplatapus#30066,Eric S - Smitte#94855,2-1,,1,,NEO,,
2/18/2023 23:40:20,Jordan M - JMTron#46639,Stephan J - Saeijou#27763,2-0,,1,,ONE,,
2/19/2023 0:36:58,Trevor F - treskies#75643,Stephan J - Saeijou#27763,2-1,,1,,ONE,,
2/19/2023 2:08:23,Jesse R - Zephaer#38941,Anthony S - Kingboars#88381,2-0,,1,,ONE,,
2/19/2023 11:42:33,Krzys H - FaceBeardMcBeard#24731,Mike P - UnwieldyBiscuit#26471,2-0,,1,,SNC,,
2/19/2023 12:44:27,Mike B - Xenomorph#62228,Jordan M - JMTron#46639,2-0,,1,,ONE,,
2/19/2023 13:53:52,Rafael F - Prudent#24319,Shane K - Malfunktion#31013,2-0,,1,gg!,ONE,,
2/19/2023 15:17:32,Xander B - Loudnes#53855,Christopher S - Stemz#96067,2-1,,1,,ONE,,
2/19/2023 16:00:41,Paul G - TheDragon#61289,Dennis K - Mazamune#87737,2-0,,1,,BRO,,
2/19/2023 16:23:54,Christopher S - Stemz#96067,Brendan Y - Earthmover#56028,2-0,,1,,VOW,,
2/19/2023 16:39:46,Xander B - Loudnes#53855,Tim M - Ancra#27039,2-1,,1,,ONE,,
2/19/2023 17:52:13,Christopher S - Stemz#96067,Nik S - njsiii#50504,2-0,,1,gg ! ,ONE,,
2/19/2023 19:14:05,Stephan J - Saeijou#27763,Chris P - Joker01#66827,2-0,,1,,VOW,,
2/19/2023 21:37:38,Jordan M - JMTron#46639,Daniel G - FriskyHobbit#43185,2-1,,1,,VOW,,
2/19/2023 22:09:29,Audi J - Squeakz#38671,Zeke W - smarmyplatapus#30066,2-0,,1,,ONE,,
2/19/2023 22:15:53,Mike P - UnwieldyBiscuit#26471,Nicholas K - Bionick#55161,2-0,,1,GG,NEO,,
2/19/2023 22:24:22,Nik S - njsiii#50504,Pierre-Marc D - pmduguay#67919,2-1,,1,,ONE,,
2/19/2023 22:54:37,Russell S - rstad#89052,Sawyer T - soyboy#35469,2-1,,1,,VOW,,
2/19/2023 23:02:35,Pierre-Marc D - pmduguay#67919,Nicholas K - Bionick#55161,2-1,,1,,NEO,,
2/19/2023 23:39:21,Nicholas K - Bionick#55161,Daniel G - FriskyHobbit#43185,2-1,,1,,VOW,,
2/19/2023 23:46:58,Pierre-Marc D - pmduguay#67919,Rafael F - Prudent#24319,2-1,,1,,ONE,,
2/19/2023 23:56:06,Jaidin M - MnemonicDevice#38774,Tim M - Ancra#27039,2-0,,1,,NEO,,
2/20/2023 0:32:54,Ryan D - TheSlickness#10857,Pierre-Marc D - pmduguay#67919,2-1,,1,,VOW,,
2/20/2023 0:58:55,Shuo L - Tamamo#30654,Trevor F - treskies#75643,2-0,,1,,ONE,,
2/20/2023 1:10:51,Rafael F - Prudent#24319,Ryan D - TheSlickness#10857,2-1,,1,,ONE,,
2/20/2023 1:38:01,Noah B - Sisco#71800,Maranda L - BlackCanary#59791,2-1,,1,Close games,ONE,,
2/20/2023 11:59:11,Eric S - Smitte#94855,Rafael F - Prudent#24319,2-1,,1,,ONE,,
2/20/2023 12:47:45,Rafael F - Prudent#24319,Caleb G - Whynaut#28590,2-1,,1,,BRO,,
2/20/2023 13:33:59,Christopher S - Stemz#96067,Jaidin M - MnemonicDevice#38774,2-0,,1,gg,ONE,,
2/20/2023 13:57:34,Mike B - Xenomorph#62228,Audi J - Squeakz#38671,2-0,,1,,MID,,
2/20/2023 14:24:14,Christopher S - Stemz#96067,Krzys H - FaceBeardMcBeard#24731,2-0,,1,gg,ONE,,
2/20/2023 16:51:41,Dennis K - Mazamune#87737,Audi J - Squeakz#38671,2-1,,1,corrected match results ,ONE,,
2/20/2023 17:16:52,Patrick M - FullestJ#22936,Raghu B - midnitfalcon#19670,2-1,,1,,ONE,,
2/20/2023 19:39:31,Johnny M - Johnny#69519,Tim M - Ancra#27039,2-1,,1,,NEO,,
2/20/2023 19:47:34,Chris P - Joker01#66827,Shane K - Malfunktion#31013,2-1,,1,,ONE,,
2/20/2023 20:08:39,Jordan M - JMTron#46639,James T - RevisedIsland#19780,2-0,,1,,ONE,,
2/20/2023 20:42:07,Chris R - Sinkwater#27508,James T - RevisedIsland#19780,2-0,,1,,BRO,,
2/20/2023 21:30:02,John R - Ged#72302,Adam S - Wizma#29010,2-1,,1,ggs!,ONE,,
2/20/2023 21:49:11,Jaidin M - MnemonicDevice#38774,James T - RevisedIsland#19780,2-1,,1,close games!,BRO,,
2/20/2023 22:41:11,Emmett F - Sepulchure#51526,Maranda L - BlackCanary#59791,2-1,,1,,ONE,,
2/20/2023 23:29:33,Patrick M - FullestJ#22936,Ryan D - TheSlickness#10857,2-1,,1,,ONE,,
2/20/2023 23:37:32,Noah B - Sisco#71800,Benson P - sick beak#62405,2-1,,1,,ONE,,
2/20/2023 23:59:12,Noah B - Sisco#71800,Zeke W - smarmyplatapus#30066,2-0,,1,,ONE,,
2/21/2023 0:38:40,Maranda L - BlackCanary#59791,Patrick M - FullestJ#22936,2-1,,1,,ONE,,
2/21/2023 16:58:27,Shane K - Malfunktion#31013,Raghu B - midnitfalcon#19670,2-1,,1,,ONE,,
2/21/2023 17:26:52,Jaidin M - MnemonicDevice#38774,Xander B - Loudnes#53855,2-1,,1,,ONE,,
2/21/2023 17:31:49,Jesse R - Zephaer#38941,Amir A - HowDoesOneChoose#47480,2-0,,1,Embrace the oil!,ONE,,
2/21/2023 18:03:33,Emmett F - Sepulchure#51526,Xander B - Loudnes#53855,2-1,,1,,ONE,,
2/21/2023 18:33:32,Chris R - Sinkwater#27508,Damian S - ButCrackMagic#71223,2-1,,1,,ONE,,
2/21/2023 18:49:13,Jaidin M - MnemonicDevice#38774,Maxwell M - castanet#19080,2-0,,1,,NEO,,
2/21/2023 19:43:24,Sawyer T - soyboy#35469,Mike P - UnwieldyBiscuit#26471,2-0,,1,,DMU,,
2/21/2023 19:56:55,Dennis K - Mazamune#87737,Côme S - C_SM#79564,2-0,,1,close game - fun game,NEO,,
2/21/2023 20:31:19,Sawyer T - soyboy#35469,Kyle C - AFKyle#29319,2-1,,1,,BRO,,
2/21/2023 21:01:27,Sawyer T - soyboy#35469,James T - RevisedIsland#19780,2-1,,1,,BRO,,
2/21/2023 21:32:39,Sawyer T - soyboy#35469,Brendan Y - Earthmover#56028,2-0,,1,,VOW,,
2/21/2023 21:58:22,Caleb G - Whynaut#28590,Christopher G - oompaloompa#65002,2-0,,1,,BRO,,
2/21/2023 22:04:45,Brendan Y - Earthmover#56028,Nicholas K - Bionick#55161,2-0,,1,,NEO,,
2/21/2023 22:26:05,Caleb G - Whynaut#28590,Côme S - C_SM#79564,2-0,,1,,NEO,,
2/21/2023 23:03:36,Mitchel S - SpaghettiMitch#18619,Nicholas K - Bionick#55161,2-1,,1,,NEO,,
2/21/2023 23:21:35,Mike G - eatmecompletely#43399,Sylvain T - Iquitos#15484,2-1,,1,,ONE,,
2/22/2023 0:00:03,Mitchel S - SpaghettiMitch#18619,Côme S - C_SM#79564,2-1,,1,,NEO,,
2/22/2023 0:41:38,Sylvain T - Iquitos#15484,Sean S - UnknownThursday#95034,2-0,,1,GG!,ONE,,
2/22/2023 10:05:08,Anthony S - Kingboars#88381,Krzys H - FaceBeardMcBeard#24731,2-0,,1,,ONE,,
2/22/2023 15:39:15,Chris P - Joker01#66827,Aaron H - UlamogOurSaviour#56444,2-0,,1,,ONE,,
2/22/2023 15:59:54,Anthony S - Kingboars#88381,Lotte P - Lotte #93345,2-0,,1,,ONE,,
2/22/2023 16:16:30,Anthony S - Kingboars#88381,Shane K - Malfunktion#31013,2-0,,1,,ONE,,
2/22/2023 17:21:28,Anthony S - Kingboars#88381,Xander B - Loudnes#53855,2-1,,1,,ONE,,
2/22/2023 20:08:43,Mitchel S - SpaghettiMitch#18619,Benson P - sick beak#62405,2-0,,1,,ONE,,
2/22/2023 20:56:19,Benson P - sick beak#62405,Chris R - Sinkwater#27508,2-0,,1,,ONE,,
2/22/2023 23:30:14,Mitchel S - SpaghettiMitch#18619,Sylvain T - Iquitos#15484,2-1,,1,,ONE,,
2/23/2023 13:06:35,Chris P - Joker01#66827,Jake C - the_man_mulcahey#74753,2-1,,1,,SNC,,
2/23/2023 15:59:09,Raghu B - midnitfalcon#19670,Dennis K - Mazamune#87737,2-0,,1,,NEO,,
2/23/2023 17:00:35,Jordan M - JMTron#46639,Raghu B - midnitfalcon#19670,2-1,,1,,DMU,,
2/23/2023 20:16:57,Serge T - Sergyboy514#39979,Christopher G - oompaloompa#65002,2-0,,1,,BRO,,
2/23/2023 21:37:42,Russell S - rstad#89052,Dennis K - Mazamune#87737,2-0,,1,,NEO,,
2/23/2023 22:15:50,Aaron H - UlamogOurSaviour#56444,Chris R - Sinkwater#27508,2-0,,1,,ONE,,
2/23/2023 22:48:53,Maranda L - BlackCanary#59791,Zach C - ZachCarr#31881,2-0,,1,,ONE,,
2/23/2023 23:15:12,Zach C - ZachCarr#31881,Aaron H - UlamogOurSaviour#56444,2-1,,1,,ONE,,
2/23/2023 23:36:26,Mitchel S - SpaghettiMitch#18619,Sean S - UnknownThursday#95034,2-1,,1,,ONE,,
2/23/2023 23:47:38,Sylvain T - Iquitos#15484,Maranda L - BlackCanary#59791,2-1,,1,,ONE,,
2/24/2023 0:10:40,Zach C - ZachCarr#31881,Sean S - UnknownThursday#95034,2-0,,1,,ONE,,
2/24/2023 0:24:33,Michael M - Atombomb11991#07305,Emmett F - Sepulchure#51526,2-0,,1,,ONE,,
2/24/2023 0:43:49,Zach C - ZachCarr#31881,Kyle C - AFKyle#29319,2-0,,1,,ONE,,
2/24/2023 0:45:33,Sylvain T - Iquitos#15484,Zach C - ZachCarr#31881,2-0,,1,,ONE,,
2/24/2023 12:22:55,Raghu B - midnitfalcon#19670,Christopher G - oompaloompa#65002,2-0,,1,,BRO,,
2/24/2023 14:28:47,Emmett F - Sepulchure#51526,Côme S - C_SM#79564,2-0,,1,,NEO,,
2/24/2023 17:26:21,Eric S - Smitte#94855,Paul G - TheDragon#61289,2-0,,1,,ONE,,
2/24/2023 17:29:37,Patrick M - FullestJ#22936,Chris Y - Yorke on Games#66909,2-1,,1,,ONE,,
2/24/2023 17:35:43,Krzys H - FaceBeardMcBeard#24731,Jesse R - Zephaer#38941,2-0,,1,,ONE,,
2/24/2023 17:54:58,Paul G - TheDragon#61289,John P - gokuorgohome#51511,2-0,,1,,ONE,,
2/24/2023 17:57:21,Tim M - Ancra#27039,Amir A - HowDoesOneChoose#47480,2-0,,1,,ONE,,
2/24/2023 18:25:33,Krzys H - FaceBeardMcBeard#24731,Troy R - Pengwin#05127,2-1,,1,,ONE,,
2/24/2023 18:28:33,Mike G - eatmecompletely#43399,Chris Y - Yorke on Games#66909,2-1,,1,,ONE,,
2/24/2023 18:29:25,Jesse R - Zephaer#38941,Tim M - Ancra#27039,2-0,,1,,NEO,,
2/24/2023 18:53:04,Mitchel S - SpaghettiMitch#18619,John P - gokuorgohome#51511,2-1,,1,,ONE,,
2/24/2023 19:12:41,Dan A - BEATDOWNBRINGA#04779,Lee B - MagicMorningBrew#76946,2-0,,1,,NEO,,
2/24/2023 19:13:32,Jesse R - Zephaer#38941,Troy R - Pengwin#05127,2-0,,1,,ONE,,
2/24/2023 19:24:21,Justin P - Code Pigeon#84057,Serge T - Sergyboy514#39979,2-0,,1,,NEO,,
2/24/2023 19:25:11,Chris Y - Yorke on Games#66909,Krzys H - FaceBeardMcBeard#24731,2-0,,1,Zenith! But still.,ONE,,
2/24/2023 19:45:09,Justin P - Code Pigeon#84057,Cody-Rayce MG - Rayce#56572,2-0,,1,,ONE,,
2/24/2023 20:00:26,Maxime R - Tasigurr#89921,Mike G - eatmecompletely#43399,2-0,,1,,ONE,,
2/24/2023 20:00:53,Lee B - MagicMorningBrew#76946,Chris Y - Yorke on Games#66909,2-1,,1,,ONE,,
2/24/2023 20:23:01,Maxime R - Tasigurr#89921,Cody-Rayce MG - Rayce#56572,2-0,,1,,ONE,,
2/24/2023 20:29:03,Justin P - Code Pigeon#84057,Lee B - MagicMorningBrew#76946,2-1,,1,,NEO,,
2/24/2023 20:40:50,Maxime R - Tasigurr#89921,Jake C - the_man_mulcahey#74753,2-0,,1,,ONE,,
2/24/2023 20:44:56,Troy R - Pengwin#05127,Emmett F - Sepulchure#51526,2-1,,1,,ONE,,
2/24/2023 20:47:39,Sawyer T - soyboy#35469,John P - gokuorgohome#51511,2-1,,1,,ONE,,
2/24/2023 21:00:51,Jake C - the_man_mulcahey#74753,Justin P - Code Pigeon#84057,2-1,,1,,NEO,,
2/24/2023 21:04:41,Lee B - MagicMorningBrew#76946,Maxime R - Tasigurr#89921,2-1,,1,,ONE,,
2/24/2023 21:11:25,Troy R - Pengwin#05127,James T - RevisedIsland#19780,2-1,,1,,ONE,,
2/24/2023 21:17:09,Sawyer T - soyboy#35469,Eric S - Smitte#94855,2-0,,1,,ONE,,
2/24/2023 21:31:16,James T - RevisedIsland#19780,Lee B - MagicMorningBrew#76946,2-0,,1,GGs,BRO,,
2/24/2023 21:32:27,Troy R - Pengwin#05127,Jake C - the_man_mulcahey#74753,2-0,,1,,ONE,,
2/24/2023 21:34:18,Justin P - Code Pigeon#84057,Maxime R - Tasigurr#89921,2-0,,1,,ONE,,
2/24/2023 22:03:23,Jake C - the_man_mulcahey#74753,James T - RevisedIsland#19780,2-1,,1,,ONE,,
2/24/2023 22:06:42,Zeke W - smarmyplatapus#30066,Jaidin M - MnemonicDevice#38774,2-1,,1,turn 2 9 damage!,ONE,,
2/24/2023 22:29:36,Pierre-Marc D - pmduguay#67919,Dan A - BEATDOWNBRINGA#04779,2-0,,1,,ONE,,
2/24/2023 23:08:05,Dan A - BEATDOWNBRINGA#04779,Rafael F - Prudent#24319,2-1,,1,,ONE,,
2/24/2023 23:21:35,Trevor F - treskies#75643,Pierre-Marc D - pmduguay#67919,2-1,,1,,VOW,,
2/24/2023 23:36:52,Steve T - strout#45062,Ron C - lennor#52740,2-1,,1,Ggs!,ONE,,
2/24/2023 23:52:23,Jeremy E - Lhurgoyf#37289,Dan A - BEATDOWNBRINGA#04779,2-1,,1,,ONE,,
2/24/2023 23:53:43,Pierre-Marc D - pmduguay#67919,Damian S - ButCrackMagic#71223,2-0,,1,,ONE,,
2/25/2023 0:22:08,Dan A - BEATDOWNBRINGA#04779,Ron C - lennor#52740,2-1,,1,,ONE,,
2/25/2023 0:34:27,Jeremy E - Lhurgoyf#37289,Steve T - strout#45062,2-1,,1,,ONE,,
2/25/2023 8:04:55,Kevin I - kni1993#29285,Krzys H - FaceBeardMcBeard#24731,2-1,,1,Gg,ONE,,
2/25/2023 9:18:14,Eric S - Smitte#94855,Kevin I - kni1993#29285,2-0,,1,GG sorry bout the mana screw,BRO,,
2/25/2023 10:29:11,Adam S - Wizma#29010,Mason G - bear6875#02260,2-1,,1,"Incredible game, sorry I stole it!",ONE,,
2/25/2023 11:03:41,Rafael F - Prudent#24319,Johnny M - Johnny#69519,2-1,,1,,ONE,,
2/25/2023 11:28:54,Johnny M - Johnny#69519,Ron C - lennor#52740,2-0,,1,,ONE,,
2/25/2023 11:33:49,Paul G - TheDragon#61289,Amir A - HowDoesOneChoose#47480,2-1,,1,,ONE,,
2/25/2023 11:42:27,Anthony S - Kingboars#88381,Mike B - Xenomorph#62228,2-0,,1,,SNC,,
2/25/2023 11:48:39,Serge T - Sergyboy514#39979,Johnny M - Johnny#69519,2-0,,1,,ONE,,
2/25/2023 11:59:08,Chris Y - Yorke on Games#66909,Kevin I - kni1993#29285,2-0,,1,Good games!!,ONE,,
2/25/2023 12:56:04,Tim M - Ancra#27039,Mason G - bear6875#02260,2-0,,1,,ONE,,
2/25/2023 12:59:27,Ron C - lennor#52740,Kevin I - kni1993#29285,2-0,,1,Gg,ONE,,
2/25/2023 13:29:36,Jesse R - Zephaer#38941,Anthony S - Kingboars#88381,2-1,,1,,ONE,,
2/25/2023 13:39:09,Mason G - bear6875#02260,Mike B - Xenomorph#62228,2-1,,1,,SNC,,
2/25/2023 13:47:13,Benson P - sick beak#62405,Ryan D - TheSlickness#10857,2-0,,1,,ONE,,
2/25/2023 14:17:18,Lotte P - Lotte #93345,Mike P - UnwieldyBiscuit#26471,2-1,,1,,ONE,,
2/25/2023 14:17:55,Tim M - Ancra#27039,Anthony S - Kingboars#88381,2-1,,1,,ONE,,
2/25/2023 14:27:55,Jesse R - Zephaer#38941,Mason G - bear6875#02260,2-1,,1,,ONE,,
2/25/2023 14:46:44,Amir A - HowDoesOneChoose#47480,Lotte P - Lotte #93345,2-0,,1,,ONE,,
2/25/2023 14:53:55,Mason G - bear6875#02260,Anthony S - Kingboars#88381,2-0,,1,,ONE,,
2/25/2023 14:59:25,Amir A - HowDoesOneChoose#47480,Rafael F - Prudent#24319,2-0,,1,,ONE,,
2/25/2023 14:59:33,Ryan D - TheSlickness#10857,Côme S - C_SM#79564,2-1,,1,,ONE,,
2/25/2023 15:08:58,Nicholas K - Bionick#55161,Mike P - UnwieldyBiscuit#26471,2-1,,1,,ONE,,
2/25/2023 15:56:50,Adam S - Wizma#29010,Raghu B - midnitfalcon#19670,2-1,,1,Great games as usual!,ONE,,
2/25/2023 16:19:42,Anthony S - Kingboars#88381,Ryan D - TheSlickness#10857,2-0,,1,,ONE,,
2/25/2023 16:35:05,Raghu B - midnitfalcon#19670,Shane K - Malfunktion#31013,2-1,,1,,ONE,,
2/25/2023 16:44:27,Krzys H - FaceBeardMcBeard#24731,Caleb G - Whynaut#28590,2-1,,1,,BRO,,
2/25/2023 17:11:42,Jeremy E - Lhurgoyf#37289,Nicholas K - Bionick#55161,2-0,,1,,NEO,,
2/25/2023 17:45:48,Damian S - ButCrackMagic#71223,Nicholas K - Bionick#55161,2-0,,1,,NEO,,
2/25/2023 18:05:55,Sawyer T - soyboy#35469,Jake C - the_man_mulcahey#74753,2-0,,1,,ONE,,
2/25/2023 18:11:42,Nicholas K - Bionick#55161,Adam S - Wizma#29010,2-0,,1,,ONE,,
2/25/2023 18:16:41,John P - gokuorgohome#51511,Jordan M - JMTron#46639,2-0,,1,,ONE,,
2/25/2023 18:36:53,Nicholas K - Bionick#55161,Sawyer T - soyboy#35469,2-1,,1,,ONE,,
2/25/2023 19:30:42,Daniel G - FriskyHobbit#43185,Ron C - lennor#52740,2-0,,1,,ONE,,
2/25/2023 20:00:41,Jordan M - JMTron#46639,Christopher S - Stemz#96067,2-1,,1,,ONE,,
2/25/2023 20:27:06,Maranda L - BlackCanary#59791,Daniel G - FriskyHobbit#43185,2-1,,1,,VOW,,
2/25/2023 20:28:19,Trevor F - treskies#75643,Steve T - strout#45062,2-0,,1,,VOW,,
2/25/2023 20:50:14,Christopher S - Stemz#96067,Maranda L - BlackCanary#59791,2-0,,1,gg,ONE,,
2/25/2023 21:14:15,Daniel G - FriskyHobbit#43185,Steve T - strout#45062,2-1,,1,,ONE,,
2/25/2023 21:17:50,Christopher S - Stemz#96067,Russell S - rstad#89052,2-0,,1,gg,ONE,,
2/25/2023 21:59:00,Jordan M - JMTron#46639,Jaidin M - MnemonicDevice#38774,2-0,,1,,ONE,,
2/25/2023 22:08:53,Nik S - njsiii#50504,Emmett F - Sepulchure#51526,2-0,,1,,ONE,,
2/25/2023 22:49:21,Jaidin M - MnemonicDevice#38774,Daniel G - FriskyHobbit#43185,2-0,,1,Demon incoming?,VOW,,
2/25/2023 23:32:21,Jeremy E - Lhurgoyf#37289,Côme S - C_SM#79564,2-0,,1,,NEO,,
2/26/2023 0:34:15,Daniel G - FriskyHobbit#43185,Zeke W - smarmyplatapus#30066,2-0,,1,,ONE,,
2/26/2023 7:00:51,Aaron H - UlamogOurSaviour#56444,Dennis K - Mazamune#87737,2-1,,1,,ONE,,
2/26/2023 9:34:44,Rafael F - Prudent#24319,Nik S - njsiii#50504,2-1,,1,,ONE,,
2/26/2023 10:30:54,Eric S - Smitte#94855,Mike P - UnwieldyBiscuit#26471,2-1,,1,,ONE,,
2/26/2023 11:05:49,Nik S - njsiii#50504,Paul G - TheDragon#61289,2-0,,1,,ONE,,
2/26/2023 11:50:29,Mike P - UnwieldyBiscuit#26471,Brendan Y - Earthmover#56028,2-1,,1,gg,VOW,,
2/26/2023 11:53:15,Rafael F - Prudent#24319,Eric S - Smitte#94855,2-1,,1,,NEO,,
2/26/2023 12:25:21,Emmett F - Sepulchure#51526,Brendan Y - Earthmover#56028,2-0,,1,,VOW,,
2/26/2023 12:46:31,Aaron H - UlamogOurSaviour#56444,Emmett F - Sepulchure#51526,2-0,,1,,ONE,,
2/26/2023 13:41:13,Michael M - Atombomb11991#07305,Brendan Y - Earthmover#56028,2-0,,1,,ONE,,
2/26/2023 13:47:21,Aaron H - UlamogOurSaviour#56444,Trevor F - treskies#75643,2-1,,1,,ONE,,
2/26/2023 14:22:31,Paul G - TheDragon#61289,Michael M - Atombomb11991#07305,2-0,,1,,ONE,,
2/26/2023 14:48:50,Serge T - Sergyboy514#39979,Raghu B - midnitfalcon#19670,2-0,,1,,ONE,,
2/26/2023 14:54:23,Aaron H - UlamogOurSaviour#56444,Mike P - UnwieldyBiscuit#26471,2-1,,1,,ONE,,
2/26/2023 16:03:25,Trevor F - treskies#75643,Johnny M - Johnny#69519,2-0,,1,,ONE,,
2/26/2023 16:06:07,Jordan M - JMTron#46639,Sean S - UnknownThursday#95034,2-0,,1,,ONE,,
2/26/2023 16:15:50,Raghu B - midnitfalcon#19670,Shuo L - Tamamo#30654,2-0,,1,,ONE,,
2/26/2023 16:19:39,Noah B - Sisco#71800,Mike B - Xenomorph#62228,2-1,,1,GGs! Land screwed together :),SNC,,
2/26/2023 17:26:14,Amir A - HowDoesOneChoose#47480,Doug Co - daceris#24713,2-1,,1,,ONE,,
2/26/2023 18:54:25,Nik S - njsiii#50504,Sawyer T - soyboy#35469,2-0,,1,,ONE,,
2/26/2023 19:13:58,Jordan M - JMTron#46639,Michael M - Atombomb11991#07305,2-0,,1,,ONE,,
2/26/2023 20:58:31,Benson P - sick beak#62405,Mitchel S - SpaghettiMitch#18619,2-0,,1,,NEO,,
2/26/2023 21:26:29,Christopher S - Stemz#96067,Zeke W - smarmyplatapus#30066,2-1,,1,gg,ONE,,
2/26/2023 21:53:23,Benson P - sick beak#62405,Nik S - njsiii#50504,2-1,,1,,ONE,,
2/26/2023 22:33:08,Sylvain T - Iquitos#15484,Benson P - sick beak#62405,2-0,,1,GGs!,ONE,,
2/26/2023 23:31:15,Steve T - strout#45062,Sylvain T - Iquitos#15484,2-0,,1,GGs!,ONE,,
2/27/2023 1:05:35,Dan K - Fizishy#82483,Benson P - sick beak#62405,2-1,,1,,ONE,,
2/27/2023 1:59:05,Damian S - ButCrackMagic#71223,Dan K - Fizishy#82483,2-0,,1,,ONE,,
2/27/2023 14:10:15,Aaron H - UlamogOurSaviour#56444,John R - Ged#72302,2-1,,1,,ONE,,
2/27/2023 14:22:35,Emmett F - Sepulchure#51526,Noah B - Sisco#71800,2-1,,1,,BRO,,
2/27/2023 15:46:58,Shane K - Malfunktion#31013,Aaron H - UlamogOurSaviour#56444,2-1,,1,,ONE,,
2/27/2023 15:58:11,Doug Co - daceris#24713,Maranda L - BlackCanary#59791,2-1,,1,,ONE,,
2/27/2023 16:38:22,Shuo L - Tamamo#30654,Shane K - Malfunktion#31013,2-0,,1,,ONE,,
2/27/2023 16:47:43,Noah B - Sisco#71800,Patrick M - FullestJ#22936,2-1,,1,,ONE,,
2/27/2023 17:03:29,John R - Ged#72302,Shuo L - Tamamo#30654,2-0,,1,ggs,ONE,,
2/27/2023 17:49:04,Serge T - Sergyboy514#39979,Chris R - Sinkwater#27508,2-1,,1,,ONE,,
2/27/2023 18:23:58,Jaidin M - MnemonicDevice#38774,Michael M - Atombomb11991#07305,2-1,,1,Axiom engraver,ONE,,
2/27/2023 19:25:11,John P - gokuorgohome#51511,Jeremy E - Lhurgoyf#37289,2-0,,1,,ONE,,
2/27/2023 20:53:42,Tim M - Ancra#27039,Kevin I - kni1993#29285,2-1,,1,,ONE,,
2/27/2023 22:18:54,Cody-Rayce MG - Rayce#56572,Caleb G - Whynaut#28590,2-0,,1,ggs,BRO,,
2/27/2023 22:22:33,Ryan D - TheSlickness#10857,Mitchel S - SpaghettiMitch#18619,2-0,,1,,ONE,,
2/27/2023 23:02:38,Christopher S - Stemz#96067,Côme S - C_SM#79564,2-0,,1,,NEO,,
2/27/2023 23:34:33,Patrick M - FullestJ#22936,Dan K - Fizishy#82483,2-0,,1,,ONE,,
2/27/2023 23:51:43,Damian S - ButCrackMagic#71223,Sean S - UnknownThursday#95034,2-0,,1,,ONE,,
2/28/2023 0:08:13,Cody-Rayce MG - Rayce#56572,Patrick M - FullestJ#22936,2-1,,1,ggs,ONE,,
2/28/2023 0:31:01,Damian S - ButCrackMagic#71223,Cody-Rayce MG - Rayce#56572,2-0,,1,,ONE,,
2/28/2023 12:48:07,Russell S - rstad#89052,John R - Ged#72302,2-0,,1,,ONE,,
2/28/2023 13:19:17,Pierre-Marc D - pmduguay#67919,Noah B - Sisco#71800,2-0,,1,,BRO,,
2/28/2023 14:26:02,Pierre-Marc D - pmduguay#67919,Chris P - Joker01#66827,2-1,,1,,ONE,,
2/28/2023 16:50:08,Patrick M - FullestJ#22936,John R - Ged#72302,2-0,,1,,ONE,,
2/28/2023 17:06:32,Raghu B - midnitfalcon#19670,Xander B - Loudnes#53855,2-0,,1,,ONE,,
2/28/2023 17:45:42,Xander B - Loudnes#53855,John R - Ged#72302,2-1,,1,,ONE,,
2/28/2023 18:23:03,Shane K - Malfunktion#31013,Kyle C - AFKyle#29319,2-1,,1,gg BRO!,BRO,,
2/28/2023 18:54:03,Chris R - Sinkwater#27508,Mitchel S - SpaghettiMitch#18619,2-1,,1,,ONE,,
2/28/2023 19:07:22,Mike G - eatmecompletely#43399,Kyle C - AFKyle#29319,2-1,,1,,ONE,,
2/28/2023 19:33:08,Mitchel S - SpaghettiMitch#18619,Shuo L - Tamamo#30654,2-1,,1,,ONE,,
2/28/2023 20:57:20,Chris R - Sinkwater#27508,Shane K - Malfunktion#31013,2-1,,1,,ONE,,
3/1/2023 1:12:39,Zeke W - smarmyplatapus#30066,Sylvain T - Iquitos#15484,2-0,,1,ggs! Sorry about the screw,ONE,,
3/1/2023 16:42:32,Noah B - Sisco#71800,Xander B - Loudnes#53855,2-1,,1,,ONE,,
3/1/2023 16:55:07,Shuo L - Tamamo#30654,Zach C - ZachCarr#31881,2-0,,1,,ONE,,
3/1/2023 17:19:37,Jake C - the_man_mulcahey#74753,Russell S - rstad#89052,2-1,,1,Super close game 3,ONE,,
3/1/2023 17:24:45,Zach C - ZachCarr#31881,Chris R - Sinkwater#27508,2-1,,1,,ONE,,
3/1/2023 17:44:30,Zach C - ZachCarr#31881,Xander B - Loudnes#53855,2-0,,1,,BRO,,
3/1/2023 18:00:00,Russell S - rstad#89052,Chris R - Sinkwater#27508,2-0,,1,,ONE,,
3/1/2023 19:02:46,Zach C - ZachCarr#31881,Côme S - C_SM#79564,2-0,,1,,ONE,,
3/1/2023 19:40:00,Russell S - rstad#89052,Christopher G - oompaloompa#65002,2-0,,1,,ONE,,
3/1/2023 22:46:32,Ryan D - TheSlickness#10857,Sylvain T - Iquitos#15484,2-1,,1,,ONE,,
3/1/2023 23:29:24,Sean S - UnknownThursday#95034,Chris P - Joker01#66827,2-0,,1,,ONE,,
3/2/2023 0:01:28,Sylvain T - Iquitos#15484,Dan K - Fizishy#82483,2-1,,1,,ONE,,
3/2/2023 0:16:49,Adam S - Wizma#29010,Sean S - UnknownThursday#95034,2-1,,1,Most ONE match of all time. Thanks for the games tho ,ONE,,
3/2/2023 1:13:22,Dan K - Fizishy#82483,Johnny M - Johnny#69519,2-1,,1,,ONE,,
3/2/2023 14:26:41,Doug Co - daceris#24713,Mike G - eatmecompletely#43399,2-1,,1,ggs!,ONE,,
3/2/2023 18:14:47,Caleb G - Whynaut#28590,Mike G - eatmecompletely#43399,2-0,,1,,ONE,,
3/2/2023 19:21:38,James T - RevisedIsland#19780,Caleb G - Whynaut#28590,2-1,,1,GGs,BRO,,
3/2/2023 21:49:08,Brendan Y - Earthmover#56028,Xander B - Loudnes#53855,2-1,,1,,ONE,,
3/2/2023 22:48:22,Maranda L - BlackCanary#59791,Dennis K - Mazamune#87737,2-0,,1,,ONE,,
3/2/2023 23:46:16,Chris P - Joker01#66827,Maranda L - BlackCanary#59791,2-1,,1,,ONE,,
3/3/2023 0:14:02,Adam S - Wizma#29010,Dennis K - Mazamune#87737,2-0,,1,Good games! Game one was conceded by Dennis due to an accidental card inclusion in error,ONE,,
3/3/2023 0:47:48,Kyle C - AFKyle#29319,Doug Co - daceris#24713,2-0,,1,,ONE,,
3/3/2023 2:19:11,Kyle C - AFKyle#29319,Dennis K - Mazamune#87737,2-0,,1,,ONE,,
3/3/2023 11:10:58,Caleb G - Whynaut#28590,Lotte P - Lotte #93345,2-1,,1,,ONE,,
3/3/2023 14:30:54,Trevor F - treskies#75643,Jaidin M - MnemonicDevice#38774,2-0,,1,,ONE,,
3/3/2023 15:58:59,Doug Co - daceris#24713,Mike B - Xenomorph#62228,2-1,,1,,ONE,,
3/3/2023 16:02:59,Kyle C - AFKyle#29319,Audi J - Squeakz#38671,2-1,,1,,ONE,,
3/3/2023 17:13:40,Justin P - Code Pigeon#84057,Patrick M - FullestJ#22936,2-0,,1,,ONE,,
3/3/2023 17:43:30,Troy R - Pengwin#05127,Justin P - Code Pigeon#84057,2-1,,1,,NEO,,
3/3/2023 18:20:29,Damian S - ButCrackMagic#71223,Justin P - Code Pigeon#84057,2-1,,1,,NEO,,
3/3/2023 18:49:35,Damian S - ButCrackMagic#71223,Michael M - Atombomb11991#07305,2-1,,1,,ONE,,
3/3/2023 19:17:00,Justin P - Code Pigeon#84057,Ryan D - TheSlickness#10857,2-1,,1,,ONE,,
3/3/2023 19:25:40,Mason G - bear6875#02260,Sawyer T - soyboy#35469,2-1,,1,,ONE,,
3/3/2023 19:26:05,Michael M - Atombomb11991#07305,Kevin I - kni1993#29285,2-0,,1,,ONE,,
3/3/2023 19:39:48,Justin P - Code Pigeon#84057,Daniel G - FriskyHobbit#43185,2-0,,1,,ONE,,
3/3/2023 19:46:17,Mike G - eatmecompletely#43399,Tim M - Ancra#27039,2-1,,1,,ONE,,
3/3/2023 19:48:03,Jake C - the_man_mulcahey#74753,Mason G - bear6875#02260,2-1,,1,,ONE,,
3/3/2023 20:13:23,Damian S - ButCrackMagic#71223,Caleb G - Whynaut#28590,2-1,,1,,BRO,,
3/3/2023 20:17:55,Mason G - bear6875#02260,Tim M - Ancra#27039,2-0,,1,,ONE,,
3/3/2023 20:40:01,Daniel G - FriskyHobbit#43185,Caleb G - Whynaut#28590,2-1,,1,,BRO,,
3/3/2023 21:11:20,Ryan D - TheSlickness#10857,Daniel G - FriskyHobbit#43185,2-1,,1,,ONE,,
3/3/2023 21:34:34,Zeke W - smarmyplatapus#30066,Lee B - MagicMorningBrew#76946,2-0,,1,,NEO,,
3/3/2023 21:42:20,Dan A - BEATDOWNBRINGA#04779,Troy R - Pengwin#05127,2-1,,1,,ONE,,
3/3/2023 22:09:30,Dan A - BEATDOWNBRINGA#04779,Lee B - MagicMorningBrew#76946,2-0,,1,,ONE,,
3/3/2023 22:09:46,Jordan M - JMTron#46639,Chris Y - Yorke on Games#66909,2-1,,1,,ONE,,
3/3/2023 22:26:57,Emmett F - Sepulchure#51526,Troy R - Pengwin#05127,2-1,,1,,ONE,,
3/3/2023 22:40:58,Lee B - MagicMorningBrew#76946,Côme S - C_SM#79564,2-0,,1,,NEO,,
3/3/2023 22:56:52,Zeke W - smarmyplatapus#30066,Eric S - Smitte#94855,2-1,,1,,ONE,,
3/3/2023 22:59:41,Chris Y - Yorke on Games#66909,Lee B - MagicMorningBrew#76946,2-1,,1,Hitting the gas!!,ONE,,
3/3/2023 23:35:00,Troy R - Pengwin#05127,Chris Y - Yorke on Games#66909,2-0,,1,,ONE,,
3/4/2023 0:06:02,Chris Y - Yorke on Games#66909,Patrick M - FullestJ#22936,2-0,,1,The Wanderer's last ability...,ONE,,
3/4/2023 0:13:32,Rafael F - Prudent#24319,Emmett F - Sepulchure#51526,2-0,,1,,ONE,,
3/4/2023 0:37:22,Chris Y - Yorke on Games#66909,Dan K - Fizishy#82483,2-1,,1,Walkers for Compleation,ONE,,
3/4/2023 0:45:36,Eric S - Smitte#94855,Troy R - Pengwin#05127,2-0,,1,,ONE,,
3/4/2023 1:02:01,Zeke W - smarmyplatapus#30066,Sylvain T - Iquitos#15484,2-0,,1,,ONE,,
3/4/2023 1:16:44,Jordan M - JMTron#46639,Eric S - Smitte#94855,2-0,,1,,NEO,,
3/4/2023 1:34:34,Jesse R - Zephaer#38941,Mike G - eatmecompletely#43399,2-1,,1,,ONE,,
3/4/2023 1:42:47,Eric S - Smitte#94855,Nicholas K - Bionick#55161,2-0,,1,,VOW,,
3/4/2023 2:04:00,Nicholas K - Bionick#55161,Jesse R - Zephaer#38941,2-0,,1,,ONE,,
3/4/2023 2:26:31,Nicholas K - Bionick#55161,Rafael F - Prudent#24319,2-0,,1,,ONE,,
3/4/2023 2:59:58,Paul G - TheDragon#61289,Nicholas K - Bionick#55161,2-0,,1,,VOW,,
3/4/2023 3:21:15,Rafael F - Prudent#24319,Dan K - Fizishy#82483,2-1,,1,,ONE,,
3/4/2023 7:40:32,Jesse R - Zephaer#38941,Raghu B - midnitfalcon#19670,2-1,,1,,ONE,,
3/4/2023 8:55:08,Patrick M - FullestJ#22936,Kevin I - kni1993#29285,2-0,,1,,ONE,,
3/4/2023 9:26:49,John R - Ged#72302,Zach C - ZachCarr#31881,2-1,,1,ggs,ONE,,
3/4/2023 9:42:06,Serge T - Sergyboy514#39979,Tim M - Ancra#27039,2-0,,1,,ONE,,
3/4/2023 9:50:04,Paul G - TheDragon#61289,Adam S - Wizma#29010,2-1,,1,,ONE,,
3/4/2023 10:18:56,John R - Ged#72302,Pierre-Marc D - pmduguay#67919,2-0,,1,Good games.,VOW,,
3/4/2023 10:21:41,Serge T - Sergyboy514#39979,Mason G - bear6875#02260,2-1,,1,,ONE,,
3/4/2023 10:36:56,Paul G - TheDragon#61289,Ron C - lennor#52740,2-1,,1,,ONE,,
3/4/2023 10:55:43,Jeremy E - Lhurgoyf#37289,Mike P - UnwieldyBiscuit#26471,2-0,,1,,ONE,,
3/4/2023 14:09:12,Tim M - Ancra#27039,Kevin I - kni1993#29285,2-1,,1,,ONE,,
3/4/2023 15:41:13,Patrick M - FullestJ#22936,Mike P - UnwieldyBiscuit#26471,2-0,,1,,ONE,,
3/4/2023 16:09:11,Patrick M - FullestJ#22936,Ron C - lennor#52740,2-0,,1,,ONE,,
3/4/2023 17:34:06,Russell S - rstad#89052,Amir A - HowDoesOneChoose#47480,2-1,,1,,ONE,,
3/4/2023 17:40:32,Dan A - BEATDOWNBRINGA#04779,Jeremy E - Lhurgoyf#37289,2-0,,1,,ONE,,
3/4/2023 18:04:12,Daniel G - FriskyHobbit#43185,Ron C - lennor#52740,2-1,,1,,ONE,,
3/4/2023 18:49:27,Jordan M - JMTron#46639,Mike B - Xenomorph#62228,2-1,,1,,ONE,,
3/4/2023 20:44:27,Sawyer T - soyboy#35469,Kevin I - kni1993#29285,2-0,,1,,ONE,,
3/4/2023 21:11:05,Kevin I - kni1993#29285,Adam S - Wizma#29010,2-1,,1,Ggs,ONE,,
3/4/2023 23:07:41,Sawyer T - soyboy#35469,Chris P - Joker01#66827,2-1,,1,,ONE,,
3/4/2023 23:58:40,Emmett F - Sepulchure#51526,Chris P - Joker01#66827,2-1,,1,,ONE,,
3/5/2023 0:57:08,Chris P - Joker01#66827,Sylvain T - Iquitos#15484,2-1,,1,,ONE,,
3/5/2023 1:18:52,Damian S - ButCrackMagic#71223,Maxime R - Tasigurr#89921,2-1,,1,,ONE,,
3/5/2023 8:51:12,Nik S - njsiii#50504,Krzys H - FaceBeardMcBeard#24731,2-1,,1,,ONE,,
3/5/2023 10:41:06,Krzys H - FaceBeardMcBeard#24731,Lotte P - Lotte #93345,2-1,,1,,ONE,,
3/5/2023 12:39:33,John R - Ged#72302,Serge T - Sergyboy514#39979,2-1,,1,ggs.,ONE,,
3/5/2023 12:44:46,Paul G - TheDragon#61289,Brendan Y - Earthmover#56028,2-0,,1,,ONE,,
3/5/2023 13:38:19,Jesse R - Zephaer#38941,Dan A - BEATDOWNBRINGA#04779,2-0,,1,,ONE,,
3/5/2023 14:32:05,Brendan Y - Earthmover#56028,Nik S - njsiii#50504,2-1,,1,,ONE,,
3/5/2023 14:42:32,Trevor F - treskies#75643,Mason G - bear6875#02260,2-0,,1,,ONE,,
3/5/2023 15:59:07,Michael M - Atombomb11991#07305,Johnny M - Johnny#69519,2-1,,1,,ONE,,
3/5/2023 16:43:53,Serge T - Sergyboy514#39979,Brendan Y - Earthmover#56028,2-0,,1,,ONE,,
3/5/2023 17:06:36,Anthony S - Kingboars#88381,Doug Co - daceris#24713,2-0,,1,,ONE,,
3/5/2023 17:20:36,Nicholas K - Bionick#55161,Mike P - UnwieldyBiscuit#26471,2-0,,1,,ONE,,
3/5/2023 20:14:33,Caleb G - Whynaut#28590,Serge T - Sergyboy514#39979,2-1,,1,,ONE,,
3/5/2023 20:21:17,Shuo L - Tamamo#30654,Daniel G - FriskyHobbit#43185,2-0,,1,,ONE,,
3/5/2023 21:01:18,Trevor F - treskies#75643,Shuo L - Tamamo#30654,2-1,,1,,ONE,,
3/5/2023 21:29:56,Christopher S - Stemz#96067,Maranda L - BlackCanary#59791,2-0,,1,gg Nail biter of a g2!,ONE,,
3/6/2023 0:24:14,Noah B - Sisco#71800,Eric S - Smitte#94855,2-1,,1,GGs!,ONE,,
3/6/2023 1:13:30,Sylvain T - Iquitos#15484,Damian S - ButCrackMagic#71223,2-1,,1,,ONE,,
3/6/2023 1:47:43,Sawyer T - soyboy#35469,Kyle C - AFKyle#29319,2-1,,1,,NEO,,
3/6/2023 11:10:42,John P - gokuorgohome#51511,Jeremy E - Lhurgoyf#37289,2-0,,1,ggs,ONE,,
3/6/2023 11:50:37,John P - gokuorgohome#51511,Sawyer T - soyboy#35469,2-0,,1,,ONE,,
3/6/2023 12:34:10,Pierre-Marc D - pmduguay#67919,Anthony S - Kingboars#88381,2-1,,1,,ONE,,
3/6/2023 12:52:16,Cody-Rayce MG - Rayce#56572,John P - gokuorgohome#51511,2-0,,1,ggs,BRO,,
3/6/2023 13:55:19,Zeke W - smarmyplatapus#30066,Jake C - the_man_mulcahey#74753,2-1,,1,,ONE,,
3/6/2023 14:28:50,Jake C - the_man_mulcahey#74753,Krzys H - FaceBeardMcBeard#24731,2-1,,1,,ONE,,
3/6/2023 15:27:33,Aaron H - UlamogOurSaviour#56444,Krzys H - FaceBeardMcBeard#24731,2-1,,1,,ONE,,
3/6/2023 15:43:37,Raghu B - midnitfalcon#19670,John P - gokuorgohome#51511,2-1,,1,,ONE,,
3/6/2023 16:23:08,Aaron H - UlamogOurSaviour#56444,Caleb G - Whynaut#28590,2-0,,1,,BRO,,
3/6/2023 18:05:18,Jake C - the_man_mulcahey#74753,Jeremy E - Lhurgoyf#37289,2-0,,1,,ONE,,
3/6/2023 19:47:25,Tim M - Ancra#27039,Jordan M - JMTron#46639,2-1,,1,,ONE,,
3/6/2023 20:14:11,Serge T - Sergyboy514#39979,James T - RevisedIsland#19780,2-1,,1,,ONE,,
3/6/2023 20:47:59,James T - RevisedIsland#19780,Nik S - njsiii#50504,2-0,,1,GGs,ONE,,
3/6/2023 20:59:45,Michael M - Atombomb11991#07305,John P - gokuorgohome#51511,2-1,,1,,ONE,,
3/6/2023 21:06:49,Ryan D - TheSlickness#10857,James T - RevisedIsland#19780,2-0,,1,,ONE,,
3/6/2023 22:14:27,Cody-Rayce MG - Rayce#56572,Zeke W - smarmyplatapus#30066,2-0,,1,ggs,BRO,,
3/6/2023 22:49:57,Johnny M - Johnny#69519,Sean S - UnknownThursday#95034,2-1,,1,,ONE,,
3/6/2023 23:19:57,Sean S - UnknownThursday#95034,Ryan D - TheSlickness#10857,2-0,,1,,NEO,,
3/6/2023 23:37:38,Maxime R - Tasigurr#89921,Sylvain T - Iquitos#15484,2-0,,1,,ONE,,
3/7/2023 0:23:24,Maxime R - Tasigurr#89921,Johnny M - Johnny#69519,2-1,,1,,ONE,,
3/7/2023 0:37:29,Cody-Rayce MG - Rayce#56572,Aaron H - UlamogOurSaviour#56444,2-0,,1,ggs wp,ONE,,
3/7/2023 1:49:31,Aaron H - UlamogOurSaviour#56444,Trevor F - treskies#75643,2-0,,1,White suns for my boy in his pack *fingers crossed*,ONE,,
3/7/2023 11:06:48,Sylvain T - Iquitos#15484,Pierre-Marc D - pmduguay#67919,2-0,,1,GGS!,VOW,,
3/7/2023 11:52:10,Pierre-Marc D - pmduguay#67919,Aaron H - UlamogOurSaviour#56444,2-1,,1,,ONE,,
3/7/2023 14:04:55,Anthony S - Kingboars#88381,Noah B - Sisco#71800,2-0,,1,,BRO,,
3/7/2023 14:37:29,Shuo L - Tamamo#30654,Pierre-Marc D - pmduguay#67919,2-0,,1,,VOW,,
3/7/2023 14:46:08,Anthony S - Kingboars#88381,Krzys H - FaceBeardMcBeard#24731,2-1,,1,,ONE,,
3/7/2023 14:48:47,Noah B - Sisco#71800,Jordan M - JMTron#46639,2-0,,1,,ONE,,
3/7/2023 15:16:41,Noah B - Sisco#71800,Jaidin M - MnemonicDevice#38774,2-0,,1,,ONE,,
3/7/2023 15:29:18,Raghu B - midnitfalcon#19670,Doug Co - daceris#24713,2-1,,1,,ONE,,
3/7/2023 16:03:29,Raghu B - midnitfalcon#19670,Paul G - TheDragon#61289,2-0,,1,,ONE,,
3/7/2023 16:22:19,Shuo L - Tamamo#30654,Anthony S - Kingboars#88381,2-0,,1,,ONE,,
3/7/2023 18:32:42,Chris R - Sinkwater#27508,Michael M - Atombomb11991#07305,2-0,,1,,ONE,,
3/7/2023 18:48:23,Shuo L - Tamamo#30654,Mitchel S - SpaghettiMitch#18619,2-1,,1,,NEO,,
3/7/2023 20:29:24,Ryan D - TheSlickness#10857,Chris R - Sinkwater#27508,2-1,,1,,ONE,,
3/7/2023 21:31:08,Caleb G - Whynaut#28590,Mitchel S - SpaghettiMitch#18619,2-0,,1,,NEO,,
3/7/2023 22:10:38,Brendan Y - Earthmover#56028,Russell S - rstad#89052,2-1,,1,,ONE,,
3/7/2023 22:35:28,Jeremy E - Lhurgoyf#37289,Johnny M - Johnny#69519,2-1,,1,,ONE,,
3/7/2023 22:45:26,Mitchel S - SpaghettiMitch#18619,Chris P - Joker01#66827,2-1,,1,,ONE,,
3/7/2023 23:19:40,Chris P - Joker01#66827,Sean S - UnknownThursday#95034,2-1,,1,,ONE,,
3/8/2023 3:08:26,Dennis K - Mazamune#87737,Zeke W - smarmyplatapus#30066,2-1,,1,good game - he got mana short last round,ONE,,
3/8/2023 12:52:17,Jake C - the_man_mulcahey#74753,Noah B - Sisco#71800,2-0,,1,,BRO,,
3/8/2023 13:40:11,Christopher S - Stemz#96067,Stephan J - Saeijou#27763,2-0,,1,gg,ONE,,
3/8/2023 16:36:32,Chris P - Joker01#66827,Dennis K - Mazamune#87737,2-1,,1,,ONE,,
3/8/2023 17:38:20,Xander B - Loudnes#53855,Raghu B - midnitfalcon#19670,2-0,,1,GGs,ONE,,
3/8/2023 17:56:55,Shane K - Malfunktion#31013,Chris R - Sinkwater#27508,2-0,,1,,ONE,,
3/8/2023 18:06:14,Emmett F - Sepulchure#51526,Xander B - Loudnes#53855,2-0,,1,,ONE,,
3/8/2023 19:38:52,Trevor F - treskies#75643,James T - RevisedIsland#19780,2-0,,1,,ONE,,
3/8/2023 20:29:07,Trevor F - treskies#75643,Côme S - C_SM#79564,2-0,,1,,ONE,,
3/8/2023 21:35:45,Zach C - ZachCarr#31881,Dan K - Fizishy#82483,2-0,,1,,ONE,,
3/8/2023 21:43:22,Chris R - Sinkwater#27508,Brendan Y - Earthmover#56028,2-0,,1,,ONE,,
3/8/2023 22:32:34,Dan K - Fizishy#82483,Maxime R - Tasigurr#89921,2-0,,1,,ONE,,
3/8/2023 22:40:09,Côme S - C_SM#79564,Christopher S - Stemz#96067,2-1,,1,gg,ONE,,
3/8/2023 23:01:07,Maxime R - Tasigurr#89921,Steve T - strout#45062,2-0,,1,,ONE,,
3/8/2023 23:28:58,Steve T - strout#45062,Côme S - C_SM#79564,2-0,,1,,ONE,,
3/9/2023 13:14:30,Cody-Rayce MG - Rayce#56572,Mike B - Xenomorph#62228,2-1,,1,ggs lands again :(,ONE,,
3/9/2023 14:31:26,John R - Ged#72302,Shane K - Malfunktion#31013,2-1,,1,,ONE,,
3/9/2023 16:08:07,Jesse R - Zephaer#38941,Amir A - HowDoesOneChoose#47480,2-0,,1,,ONE,,
3/9/2023 16:31:13,Amir A - HowDoesOneChoose#47480,Serge T - Sergyboy514#39979,2-0,,1,,ONE,,
3/9/2023 16:59:54,Cody-Rayce MG - Rayce#56572,Maranda L - BlackCanary#59791,2-0,,1,ggs tough draws :(,ONE,,
3/9/2023 17:03:02,James T - RevisedIsland#19780,Shane K - Malfunktion#31013,2-0,,1,,ONE,,
3/9/2023 17:50:10,Rafael F - Prudent#24319,Mitchel S - SpaghettiMitch#18619,2-1,,1,,ONE,,
3/9/2023 18:44:17,Mitchel S - SpaghettiMitch#18619,Michael M - Atombomb11991#07305,2-1,,1,,ONE,,
3/9/2023 18:56:27,Russell S - rstad#89052,Kyle C - AFKyle#29319,2-1,,1,,NEO,,
3/9/2023 19:33:05,Kyle C - AFKyle#29319,Mike P - UnwieldyBiscuit#26471,2-0,,1,,ONE,,
3/9/2023 20:31:46,Jaidin M - MnemonicDevice#38774,Kyle C - AFKyle#29319,2-0,,1,all will be one,ONE,,
3/9/2023 20:49:18,Russell S - rstad#89052,Xander B - Loudnes#53855,2-0,,1,,ONE,,
3/9/2023 21:01:18,Adam S - Wizma#29010,Jaidin M - MnemonicDevice#38774,2-1,,1,Good games!,ONE,,
3/9/2023 22:03:46,Nik S - njsiii#50504,Zach C - ZachCarr#31881,2-1,,1,,ONE,,
3/9/2023 22:32:09,Adam S - Wizma#29010,Zach C - ZachCarr#31881,2-0,,1,Great games!,ONE,,
3/9/2023 22:53:05,Nik S - njsiii#50504,Kyle C - AFKyle#29319,2-0,,1,,BRO,,
3/10/2023 1:27:12,Sean S - UnknownThursday#95034,Mike G - eatmecompletely#43399,2-1,,1,,ONE,,
3/10/2023 1:50:24,Sean S - UnknownThursday#95034,Jaidin M - MnemonicDevice#38774,2-1,,1,,ONE,,
3/10/2023 12:12:15,Amir A - HowDoesOneChoose#47480,Dennis K - Mazamune#87737,2-0,,1,,ONE,,
3/10/2023 13:47:40,Steve T - strout#45062,Shane K - Malfunktion#31013,2-1,,1,Close games!,ONE,,
3/10/2023 14:11:23,Steve T - strout#45062,Mike G - eatmecompletely#43399,2-0,,1,,ONE,,
3/10/2023 14:43:08,Russell S - rstad#89052,Doug Co - daceris#24713,2-1,,1,,ONE,,
3/10/2023 15:25:05,Dennis K - Mazamune#87737,Steve T - strout#45062,2-1,,1,mtga luck,ONE,,
3/10/2023 16:00:23,Emmett F - Sepulchure#51526,Maranda L - BlackCanary#59791,2-1,,1,,ONE,,
3/10/2023 16:00:55,Rafael F - Prudent#24319,John R - Ged#72302,2-0,,1,,ONE,,
3/10/2023 17:25:23,Jesse R - Zephaer#38941,Patrick M - FullestJ#22936,2-0,,1,,ONE,,
3/10/2023 17:53:10,John P - gokuorgohome#51511,Jesse R - Zephaer#38941,2-1,,1,i did it!,ONE,,
3/10/2023 18:15:32,Maxime R - Tasigurr#89921,Jake C - the_man_mulcahey#74753,2-1,,1,,ONE,,
3/10/2023 19:03:58,Jesse R - Zephaer#38941,Jake C - the_man_mulcahey#74753,2-1,,1,,ONE,,
3/10/2023 19:19:58,Kevin I - kni1993#29285,Mike G - eatmecompletely#43399,2-0,,1,Gg,ONE,,
3/10/2023 19:21:56,Damian S - ButCrackMagic#71223,Jesse R - Zephaer#38941,2-0,,1,,ONE,,
3/10/2023 19:38:57,Jake C - the_man_mulcahey#74753,John P - gokuorgohome#51511,2-1,,1,,ONE,,
3/10/2023 19:56:27,Justin P - Code Pigeon#84057,Sawyer T - soyboy#35469,2-1,,1,,ONE,,
3/10/2023 20:11:35,Justin P - Code Pigeon#84057,Damian S - ButCrackMagic#71223,2-0,,1,,ONE,,
3/10/2023 20:33:28,Damian S - ButCrackMagic#71223,Troy R - Pengwin#05127,2-0,,1,,ONE,,
3/10/2023 20:55:38,Dan A - BEATDOWNBRINGA#04779,Maxime R - Tasigurr#89921,2-0,,1,,ONE,,
3/10/2023 21:43:10,Sawyer T - soyboy#35469,Dennis K - Mazamune#87737,2-0,,1,,ONE,,
3/10/2023 21:48:11,Doug Co - daceris#24713,Damian S - ButCrackMagic#71223,2-1,,1,,ONE,,
3/10/2023 21:55:33,Justin P - Code Pigeon#84057,Dan A - BEATDOWNBRINGA#04779,2-1,,1,,ONE,,
3/10/2023 22:38:36,Justin P - Code Pigeon#84057,Dennis K - Mazamune#87737,2-0,,1,,ONE,,
3/11/2023 0:34:24,Trevor F - treskies#75643,Dan A - BEATDOWNBRINGA#04779,2-1,,1,,ONE,,
3/11/2023 4:19:38,Paul G - TheDragon#61289,Raghu B - midnitfalcon#19670,2-1,,1,,ONE,,
3/11/2023 6:07:25,Aaron H - UlamogOurSaviour#56444,Jesse R - Zephaer#38941,2-0,,1,,ONE,,
3/11/2023 8:51:52,Pierre-Marc D - pmduguay#67919,Paul G - TheDragon#61289,2-0,,1,,ONE,,
3/11/2023 9:05:30,Pierre-Marc D - pmduguay#67919,Kevin I - kni1993#29285,2-0,,1,,ONE,,
3/11/2023 9:41:06,Aaron H - UlamogOurSaviour#56444,Pierre-Marc D - pmduguay#67919,2-0,,1,,VOW,,
3/11/2023 10:11:02,Aaron H - UlamogOurSaviour#56444,Amir A - HowDoesOneChoose#47480,2-0,,1,,ONE,,
3/11/2023 11:00:31,Eric S - Smitte#94855,Raghu B - midnitfalcon#19670,2-1,,1,,ONE,,
3/11/2023 11:22:32,Anthony S - Kingboars#88381,Jordan M - JMTron#46639,2-0,,1,,ONE,,
3/11/2023 11:52:37,Anthony S - Kingboars#88381,Eric S - Smitte#94855,2-0,,1,,ONE,,
3/11/2023 12:19:45,Jordan M - JMTron#46639,Raghu B - midnitfalcon#19670,2-1,,1,,ONE,,
3/11/2023 12:55:59,Mason G - bear6875#02260,Anthony S - Kingboars#88381,2-1,,1,,ONE,,
3/11/2023 13:05:02,Eric S - Smitte#94855,Chris Y - Yorke on Games#66909,2-0,,1,,ONE,,
3/11/2023 13:22:35,Chris R - Sinkwater#27508,Johnny M - Johnny#69519,2-0,,1,,ONE,,
3/11/2023 13:38:57,Chris Y - Yorke on Games#66909,Dan K - Fizishy#82483,2-0,,1,Cheated the reaper!,ONE,,
3/11/2023 13:55:34,Chris R - Sinkwater#27508,Anthony S - Kingboars#88381,2-0,,1,,ONE,,
3/11/2023 14:24:18,Maxime R - Tasigurr#89921,Anthony S - Kingboars#88381,2-1,,1,,ONE,,
3/11/2023 14:32:08,Christopher S - Stemz#96067,Chris Y - Yorke on Games#66909,2-1,,1,gg!,ONE,,
3/11/2023 14:35:19,Ryan D - TheSlickness#10857,Sawyer T - soyboy#35469,2-1,,1,,ONE,,
3/11/2023 14:54:52,Ryan D - TheSlickness#10857,Maxime R - Tasigurr#89921,2-0,,1,,ONE,,
3/11/2023 15:05:33,Chris R - Sinkwater#27508,Christopher S - Stemz#96067,2-0,,1,,ONE,,
3/11/2023 15:27:23,Shuo L - Tamamo#30654,Raghu B - midnitfalcon#19670,2-0,,1,,ONE,,
3/11/2023 15:49:15,Shuo L - Tamamo#30654,Sylvain T - Iquitos#15484,2-0,,1,,ONE,,
3/11/2023 16:47:49,Dan K - Fizishy#82483,Eric S - Smitte#94855,2-1,,1,,ONE,,
3/11/2023 17:11:54,Sawyer T - soyboy#35469,Jordan M - JMTron#46639,2-1,,1,,ONE,,
3/11/2023 18:20:39,Sawyer T - soyboy#35469,Jeremy E - Lhurgoyf#37289,2-0,,1,,ONE,,
3/11/2023 18:21:27,John P - gokuorgohome#51511,Dan A - BEATDOWNBRINGA#04779,2-1,,1,,ONE,,
3/11/2023 18:59:09,Dan A - BEATDOWNBRINGA#04779,Daniel G - FriskyHobbit#43185,2-0,,1,,ONE,,
3/11/2023 19:02:52,Ryan D - TheSlickness#10857,John P - gokuorgohome#51511,2-1,,1,,ONE,,
3/11/2023 19:04:34,Damian S - ButCrackMagic#71223,Michael M - Atombomb11991#07305,2-1,,1,,ONE,,
3/11/2023 22:21:47,Trevor F - treskies#75643,Dan K - Fizishy#82483,2-0,,1,,ONE,,
3/12/2023 0:45:37,Justin P - Code Pigeon#84057,Trevor F - treskies#75643,2-1,,1,,ONE,,
3/12/2023 1:25:48,Shuo L - Tamamo#30654,Eric S - Smitte#94855,2-1,,1,,ONE,,
3/12/2023 1:45:37,Shuo L - Tamamo#30654,Jeremy E - Lhurgoyf#37289,2-0,,1,,ONE,,
3/12/2023 9:31:42,Aaron H - UlamogOurSaviour#56444,Serge T - Sergyboy514#39979,2-1,,1,,ONE,,
3/12/2023 10:21:00,Chris R - Sinkwater#27508,John R - Ged#72302,2-0,,1,,ONE,,
3/12/2023 10:55:19,Steve T - strout#45062,Aaron H - UlamogOurSaviour#56444,2-1,,1,,ONE,,
3/12/2023 11:28:12,John R - Ged#72302,Amir A - HowDoesOneChoose#47480,2-1,,1,GGS,ONE,,
3/12/2023 11:29:32,Tim M - Ancra#27039,Steve T - strout#45062,2-1,,1,,ONE,,
3/12/2023 13:22:27,Rafael F - Prudent#24319,Mason G - bear6875#02260,2-0,,1,,ONE,,
3/12/2023 13:54:10,Michael M - Atombomb11991#07305,Daniel G - FriskyHobbit#43185,2-1,,1,,ONE,,
3/12/2023 14:38:56,Tim M - Ancra#27039,Daniel G - FriskyHobbit#43185,2-1,,1,,ONE,,
3/12/2023 15:28:05,Mason G - bear6875#02260,Michael M - Atombomb11991#07305,2-1,,1,,ONE,,
3/12/2023 15:58:19,Serge T - Sergyboy514#39979,Doug Co - daceris#24713,2-1,,1,,ONE,,
3/12/2023 16:02:55,Paul G - TheDragon#61289,Mason G - bear6875#02260,2-0,,1,,ONE,,
3/12/2023 16:37:59,Serge T - Sergyboy514#39979,Michael M - Atombomb11991#07305,2-1,,1,,ONE,,
3/12/2023 16:38:26,Jeremy E - Lhurgoyf#37289,Jaidin M - MnemonicDevice#38774,2-0,,1,,ONE,,
3/12/2023 17:01:24,Doug Co - daceris#24713,Emmett F - Sepulchure#51526,2-0,,1,,ONE,,
3/12/2023 17:13:12,Serge T - Sergyboy514#39979,Shuo L - Tamamo#30654,2-1,,1,,ONE,,
3/12/2023 17:32:22,Ryan D - TheSlickness#10857,Adam S - Wizma#29010,2-1,,1,,ONE,,
3/12/2023 18:25:15,John R - Ged#72302,Christopher S - Stemz#96067,2-1,,1,ggs!,ONE,,
3/12/2023 19:00:45,Russell S - rstad#89052,Serge T - Sergyboy514#39979,2-0,,1,,ONE,,
3/12/2023 19:03:01,Jeremy E - Lhurgoyf#37289,Christopher S - Stemz#96067,2-1,,1,,ONE,,
3/12/2023 19:26:28,Christopher S - Stemz#96067,Xander B - Loudnes#53855,2-0,,1,gg!,ONE,,
3/12/2023 20:15:03,Russell S - rstad#89052,Christopher S - Stemz#96067,2-1,,1,,ONE,,
3/12/2023 20:26:46,Johnny M - Johnny#69519,Zeke W - smarmyplatapus#30066,2-1,,1,,ONE,,
3/12/2023 20:46:24,Rafael F - Prudent#24319,Zeke W - smarmyplatapus#30066,2-0,,1,,ONE,,
3/12/2023 21:35:11,Nicholas K - Bionick#55161,Emmett F - Sepulchure#51526,2-0,,1,,ONE,,
3/12/2023 21:40:50,Trevor F - treskies#75643,Johnny M - Johnny#69519,2-0,,1,,ONE,,
3/12/2023 22:08:38,Maranda L - BlackCanary#59791,Nicholas K - Bionick#55161,2-1,,1,,VOW,,
3/12/2023 22:35:22,Nicholas K - Bionick#55161,Christopher S - Stemz#96067,2-1,,1,,ONE,,
3/12/2023 22:41:49,Chris P - Joker01#66827,Emmett F - Sepulchure#51526,2-1,,1,,ONE,,
3/12/2023 23:10:42,Nicholas K - Bionick#55161,Cody-Rayce MG - Rayce#56572,2-1,,1,,ONE,,
3/12/2023 23:22:37,Chris P - Joker01#66827,Pierre-Marc D - pmduguay#67919,2-1,,1,,VOW,,
3/12/2023 23:51:14,Jeremy E - Lhurgoyf#37289,Nicholas K - Bionick#55161,2-1,,1,,SNC,,
3/12/2023 23:52:29,Cody-Rayce MG - Rayce#56572,Chris P - Joker01#66827,2-1,,1,ggs wp,ONE,,
3/13/2023 0:14:54,Cody-Rayce MG - Rayce#56572,Pierre-Marc D - pmduguay#67919,2-0,,1,ggs wp,VOW,,
3/13/2023 0:32:45,Emmett F - Sepulchure#51526,Cody-Rayce MG - Rayce#56572,2-0,,1,,ONE,,
3/13/2023 19:01:52,Dan A - BEATDOWNBRINGA#04779,Doug Co - daceris#24713,2-1,,1,,ONE,,
3/13/2023 19:29:10,Caleb G - Whynaut#28590,Cody-Rayce MG - Rayce#56572,2-0,,1,,NEO,,
3/13/2023 19:59:37,Caleb G - Whynaut#28590,Nik S - njsiii#50504,2-1,,1,,ONE,,
3/13/2023 20:47:12,John P - gokuorgohome#51511,Chris R - Sinkwater#27508,2-0,,1,,ONE,,
3/13/2023 20:47:59,Adam S - Wizma#29010,Nik S - njsiii#50504,2-0,,1,Good games ,ONE,,
3/13/2023 21:34:05,Rafael F - Prudent#24319,Nik S - njsiii#50504,2-0,,1,,ONE,,
3/13/2023 22:36:29,Trevor F - treskies#75643,Maxime R - Tasigurr#89921,2-1,,1,,ONE,,
3/13/2023 22:43:17,Adam S - Wizma#29010,Sean S - UnknownThursday#95034,2-1,,1,ONE’s almost over lol,ONE,,
3/13/2023 23:02:24,Chris P - Joker01#66827,Noah B - Sisco#71800,2-0,,1,,BRO,,
3/13/2023 23:25:48,Mitchel S - SpaghettiMitch#18619,Chris P - Joker01#66827,2-0,,1,,ONE,,
3/13/2023 23:58:52,Mitchel S - SpaghettiMitch#18619,Noah B - Sisco#71800,2-0,,1,,BRO,,
3/14/2023 15:39:43,John R - Ged#72302,Russell S - rstad#89052,2-1,,1,GGS,ONE,,
3/14/2023 18:02:18,Noah B - Sisco#71800,Amir A - HowDoesOneChoose#47480,2-1,,1,,ONE,,
3/14/2023 18:13:38,Nik S - njsiii#50504,Paul G - TheDragon#61289,2-1,,1,,ONE,,
3/14/2023 18:45:12,Shane K - Malfunktion#31013,Paul G - TheDragon#61289,2-1,,1,,ONE,,
3/14/2023 18:49:39,Noah B - Sisco#71800,Adam S - Wizma#29010,2-1,,1,GGz,ONE,,
3/14/2023 18:51:46,Mitchel S - SpaghettiMitch#18619,Ryan D - TheSlickness#10857,2-1,,1,,ONE,,
3/14/2023 19:28:51,Caleb G - Whynaut#28590,Shane K - Malfunktion#31013,2-1,,1,,ONE,,
3/14/2023 21:39:27,Rafael F - Prudent#24319,Daniel G - FriskyHobbit#43185,2-1,,1,,ONE,,
3/14/2023 23:43:42,Rafael F - Prudent#24319,Mitchel S - SpaghettiMitch#18619,2-1,,1,,ONE,,
3/15/2023 1:00:03,Sean S - UnknownThursday#95034,Mitchel S - SpaghettiMitch#18619,2-1,,1,,ONE,,
3/15/2023 13:35:36,Krzys H - FaceBeardMcBeard#24731,Chris P - Joker01#66827,2-1,,1,,ONE,,
3/15/2023 14:11:32,Krzys H - FaceBeardMcBeard#24731,Sylvain T - Iquitos#15484,2-0,,1,,ONE,,
3/15/2023 15:02:23,Caleb G - Whynaut#28590,Zeke W - smarmyplatapus#30066,2-0,,1,,ONE,,
3/15/2023 15:22:10,Zeke W - smarmyplatapus#30066,Lee B - MagicMorningBrew#76946,2-0,,1,,ONE,,
3/15/2023 15:46:22,Caleb G - Whynaut#28590,Lee B - MagicMorningBrew#76946,2-0,,1,,ONE,,
3/15/2023 16:04:57,Noah B - Sisco#71800,Krzys H - FaceBeardMcBeard#24731,2-1,,1,,ONE,,
3/15/2023 20:29:25,Jordan M - JMTron#46639,Noah B - Sisco#71800,2-0,,1,,BRO,,
3/15/2023 22:23:10,Nik S - njsiii#50504,Maranda L - BlackCanary#59791,2-0,,1,,ONE,,
3/15/2023 22:59:48,Adam S - Wizma#29010,Maranda L - BlackCanary#59791,2-1,,1,You're free of ONE! GGs,ONE,,
3/16/2023 0:10:02,Kyle C - AFKyle#29319,Sean S - UnknownThursday#95034,2-1,,1,,ONE,,
3/16/2023 0:58:51,Jordan M - JMTron#46639,Kyle C - AFKyle#29319,2-0,,1,,ONE,,
3/16/2023 13:05:50,Mason G - bear6875#02260,Patrick M - FullestJ#22936,2-0,,1,,ONE,,
3/16/2023 14:55:20,Shane K - Malfunktion#31013,Doug Co - daceris#24713,2-0,,1,,ONE,,
3/16/2023 16:09:31,Shane K - Malfunktion#31013,Amir A - HowDoesOneChoose#47480,2-0,,1,,ONE,,
3/16/2023 21:09:38,Russell S - rstad#89052,Mike G - eatmecompletely#43399,2-0,,1,kaito!,ONE,,
3/16/2023 23:39:34,Noah B - Sisco#71800,Steve T - strout#45062,2-1,,1,GGs,ONE,,
3/17/2023 0:10:25,Kyle C - AFKyle#29319,Steve T - strout#45062,2-1,,1,,ONE,,
3/17/2023 0:21:49,Sylvain T - Iquitos#15484,Shane K - Malfunktion#31013,2-1,,1,,ONE,,
3/17/2023 0:35:38,Kyle C - AFKyle#29319,Tim M - Ancra#27039,2-1,,1,,ONE,,
3/17/2023 0:59:17,Kyle C - AFKyle#29319,Sylvain T - Iquitos#15484,2-0,,1,,ONE,,
3/17/2023 11:55:08,James T - RevisedIsland#19780,John R - Ged#72302,2-1,,1,,ONE,,
3/17/2023 12:27:02,Doug Co - daceris#24713,James T - RevisedIsland#19780,2-1,,1,,ONE,,
3/17/2023 13:56:24,James T - RevisedIsland#19780,Russell S - rstad#89052,2-1,,1,,ONE,,
3/17/2023 14:23:44,Emmett F - Sepulchure#51526,James T - RevisedIsland#19780,2-0,,1,,ONE,,
3/17/2023 16:56:00,Adam S - Wizma#29010,Chris R - Sinkwater#27508,2-1,,1,DOUBLE SILEX!!,ONE,,
3/17/2023 17:32:46,John P - gokuorgohome#51511,Caleb G - Whynaut#28590,2-1,,1,Basic Island?,ONE,,
3/17/2023 17:44:52,Tim M - Ancra#27039,Emmett F - Sepulchure#51526,2-0,,1,,ONE,,
3/17/2023 17:46:01,Eric S - Smitte#94855,John R - Ged#72302,2-0,,1,,ONE,,
3/17/2023 17:56:19,Justin P - Code Pigeon#84057,Nik S - njsiii#50504,2-0,,1,,ONE,,
3/17/2023 18:02:04,Caleb G - Whynaut#28590,Dan A - BEATDOWNBRINGA#04779,2-0,,1,,ONE,,
3/17/2023 18:14:39,Jordan M - JMTron#46639,Justin P - Code Pigeon#84057,2-0,,1,,NEO,,
3/17/2023 18:26:48,Paul G - TheDragon#61289,Damian S - ButCrackMagic#71223,2-0,,1,,ONE,,
3/17/2023 18:49:07,Justin P - Code Pigeon#84057,Jesse R - Zephaer#38941,2-1,,1,,ONE,,
3/17/2023 19:01:26,Damian S - ButCrackMagic#71223,Caleb G - Whynaut#28590,2-1,,1,,ONE,,
3/17/2023 19:20:59,Paul G - TheDragon#61289,Doug Co - daceris#24713,2-1,,1,,ONE,,
3/17/2023 19:22:16,Dan A - BEATDOWNBRINGA#04779,Justin P - Code Pigeon#84057,2-0,,1,,NEO,,
3/17/2023 19:39:24,Dan A - BEATDOWNBRINGA#04779,Damian S - ButCrackMagic#71223,2-0,,1,,ONE,,
3/17/2023 19:42:08,Russell S - rstad#89052,Jesse R - Zephaer#38941,2-0,,1,,ONE,,
3/17/2023 20:45:06,Damian S - ButCrackMagic#71223,Nicholas K - Bionick#55161,2-0,,1,,ONE,,
3/17/2023 23:34:54,Damian S - ButCrackMagic#71223,Rafael F - Prudent#24319,2-0,,1,,ONE,,
3/18/2023 0:40:56,Eric S - Smitte#94855,Chris P - Joker01#66827,2-1,,1,,ONE,,
3/18/2023 1:18:38,Trevor F - treskies#75643,Jeremy E - Lhurgoyf#37289,2-1,,1,,ONE,,
3/18/2023 10:33:58,Caleb G - Whynaut#28590,Paul G - TheDragon#61289,2-1,,1,,ONE,,
3/18/2023 11:05:20,Pierre-Marc D - pmduguay#67919,Paul G - TheDragon#61289,2-1,,1,,ONE,,
3/18/2023 11:45:57,Pierre-Marc D - pmduguay#67919,Caleb G - Whynaut#28590,2-1,,1,,ONE,,
3/18/2023 13:24:13,Rafael F - Prudent#24319,Serge T - Sergyboy514#39979,2-0,,1,,ONE,,
3/18/2023 13:58:35,Jordan M - JMTron#46639,Russell S - rstad#89052,2-0,,1,,ONE,,
3/18/2023 15:05:52,Trevor F - treskies#75643,Russell S - rstad#89052,2-1,,1,,ONE,,
3/18/2023 15:28:37,Rafael F - Prudent#24319,Jordan M - JMTron#46639,2-1,,1,,ONE,,
3/18/2023 15:43:42,Trevor F - treskies#75643,Shuo L - Tamamo#30654,2-1,,1,,ONE,,
3/18/2023 16:40:56,Jordan M - JMTron#46639,Noah B - Sisco#71800,2-1,,1,,BRO,,
3/18/2023 18:11:02,Shuo L - Tamamo#30654,Noah B - Sisco#71800,2-1,,1,,BRO,,
3/18/2023 22:26:40,Eric S - Smitte#94855,Steve T - strout#45062,2-0,,1,,ONE,,
3/19/2023 0:08:49,Eric S - Smitte#94855,Jeremy E - Lhurgoyf#37289,2-0,,1,,ONE,,
3/19/2023 0:31:18,Maxime R - Tasigurr#89921,Aaron H - UlamogOurSaviour#56444,2-1,,1,,ONE,,
3/19/2023 0:35:02,Jeremy E - Lhurgoyf#37289,Rafael F - Prudent#24319,2-1,,1,,ONE,,
3/19/2023 0:52:47,Justin P - Code Pigeon#84057,Maxime R - Tasigurr#89921,2-0,,1,,ONE,,
3/19/2023 1:23:18,Rafael F - Prudent#24319,Maxime R - Tasigurr#89921,2-1,,1,,ONE,,
3/19/2023 10:50:48,Ryan D - TheSlickness#10857,John P - gokuorgohome#51511,2-1,,1,,ONE,,
3/19/2023 11:36:02,Aaron H - UlamogOurSaviour#56444,Jeremy E - Lhurgoyf#37289,2-0,,1,,ONE,,
3/19/2023 12:00:06,Ryan D - TheSlickness#10857,Aaron H - UlamogOurSaviour#56444,2-0,,1,,ONE,,
3/19/2023 12:50:48,Ryan D - TheSlickness#10857,Tim M - Ancra#27039,2-0,,1,,ONE,,
3/19/2023 13:27:20,John P - gokuorgohome#51511,Cody-Rayce MG - Rayce#56572,2-0,,1,,ONE,,
3/19/2023 13:30:11,Jordan M - JMTron#46639,Tim M - Ancra#27039,2-0,,1,,ONE,,
3/19/2023 13:56:09,John P - gokuorgohome#51511,Emmett F - Sepulchure#51526,2-0,,1,,ONE,,
3/19/2023 16:16:09,Serge T - Sergyboy514#39979,Jesse R - Zephaer#38941,2-0,,1,,ONE,,
3/19/2023 16:42:03,Dan A - BEATDOWNBRINGA#04779,Jesse R - Zephaer#38941,2-0,,1,,ONE,,
3/19/2023 16:42:29,Chris R - Sinkwater#27508,Shuo L - Tamamo#30654,2-1,,1,,ONE,,
3/19/2023 17:30:15,Jesse R - Zephaer#38941,Sawyer T - soyboy#35469,2-1,,1,,ONE,,
3/19/2023 17:40:49,Chris R - Sinkwater#27508,Russell S - rstad#89052,2-0,,1,,ONE,,
3/19/2023 18:01:44,Dan A - BEATDOWNBRINGA#04779,Sawyer T - soyboy#35469,2-0,,1,,ONE,,
3/19/2023 19:00:36,Adam S - Wizma#29010,Trevor F - treskies#75643,2-1,,1,Great games,ONE,,
3/19/2023 19:46:28,Mitchel S - SpaghettiMitch#18619,Trevor F - treskies#75643,2-0,,1,,ONE,,
3/19/2023 20:19:19,Mitchel S - SpaghettiMitch#18619,Zeke W - smarmyplatapus#30066,2-0,,1,,ONE,,
3/19/2023 22:27:09,Emmett F - Sepulchure#51526,Krzys H - FaceBeardMcBeard#24731,2-1,,1,,ONE,,
3/20/2023 12:26:33,Cody-Rayce MG - Rayce#56572,Adam S - Wizma#29010,2-0,,1,gggggssssss,ONE,,
3/20/2023 13:08:49,Aaron H - UlamogOurSaviour#56444,Adam S - Wizma#29010,2-1,,1,,ONE,,
3/20/2023 14:55:51,Pierre-Marc D - pmduguay#67919,Noah B - Sisco#71800,2-0,,1,,ONE,,
3/20/2023 15:53:41,Aaron H - UlamogOurSaviour#56444,Serge T - Sergyboy514#39979,2-1,,1,,ONE,,
3/20/2023 17:05:30,Jake C - the_man_mulcahey#74753,Shuo L - Tamamo#30654,2-1,,1,,ONE,,
3/20/2023 17:36:15,Chris R - Sinkwater#27508,Serge T - Sergyboy514#39979,2-0,,1,,ONE,,
3/20/2023 18:10:31,Anthony S - Kingboars#88381,Cody-Rayce MG - Rayce#56572,2-1,,1,,ONE,,
3/20/2023 19:31:06,Sawyer T - soyboy#35469,John P - gokuorgohome#51511,2-0,,1,,ONE,,
3/20/2023 20:35:57,Chris R - Sinkwater#27508,Mason G - bear6875#02260,2-0,,1,,ONE,,
3/20/2023 21:00:26,Ryan D - TheSlickness#10857,Cody-Rayce MG - Rayce#56572,2-0,,1,,ONE,,
3/20/2023 22:26:23,Cody-Rayce MG - Rayce#56572,Zeke W - smarmyplatapus#30066,2-1,,1,ggs no stumble,ONE,,
3/21/2023 13:40:37,Pierre-Marc D - pmduguay#67919,Jake C - the_man_mulcahey#74753,2-0,,1,,ONE,,
3/21/2023 16:14:09,Anthony S - Kingboars#88381,Emmett F - Sepulchure#51526,2-1,,1,,ONE,,
3/21/2023 17:15:24,Shuo L - Tamamo#30654,Anthony S - Kingboars#88381,2-1,,1,,ONE,,
3/21/2023 18:01:26,Chris R - Sinkwater#27508,Noah B - Sisco#71800,2-1,,1,,ONE,,
3/21/2023 21:07:08,Chris R - Sinkwater#27508,Kyle C - AFKyle#29319,2-0,,1,,ONE,,
3/21/2023 22:30:50,Ryan D - TheSlickness#10857,Mitchel S - SpaghettiMitch#18619,2-0,,1,,ONE,,
3/21/2023 23:49:35,Sawyer T - soyboy#35469,Mitchel S - SpaghettiMitch#18619,2-1,,1,,ONE,,
3/22/2023 11:14:09,Pierre-Marc D - pmduguay#67919,Adam S - Wizma#29010,2-1,,1,,ONE,,
3/22/2023 18:16:46,Adam S - Wizma#29010,Christopher S - Stemz#96067,2-1,,1,Thrun Vs sword!,ONE,,
3/22/2023 19:00:38,Jake C - the_man_mulcahey#74753,Christopher S - Stemz#96067,2-1,,1,Insane final game,ONE,,
3/23/2023 13:37:54,Eric S - Smitte#94855,Sawyer T - soyboy#35469,2-0,,1,,ONE,,
3/23/2023 14:35:03,Mitchel S - SpaghettiMitch#18619,Jake C - the_man_mulcahey#74753,2-0,,1,elim match,ONE,,
3/24/2023 14:05:22,Doug Co - daceris#24713,Mason G - bear6875#02260,2-1,,1,ggs!,ONE,,
3/24/2023 17:27:01,John P - gokuorgohome#51511,Shuo L - Tamamo#30654,2-1,,1,,ONE,,
3/24/2023 17:36:32,Cody-Rayce MG - Rayce#56572,Sawyer T - soyboy#35469,2-1,,1,ggs mana rip :(,BRO,,
3/24/2023 17:55:06,Dan A - BEATDOWNBRINGA#04779,John P - gokuorgohome#51511,2-1,,1,,ONE,,
3/24/2023 18:17:24,Adam S - Wizma#29010,Trevor F - treskies#75643,2-1,,1,Great games! ,ONE,,
3/24/2023 18:21:37,Jordan M - JMTron#46639,Dan A - BEATDOWNBRINGA#04779,2-0,,1,,ONE,,
3/24/2023 18:42:59,Cody-Rayce MG - Rayce#56572,Trevor F - treskies#75643,2-1,,1,ggs mana ;_;,ONE,,
3/24/2023 18:57:41,Cody-Rayce MG - Rayce#56572,Anthony S - Kingboars#88381,2-0,,1,ggs wp,MID,,
3/24/2023 19:25:52,Mitchel S - SpaghettiMitch#18619,Caleb G - Whynaut#28590,2-0,,1,12-1 ggs!,ONE,,
3/24/2023 21:02:49,Pierre-Marc D - pmduguay#67919,Ryan D - TheSlickness#10857,2-0,,1,,ONE,,
3/24/2023 21:37:36,Pierre-Marc D - pmduguay#67919,Aaron H - UlamogOurSaviour#56444,2-1,,1,,ONE,,
3/24/2023 22:56:44,Justin P - Code Pigeon#84057,Ryan D - TheSlickness#10857,2-0,,1,,VOW,,
3/24/2023 22:59:46,Trevor F - treskies#75643,Mitchel S - SpaghettiMitch#18619,2-1,,1,,ONE,,
3/24/2023 23:33:05,Adam S - Wizma#29010,Aaron H - UlamogOurSaviour#56444,2-1,,1,Sorry! 3 non games! See you next League!,ONE,,
3/24/2023 23:51:49,Justin P - Code Pigeon#84057,Rafael F - Prudent#24319,2-0,,1,,ONE,,
3/25/2023 1:08:52,Damian S - ButCrackMagic#71223,Rafael F - Prudent#24319,2-0,,1,,ONE,,
3/25/2023 2:21:42,Jesse R - Zephaer#38941,Rafael F - Prudent#24319,2-1,,1,,ONE,,
3/25/2023 11:35:47,Rafael F - Prudent#24319,Chris R - Sinkwater#27508,2-0,,1,,ONE,,
3/25/2023 12:44:30,Cody-Rayce MG - Rayce#56572,Serge T - Sergyboy514#39979,2-1,,1,ggs wp,MID,,
3/25/2023 13:57:34,Jesse R - Zephaer#38941,Chris R - Sinkwater#27508,2-0,,1,,ONE,,
3/25/2023 16:28:04,Trevor F - treskies#75643,Damian S - ButCrackMagic#71223,2-1,,1,,ONE,,
3/25/2023 17:43:56,Cody-Rayce MG - Rayce#56572,Eric S - Smitte#94855,2-0,,1,ggs buddy!,MID,,
3/25/2023 20:48:24,Pierre-Marc D - pmduguay#67919,Damian S - ButCrackMagic#71223,2-0,,1,,ONE,,
3/25/2023 23:01:39,Trevor F - treskies#75643,Rafael F - Prudent#24319,2-1,,1,,ONE,,
3/26/2023 0:42:15,Justin P - Code Pigeon#84057,Jordan M - JMTron#46639,2-0,,1,,ONE,,
3/26/2023 14:00:44,Jordan M - JMTron#46639,Pierre-Marc D - pmduguay#67919,2-0,,1,,VOW,,
3/26/2023 14:20:30,Jesse R - Zephaer#38941,Pierre-Marc D - pmduguay#67919,2-0,,1,,ONE,,
3/26/2023 14:58:00,Jordan M - JMTron#46639,Adam S - Wizma#29010,2-0,,1,,ONE,,
3/26/2023 23:11:09,Jordan M - JMTron#46639,Ryan D - TheSlickness#10857,2-1,,1,,ONE,,
3/27/2023 14:56:06,Justin P - Code Pigeon#84057,Jesse R - Zephaer#38941,2-1,,1,,ONE,,
3/27/2023 22:31:21,Ryan D - TheSlickness#10857,Damian S - ButCrackMagic#71223,2-0,,1,"Respect, tough spot to finish",ONE,,
3/29/2023 15:30:24,Jesse R - Zephaer#38941,Ryan D - TheSlickness#10857,2-1,,1,,ONE,,