Timestamp,Winner Name,Loser Name,Result,Punishment Pack,Pack Generated,Notes,Messaged?,Was this match a Duel?
,,,,,,,,
,,,,,,,,
,,,,,,,,
,,,,,,,,
,,,,,,,,
,,,,,,,,
,,,,,,,,
4/26/2024 17:11:49,Johnny M - Johnny#69519,John P - gokuorgohome#51511,2-1,,1,,1,Yes
4/26/2024 17:14:40,Emmett F - Sepulchure#51526,Cédric L - Hota#65816,2-1,,1,,1,Yes
4/26/2024 17:18:04,Chris Y - Yorke on Games#66909,Wei C - Azayaka#83352,2-1,,1,Took excessive delight in my mull to 4!,1,No
4/26/2024 17:21:17,Dustin D - Bloone#16018,Matthias H - Rezreh#11308,2-0,,1,Yeehaw!!!,1,Yes
4/26/2024 17:28:37,Ryan D - TheSlickness#10857,Bryan G - Fedaykin98#12204,2-0,,1,Welcome to town partner,1,No
4/26/2024 17:30:53,Dan A - BEATDOWNBRINGA#04779,Lotte P - Lotte #93345,2-0,,1,,1,No
4/26/2024 17:31:37,Wyatt C - hotdolphin#30769,Chris R - Sinkwater#27508,2-0,,1,,1,No
4/26/2024 17:44:46,Paul G - TheDragon#61289,Emmett F - Sepulchure#51526,2-1,,1,,1,Yes
4/26/2024 17:49:29,Duncan M - RobRoyDuncan#16652,Daniel S - Obitus#54120,2-1,,1,,1,No
4/26/2024 17:53:52,Jackson M - Valinthronix#93988,Cédric L - Hota#65816,2-1,,1,,1,Yes
4/26/2024 17:54:26,Jack H - Rakic#98298,Nick A - Nistar#14127,2-0,,1,,1,No
4/26/2024 17:57:02,Zeke W - smarmyplatapus#30066,Matthias H - Rezreh#11308,2-1,,1,ggs!,1,Yes
4/26/2024 18:05:48,John P - gokuorgohome#51511,Chris Y - Yorke on Games#66909,2-1,,1,take em to the sherrif this criminal is caught,1,No
4/26/2024 18:13:05,Jack H - Rakic#98298,Nicholas K - Bionick#55161,2-0,,1,,1,No
4/26/2024 18:18:25,Maranda L - BlackCanary#59791,Alexis M - Alexsfly#67052,2-0,,1,,1,No
4/26/2024 18:18:43,Dan A - BEATDOWNBRINGA#04779,Ryan D - TheSlickness#10857,2-1,,1,,1,No
4/26/2024 18:30:35,Thomas C - jamberine#68248,Chris R - Sinkwater#27508,2-0,,1,,1,No
4/26/2024 18:33:45,Cédric L - Hota#65816,Daniel S - Obitus#54120,2-0,,1,Companion :>,1,No
4/26/2024 18:49:10,Evan C - PeasOfCrab#00133,Chris O - Chriso91#46230,2-1,,1,,1,No
4/26/2024 18:58:25,Thomas C - jamberine#68248,Chris Y - Yorke on Games#66909,2-1,,1,,1,No
4/26/2024 18:59:11,Bryan G - Fedaykin98#12204,John P - gokuorgohome#51511,2-1,,1,John is super cool & good looking!,1,No
4/26/2024 19:03:49,Cédric L - Hota#65816,Chris D - Stereolab#37691,2-0,,1,,1,No
4/26/2024 19:03:56,Wei C - Azayaka#83352,Nick A - Nistar#14127,2-1,,1,,1,No
4/26/2024 19:08:29,Jackson M - Valinthronix#93988,Julian K - Citizen_Snippies#31245,2-1,,1,,1,No
4/26/2024 19:30:42,Alexis M - Alexsfly#67052,Cédric L - Hota#65816,2-1,,1,,1,No
4/26/2024 19:32:49,Shuo L - Tamamo#30654,Jackson M - Valinthronix#93988,2-1,,1,,1,Yes
4/26/2024 19:32:52,Wyatt C - hotdolphin#30769,Evan C - PeasOfCrab#00133,2-1,,1,,1,No
4/26/2024 19:34:19,Chris Y - Yorke on Games#66909,Christopher G - oompaloompa#65002,2-0,,1,Sphinx Crossing!!,1,No
4/26/2024 19:35:30,Kevin I - kni1993#29285,John P - gokuorgohome#51511,2-0,,1,,1,No
4/26/2024 19:39:18,Duncan M - RobRoyDuncan#16652,Wei C - Azayaka#83352,2-0,,1,,1,No
4/26/2024 19:55:33,Alexis M - Alexsfly#67052,Johnny M - Johnny#69519,2-0,,1,,1,No
4/26/2024 20:15:18,Evan C - PeasOfCrab#00133,Sawyer T - soyboy#35469,2-0,,1,,1,No
4/26/2024 20:26:28,Alexis M - Alexsfly#67052,Cody-Rayce MG - Rayce#56572,2-0,,1,,1,No
4/26/2024 20:29:04,Evan C - PeasOfCrab#00133,Juan Q - JuanCu#95616,2-0,,1,,1,No
4/26/2024 20:34:19,Mathieu D - madmat46#11537,Johnny M - Johnny#69519,2-1,,1,,1,No
4/26/2024 20:52:05,Jackson M - Valinthronix#93988,Christopher G - oompaloompa#65002,2-1,,1,roxannnnne don't take my man,1,No
4/26/2024 21:08:14,Johnny M - Johnny#69519,Dustin D - Bloone#16018,2-1,,1,,1,Yes
4/26/2024 21:22:55,Matt K - KirbyKong#37457,Kevin I - kni1993#29285,2-1,,1,ggs,1,No
4/26/2024 21:32:26,Bob P - HIT#08120,Christopher G - oompaloompa#65002,2-1,,1,ggs!,1,No
4/26/2024 21:33:04,Mathieu D - madmat46#11537,Christian L - xXalpineXx#54284,2-0,,1,,1,No
4/26/2024 21:33:34,Jackson M - Valinthronix#93988,Juan Q - JuanCu#95616,2-1,,1,,1,No
4/26/2024 22:02:12,Bob P - HIT#08120,Duncan M - RobRoyDuncan#16652,2-1,,1,,1,No
4/26/2024 22:02:40,Caleb G - Whynaut#28590,Christopher G - oompaloompa#65002,2-1,,1,,1,Yes
4/26/2024 22:14:13,Kevin I - kni1993#29285,Dan H - dan12456#37617,2-1,,1,,1,No
4/26/2024 22:26:17,Christopher G - oompaloompa#65002,Shuo L - Tamamo#30654,2-0,,1,,1,Yes
4/26/2024 22:33:00,Bob P - HIT#08120,Wyatt C - hotdolphin#30769,2-1,,1,,1,No
4/26/2024 22:56:04,Jordan M - JMTron#46639,Dan H - dan12456#37617,2-0,,1,,1,No
4/26/2024 23:00:15,Steve T - strout#45062,Bob P - HIT#08120,2-1,,1,GGs!,1,No
4/26/2024 23:10:48,Evan C - PeasOfCrab#00133,Daniel S - Obitus#54120,2-0,,1,,1,No
4/26/2024 23:27:34,Bob P - HIT#08120,Chris O - Chriso91#46230,2-1,,1,,1,No
4/26/2024 23:43:47,Bryan G - Fedaykin98#12204,Steve T - strout#45062,2-0,,1,Steve is awesome!,1,No
4/26/2024 23:56:01,Chris O - Chriso91#46230,Daniel S - Obitus#54120,2-1,,1,,1,No
4/27/2024 0:07:36,Evan L - Evan#97713,Ryan M - rrrn22#32842,2-0,,1,,1,No
4/27/2024 0:15:31,MItchel S - SpaghettiMitch#18619,Sylvain T - Iquitos#15484,2-0,,1,10hp goes fast!,1,Yes
4/27/2024 0:30:41,Bryan G - Fedaykin98#12204,Evan L - Evan#97713,2-0,,1,"Evan is a cool, cool rider!",1,No
4/27/2024 0:32:04,James M - Sol_Ring#09384,Jeremy E - Lhurgoyf#37289,2-0,,1,,1,No
4/27/2024 0:34:08,MItchel S - SpaghettiMitch#18619,Daniel S - Obitus#54120,2-0,,1,,1,No
4/27/2024 0:39:03,Chris O - Chriso91#46230,Sawyer T - soyboy#35469,2-1,,1,,1,No
4/27/2024 0:51:48,Jack H - Rakic#98298,MItchel S - SpaghettiMitch#18619,2-0,,1,,1,Yes
4/27/2024 1:20:40,Bryan G - Fedaykin98#12204,James M - Sol_Ring#09384,2-1,,1,Crazy close matches with a crazy cool dude!,1,No
4/27/2024 1:21:37,Chris O - Chriso91#46230,Jack H - Rakic#98298,2-0,,1,,1,Yes
4/27/2024 1:29:10,Jeremy E - Lhurgoyf#37289,Evan L - Evan#97713,2-0,,1,,1,No
4/27/2024 1:51:45,Will M - Hakei#28570,Jack H - Rakic#98298,2-0,,1,,1,No
4/27/2024 2:18:59,Will M - Hakei#28570,Matt K - KirbyKong#37457,2-0,,1,,1,No
4/27/2024 4:24:55,Will M - Hakei#28570,Matthias H - Rezreh#11308,2-1,,1,Opponent said my sheet pool was incorrect,1,No
4/27/2024 5:30:21,Matthias H - Rezreh#11308,Dave T - RestiveNebula#74573,2-0,,1,,1,No
4/27/2024 5:56:01,Paul G - TheDragon#61289,Matthias H - Rezreh#11308,2-0,,1,,1,No
4/27/2024 6:49:42,Wesley C - GigaVoltaic#11782,Dave T - RestiveNebula#74573,2-0,,1,,1,No
4/27/2024 7:21:01,Wesley C - GigaVoltaic#11782,Will M - Hakei#28570,2-0,,1,,1,No
4/27/2024 8:11:49,Will M - Hakei#28570,Alexandre GA - AGA#86404,2-0,,1,,1,No
4/27/2024 8:55:48,Nick A - Nistar#14127,Kevin I - kni1993#29285,2-1,,1,,1,No
4/27/2024 9:46:29,Dirk E - BegginBlue#16667,Rafael F - Prudent#24319,2-1,,1,,1,No
4/27/2024 10:08:15,Wesley C - GigaVoltaic#11782,Thomas C - jamberine#68248,2-1,,1,GGs!,1,No
4/27/2024 10:34:18,Luke G - Juno#19210,Nik S - njsiii#50504,2-0,,1,,1,No
4/27/2024 10:54:19,Alexandre GA - AGA#86404,Zeke W - smarmyplatapus#30066,2-1,,1,"Win with top deck 16/16 vigilance, haste, trample ",1,No
4/27/2024 10:55:46,Thomas C - jamberine#68248,Niko G - Thundertnuc#90488,2-0,,1,,1,No
4/27/2024 10:56:08,Nick A - Nistar#14127,James M - Sol_Ring#09384,2-1,,1,,1,No
4/27/2024 11:17:21,Nick A - Nistar#14127,Nik S - njsiii#50504,2-0,,1,,1,No
4/27/2024 11:34:52,Kevin I - kni1993#29285,Chris R - Sinkwater#27508,2-1,,1,,1,No
4/27/2024 11:56:45,Thomas C - jamberine#68248,Nik S - njsiii#50504,2-1,,1,,1,No
4/27/2024 12:33:57,Richard K - preacher26#59445,Nik S - njsiii#50504,2-1,,1,,1,No
4/27/2024 12:52:21,Joseph H - Sexcellence#51112,Nik S - njsiii#50504,2-0,,1,,1,No
4/27/2024 13:14:10,Caleb G - Whynaut#28590,Joseph H - Sexcellence#51112,2-0,,1,,1,No
4/27/2024 14:02:29,Jordan M - JMTron#46639,Caleb G - Whynaut#28590,2-1,,1,,1,No
4/27/2024 14:31:24,Wesley C - GigaVoltaic#11782,Mathieu L - Wayl0n#81231,2-1,,1,,1,No
4/27/2024 14:49:13,Julian K - Citizen_Snippies#31245,Juan Q - JuanCu#95616,2-0,,1,,1,No
4/27/2024 15:18:37,Caleb G - Whynaut#28590,Juan Q - JuanCu#95616,2-1,,1,,1,Yes
4/27/2024 15:43:57,Jordan M - JMTron#46639,Cody-Rayce MG - Rayce#56572,2-1,,1,,1,No
4/27/2024 16:18:48,Joseph H - Sexcellence#51112,Jordan M - JMTron#46639,2-1,,1,10 life might be a little too low,1,Yes
4/27/2024 16:49:30,Alexis M - Alexsfly#67052,Philip B - Plipster#75000,2-1,,1,,1,No
4/27/2024 16:54:05,Lotte P - Lotte #93345,Cody-Rayce MG - Rayce#56572,2-1,,1,,1,No
4/27/2024 17:09:54,Wesley C - GigaVoltaic#11782,Nick H - JetPilot#02453,2-0,,1,,1,No
4/27/2024 17:10:44,Joseph H - Sexcellence#51112,Cody-Rayce MG - Rayce#56572,2-0,,1,,1,Yes
4/27/2024 17:32:08,Chris R - Sinkwater#27508,Lotte P - Lotte #93345,2-1,,1,,1,No
4/27/2024 17:54:37,Dan A - BEATDOWNBRINGA#04779,Cody-Rayce MG - Rayce#56572,2-0,,1,,1,No
4/27/2024 18:05:21,Lotte P - Lotte #93345,Philip B - Plipster#75000,2-1,,1,,1,No
4/27/2024 19:36:56,Mathieu D - madmat46#11537,Joseph H - Sexcellence#51112,2-0,,1,,1,No
4/27/2024 19:56:48,Mathieu D - madmat46#11537,Chris R - Sinkwater#27508,2-0,,1,,1,No
4/27/2024 21:15:20,Ryan M - rrrn22#32842,Niko G - Thundertnuc#90488,2-1,,1,,1,No
4/27/2024 21:17:08,Nick H - JetPilot#02453,Matt K - KirbyKong#37457,2-1,,1,,1,No
4/27/2024 22:37:18,Rafael F - Prudent#24319,Wei C - Azayaka#83352,2-0,,1,,1,No
4/27/2024 22:48:48,Alexandre GA - AGA#86404,Zach L - Redwood#12970,2-1,,1,,1,No
4/27/2024 23:04:08,Zach L - Redwood#12970,Adam S - wizma#29010,2-0,,1,gg!,1,No
4/28/2024 0:05:41,Ryan M - rrrn22#32842,Steve T - strout#45062,2-1,,1,Amazing match all the way through! ggs,1,No
4/28/2024 0:22:29,Justin P - Code Pigeon#84057,Jeremy E - Lhurgoyf#37289,2-1,,1,,1,No
4/28/2024 0:49:23,Dan H - dan12456#37617,Ryan M - rrrn22#32842,2-0,,1,,1,No
4/28/2024 1:29:19,Jeremy E - Lhurgoyf#37289,Zach L - Redwood#12970,2-1,,1,,1,No
4/28/2024 2:21:21,Paul G - TheDragon#61289,Dirk E - BegginBlue#16667,2-0,,1,,1,Yes
4/28/2024 3:15:52,Dirk E - BegginBlue#16667,Luke G - Juno#19210,2-1,,1,,1,No
4/28/2024 9:36:16,Mathieu D - madmat46#11537,Rafael F - Prudent#24319,2-1,,1,,1,No
4/28/2024 10:18:11,Dan H - dan12456#37617,Paul G - TheDragon#61289,2-1,,1,,1,No
4/28/2024 11:39:38,Ryan M - rrrn22#32842,Matt K - KirbyKong#37457,2-1,,1,,1,No
4/28/2024 11:45:53,Joe T - elasticity#07466,Niko G - Thundertnuc#90488,2-1,,1,,1,No
4/28/2024 12:34:25,Dan H - dan12456#37617,Wyatt C - hotdolphin#30769,2-1,,,,1,No
4/28/2024 12:34:26,Lotte P - Lotte #93345,Emmett F - Sepulchure#51526,2-0,,1,,1,No
4/28/2024 12:38:59,Richard K - preacher26#59445,James Mc - fireball#69952,2-1,,1,,1,No
4/28/2024 12:50:57,Sawyer T - soyboy#35469,Zach L - Redwood#12970,2-0,,1,,1,Yes
4/28/2024 12:53:24,Matt K - KirbyKong#37457,Josh T - jathornton#23245,2-0,,1,,1,No
4/28/2024 13:49:39,Luke G - Juno#19210,Josh T - jathornton#23245,2-1,,1,,1,No
4/28/2024 14:53:21,James M - Sol_Ring#09384,John P - gokuorgohome#51511,2-1,,1,,1,No
4/28/2024 16:08:21,Nicholas K - Bionick#55161,Mike P - UnwieldyBiscuit#26471,2-0,,1,,1,No
4/28/2024 16:33:33,Wyatt C - hotdolphin#30769,Mike P - UnwieldyBiscuit#26471,2-1,,1,,1,No
4/28/2024 16:51:56,Maranda L - BlackCanary#59791,Dave T - RestiveNebula#74573,2-1,,1,,1,No
4/28/2024 18:26:16,Alexandre GA - AGA#86404,Mike P - UnwieldyBiscuit#26471,2-0,,1,,1,No
4/28/2024 19:32:43,Phillip M - Fat_kitty#63794,Emmett F - Sepulchure#51526,2-0,,1,Oko is kinda broken? who knew,1,No
4/28/2024 20:08:08,Rafael F - Prudent#24319,Edgar A - PlayfulTerror#04926,2-0,,1,Always a pleasure. Birds kinda went ham,1,No
4/28/2024 20:40:12,Christian L - xXalpineXx#54284,Niko G - Thundertnuc#90488,2-0,,1,,1,No
4/28/2024 21:01:49,Shuo L - Tamamo#30654,Alexis R - Lexabombtastic#98940,2-0,,1,,1,No
4/28/2024 21:28:48,Mathieu L - Wayl0n#81231,Nick W - Wheelo#89557,2-1,,1,,1,No
4/28/2024 21:52:51,Adam S - wizma#29010,Nick H - JetPilot#02453,2-0,,1,Great games! Welcome to the League!,1,No
4/28/2024 22:39:56,Reed P - bigfingsnake#86869,Julian K - Citizen_Snippies#31245,2-0,,1,,1,No
4/28/2024 23:02:50,Maranda L - BlackCanary#59791,Preston B - Vorbis#46420,2-0,,1,,1,No
4/28/2024 23:09:20,Joaquin E - DiabolicMachine#23891,Adam S - wizma#29010,2-1,,1,,1,No
4/28/2024 23:19:54,Sean Sp - Talrand#06333,Mike P - UnwieldyBiscuit#26471,2-1,,1,,1,Yes
4/28/2024 23:22:26,Reed P - bigfingsnake#86869,Alexis R - Lexabombtastic#98940,2-1,,1,,1,No
4/28/2024 23:35:34,Julian K - Citizen_Snippies#31245,Emmett F - Sepulchure#51526,2-0,,1,,1,No
4/29/2024 0:31:11,Evan L - Evan#97713,Sean Sp - Talrand#06333,2-1,,1,,1,No
4/29/2024 10:16:16,Daniel G - FriskyHobbit#43185,Dirk E - BegginBlue#16667,2-1,,1,,1,No
4/29/2024 11:58:51,Richard K - preacher26#59445,Phillip M - Fat_kitty#63794,2-1,,1,,1,No
4/29/2024 12:41:30,Eric S - smitte#94855,Joaquin E - DiabolicMachine#23891,2-0,,1,,1,No
4/29/2024 13:25:55,Eric S - smitte#94855,Phillip M - Fat_kitty#63794,2-1,,1,,1,No
4/29/2024 14:37:02,Eric S - smitte#94855,Danny S - Scout_#06819,2-1,,1,,1,No
4/29/2024 15:33:35,Eric S - smitte#94855,John R - Ged#72302,2-0,,1,,1,No
4/29/2024 16:31:59,Dirk E - BegginBlue#16667,John R - Ged#72302,2-1,,1,GGs,1,No
4/29/2024 16:42:07,Daniel G - FriskyHobbit#43185,Nick H - JetPilot#02453,2-0,,1,,1,No
4/29/2024 16:50:54,Dave T - RestiveNebula#74573,Danny S - Scout_#06819,2-0,,1,,1,No
4/29/2024 17:03:40,Philip B - Plipster#75000,Eric S - smitte#94855,2-1,,1,,1,No
4/29/2024 17:17:48,Jordan M - JMTron#46639,Wei C - Azayaka#83352,2-0,,1,,1,Yes
4/29/2024 17:39:01,Adam S - wizma#29010,Dave T - RestiveNebula#74573,2-0,,1,Great games! Welcome to the League!,1,No
4/29/2024 17:47:31,Philip B - Plipster#75000,Luke G - Juno#19210,2-0,,1,,1,No
4/29/2024 18:29:16,Philip B - Plipster#75000,Christian L - xXalpineXx#54284,2-1,,1,,1,No
4/29/2024 18:52:59,Christian L - xXalpineXx#54284,Justin P - Code Pigeon#84057,2-1,,1,,1,No
4/29/2024 19:17:13,Rafael F - Prudent#24319,Caleb G - Whynaut#28590,2-0,,1,Finally redeemed myself!,1,No
4/29/2024 19:27:10,James Mc - fireball#69952,Justin P - Code Pigeon#84057,2-0,,1,,1,No
4/29/2024 19:42:28,Edgar A - PlayfulTerror#04926,Christian L - xXalpineXx#54284,2-1,,1,GG's,1,No
4/29/2024 20:57:33,Justin P - Code Pigeon#84057,Luke G - Juno#19210,2-1,,1,,1,No
4/29/2024 20:58:45,Chris Y - Yorke on Games#66909,Adam S - wizma#29010,2-0,,1,Feature Match!!,1,No
4/29/2024 21:33:49,Justin P - Code Pigeon#84057,Chris D - Stereolab#37691,2-1,,1,,1,No
4/29/2024 21:58:33,Zeke W - smarmyplatapus#30066,Sawyer T - soyboy#35469,2-1,,1,ggs!,1,Yes
4/29/2024 22:04:25,Alexis R - Lexabombtastic#98940,Dan A - BEATDOWNBRINGA#04779,2-1,,1,,1,No
4/29/2024 22:31:33,Zeke W - smarmyplatapus#30066,Ron C - Lennor#52740,2-0,,1,,1,No
4/29/2024 22:42:50,Preston B - Vorbis#46420,Jeremy E - Lhurgoyf#37289,2-0,,1,,1,No
4/29/2024 22:49:00,Dan A - BEATDOWNBRINGA#04779,Mathieu L - Wayl0n#81231,2-0,,1,,1,No
4/29/2024 23:29:02,Mathieu L - Wayl0n#81231,Damian S - ButCrackMagic#71223,2-0,,1,,1,No
4/29/2024 23:46:48,Alexis R - Lexabombtastic#98940,Sean Sp - Talrand#06333,2-1,,1,,1,No
4/30/2024 8:26:17,Daniel G - FriskyHobbit#43185,Jaidin M - MnemonicDevice#38774,2-0,,1,,1,No
4/30/2024 10:02:28,Joaquin E - DiabolicMachine#23891,Jaidin M - MnemonicDevice#38774,2-1,,1,,1,No
4/30/2024 14:34:40,Paul S - YungChunk#45977,Richard K - preacher26#59445,2-1,,1,ggs!,1,No
4/30/2024 15:00:53,Thijn H - Thi-Jin#83537,Paul S - YungChunk#45977,2-0,,1,,1,No
4/30/2024 17:09:30,Alexandre GA - AGA#86404,Phillip M - Fat_kitty#63794,2-0,,1,,1,No
4/30/2024 17:20:01,Shuo L - Tamamo#30654,Danny S - Scout_#06819,2-1,,1,,1,No
4/30/2024 17:50:27,Nicholas K - Bionick#55161,James Mc - fireball#69952,2-0,,1,,1,No
4/30/2024 20:17:14,Lukas G - lukasaarong#09757,Evan L - Evan#97713,2-1,,1,,1,No
4/30/2024 20:20:03,Maranda L - BlackCanary#59791,Damian S - ButCrackMagic#71223,2-0,,1,,1,No
4/30/2024 20:46:38,Edgar A - PlayfulTerror#04926,Damian S - ButCrackMagic#71223,2-0,,1,GG's,1,No
4/30/2024 20:59:38,Ryan D - TheSlickness#10857,Maranda L - BlackCanary#59791,2-1,,1,,1,No
4/30/2024 21:24:34,Lukas G - lukasaarong#09757,Ryan D - TheSlickness#10857,2-1,,1,,1,No
4/30/2024 22:06:30,Michael M - Atombomb11991#07305,Lukas G - lukasaarong#09757,2-1,,1,,1,No
4/30/2024 22:27:31,Lukas G - lukasaarong#09757,Sawyer T - soyboy#35469,2-0,,1,,1,No
4/30/2024 22:56:38,MItchel S - SpaghettiMitch#18619,Michael M - Atombomb11991#07305,2-1,,1,,1,No
4/30/2024 22:59:42,Sean Sp - Talrand#06333,Nicholas K - Bionick#55161,2-0,,1,,1,No
4/30/2024 23:01:44,Lukas G - lukasaarong#09757,James M - Sol_Ring#09384,2-0,,1,,1,No
4/30/2024 23:49:35,Nicholas K - Bionick#55161,Damian S - ButCrackMagic#71223,2-0,,1,,1,No
5/1/2024 9:47:23,Daniel G - FriskyHobbit#43185,Thijn H - Thi-Jin#83537,2-1,,1,,1,No
5/1/2024 10:21:52,Thijn H - Thi-Jin#83537,Jaidin M - MnemonicDevice#38774,2-0,,1,,1,No
5/1/2024 11:03:03,Jaidin M - MnemonicDevice#38774,John R - Ged#72302,2-0,,1,,1,No
5/1/2024 12:24:38,Thijn H - Thi-Jin#83537,John R - Ged#72302,2-1,,1,,1,No
5/1/2024 13:04:08,Reed P - bigfingsnake#86869,Paul S - YungChunk#45977,2-0,,1,,1,No
5/1/2024 14:16:24,Reed P - bigfingsnake#86869,Thijn H - Thi-Jin#83537,2-0,,1,,1,No
5/1/2024 19:10:43,Reed P - bigfingsnake#86869,James Mc - fireball#69952,2-1,,1,,1,No
5/1/2024 19:47:47,Enrique O - Caex#39549,Edgar A - PlayfulTerror#04926,2-1,,1,,1,No
5/1/2024 20:49:22,James Mc - fireball#69952,Niko G - Thundertnuc#90488,2-1,,1,,1,No
5/1/2024 21:39:52,Ron C - Lennor#52740,Mathieu L - Wayl0n#81231,2-0,,1,,1,No
5/1/2024 21:47:45,MItchel S - SpaghettiMitch#18619,Enrique O - Caex#39549,2-1,,1,,1,No
5/1/2024 21:59:47,Josh T - jathornton#23245,Ron C - Lennor#52740,2-0,,1,,1,No
5/1/2024 22:14:58,Joaquin E - DiabolicMachine#23891,Riley A - slammajambrose#86597,2-0,,1,,1,No
5/1/2024 22:37:45,Steve T - strout#45062,Ryan D - TheSlickness#10857,2-1,,1,GGs!,1,Yes
5/1/2024 22:39:26,Phillip M - Fat_kitty#63794,Robert M - LaughItUp#38462,2-1,,1,Oko strikes again,1,No
5/1/2024 22:40:53,Zeke W - smarmyplatapus#30066,Preston B - Vorbis#46420,2-0,,1,ggs!,1,No
5/1/2024 23:32:17,Robert M - LaughItUp#38462,Josh T - jathornton#23245,2-0,,1,,1,No
5/1/2024 23:46:55,Preston B - Vorbis#46420,Robert M - LaughItUp#38462,2-0,,1,,1,No
5/2/2024 10:48:37,Duncan M - RobRoyDuncan#16652,Richard K - preacher26#59445,2-0,,1,,1,No
5/2/2024 11:11:25,Nick H - JetPilot#02453,Max K - Lenindner#14296,2-1,,1,,1,No
5/2/2024 12:51:29,Paul S - YungChunk#45977,Max K - Lenindner#14296,2-1,,1,ggs!,1,No
5/2/2024 13:29:26,Michael M - Atombomb11991#07305,Steve T - strout#45062,2-1,,1,,1,Yes
5/2/2024 14:42:18,Marley L - BeautyAndTheGitrog#98732,Max K - Lenindner#14296,2-1,,1,,1,No
5/2/2024 20:45:06,Alexis R - Lexabombtastic#98940,Edgar A - PlayfulTerror#04926,2-1,,1,,1,No
5/2/2024 21:36:08,Johnny M - Johnny#69519,Andrew M - Robespierre#01976,2-0,,1,,1,No
5/2/2024 22:26:22,Josh T - jathornton#23245,Andrew M - Robespierre#01976,2-1,,1,,1,No
5/2/2024 23:15:07,Chris D - Stereolab#37691,Robert M - LaughItUp#38462,2-0,,1,,1,No
5/2/2024 23:30:04,Preston B - Vorbis#46420,Sylvain T - Iquitos#15484,2-0,,1,,1,No
5/2/2024 23:43:59,Daniel G - FriskyHobbit#43185,Julian K - Citizen_Snippies#31245,2-1,,1,,1,No
5/2/2024 23:53:24,Chris D - Stereolab#37691,Paul S - YungChunk#45977,2-0,,1,,1,No
5/3/2024 0:16:06,Andrew M - Robespierre#01976,Sylvain T - Iquitos#15484,2-0,,1,,1,No
5/3/2024 2:58:53,Shuo L - Tamamo#30654,Demeow L - Demeow#40405,2-1,,1,,1,No
5/3/2024 9:05:13,Joe T - elasticity#07466,Marley L - BeautyAndTheGitrog#98732,2-1,,1,,1,No
5/3/2024 9:53:02,Joe T - elasticity#07466,Demeow L - Demeow#40405,2-1,,1,,1,No
5/3/2024 10:27:46,Enrique O - Caex#39549,Marley L - BeautyAndTheGitrog#98732,2-0,,1,,1,No
5/3/2024 12:02:30,Zach L - Redwood#12970,Riley A - slammajambrose#86597,2-0,,1,,1,No
5/3/2024 12:27:30,Duncan M - RobRoyDuncan#16652,Danny S - Scout_#06819,2-0,,1,,1,No
5/3/2024 13:26:45,Demeow L - Demeow#40405,Andrew M - Robespierre#01976,2-0,,1,,1,No
5/3/2024 14:44:20,Danny S - Scout_#06819,Joe T - elasticity#07466,2-0,,1,,1,No
5/3/2024 16:03:11,Joe T - elasticity#07466,Dustin D - Bloone#16018,2-0,,1,,1,No
5/3/2024 17:27:23,Matthias H - Rezreh#11308,Eric S - smitte#94855,2-1,,1,,1,Yes
5/3/2024 17:28:39,Dirk E - BegginBlue#16667,Paul G - TheDragon#61289,2-0,,1,,1,No
5/3/2024 17:54:04,Jack H - Rakic#98298,Duncan M - RobRoyDuncan#16652,2-1,,1,,1,No
5/3/2024 18:00:44,Sawyer T - soyboy#35469,Dirk E - BegginBlue#16667,2-1,,1,,1,No
5/3/2024 18:06:40,Chris Y - Yorke on Games#66909,Paul G - TheDragon#61289,2-1,,1,vs Plenty o' Rhinos,1,No
5/3/2024 18:41:49,Dan H - dan12456#37617,Chris Y - Yorke on Games#66909,2-0,,1,,1,No
5/3/2024 18:47:19,Sawyer T - soyboy#35469,Paul G - TheDragon#61289,2-0,,1,,1,No
5/3/2024 19:06:44,Nick H - JetPilot#02453,Daniel G - FriskyHobbit#43185,2-0,,1,,1,No
5/3/2024 19:36:36,Alexandre GA - AGA#86404,Chris Y - Yorke on Games#66909,2-0,,1,,1,No
5/3/2024 19:45:58,Philip B - Plipster#75000,Dustin D - Bloone#16018,2-1,,1,,1,No
5/3/2024 20:17:16,Philip B - Plipster#75000,Nicholas K - Bionick#55161,2-1,,1,,1,No
5/3/2024 20:19:36,Dustin D - Bloone#16018,Johnny M - Johnny#69519,2-1,,1,,1,No
5/3/2024 20:28:12,Wei C - Azayaka#83352,Dirk E - BegginBlue#16667,2-0,,1,,1,No
5/3/2024 20:37:19,Jordan M - JMTron#46639,Nicholas K - Bionick#55161,2-0,,1,,1,No
5/3/2024 21:05:33,Bob P - HIT#08120,Lotte P - Lotte #93345,2-1,,1,ggs!,1,Yes
5/3/2024 21:06:09,Philip B - Plipster#75000,Alexis R - Lexabombtastic#98940,2-1,,1,,1,No
5/3/2024 21:18:49,Dustin D - Bloone#16018,Nicholas K - Bionick#55161,2-1,,1,,1,No
5/3/2024 21:20:51,Caleb G - Whynaut#28590,Jackson M - Valinthronix#93988,2-1,,1,,1,Yes
5/3/2024 21:21:51,Jordan M - JMTron#46639,Daniel G - FriskyHobbit#43185,2-0,,1,,1,No
5/3/2024 21:41:31,Cody-Rayce MG - Rayce#56572,Daniel S - Obitus#54120,2-1,,1,ggs wp,1,No
5/3/2024 21:49:02,Bob P - HIT#08120,Caleb G - Whynaut#28590,2-1,,1,ggs!,1,Yes
5/3/2024 21:55:35,Nick W - Wheelo#89557,Wyatt C - hotdolphin#30769,2-1,,1,,1,No
5/3/2024 21:58:26,Chris O - Chriso91#46230,Johnny M - Johnny#69519,2-0,,1,,1,Yes
5/3/2024 22:02:05,Philip B - Plipster#75000,Evan C - PeasOfCrab#00133,2-1,,1,,1,No
5/3/2024 22:06:12,Jackson M - Valinthronix#93988,Alexandre GA - AGA#86404,2-0,,1,,1,Yes
5/3/2024 22:15:59,Cody-Rayce MG - Rayce#56572,Bob P - HIT#08120,2-0,,1,ggs!!,1,No
5/3/2024 22:19:58,Kevin I - kni1993#29285,Nick W - Wheelo#89557,2-0,,1,,1,No
5/3/2024 22:27:35,Dustin D - Bloone#16018,Daniel S - Obitus#54120,2-0,,1,,1,No
5/3/2024 22:30:17,Cody-Rayce MG - Rayce#56572,Evan C - PeasOfCrab#00133,2-0,,1,ggs,1,No
5/3/2024 22:30:46,Chris Y - Yorke on Games#66909,Alexis M - Alexsfly#67052,2-0,,1,New deck who dis?,1,No
5/3/2024 22:43:11,Philip B - Plipster#75000,Josh T - jathornton#23245,2-1,,1,,1,No
5/3/2024 22:51:29,Bob P - HIT#08120,Nick W - Wheelo#89557,2-0,,1,ggs!,1,No
5/3/2024 22:58:50,Evan C - PeasOfCrab#00133,Daniel S - Obitus#54120,2-1,,1,,1,No
5/3/2024 23:28:45,Josh T - jathornton#23245,Bob P - HIT#08120,2-1,,1,,1,No
5/3/2024 23:51:44,Evan C - PeasOfCrab#00133,Alexis M - Alexsfly#67052,2-1,,1,,1,No
5/3/2024 23:53:50,Chris D - Stereolab#37691,Sylvain T - Iquitos#15484,2-0,,1,,1,No
5/4/2024 0:02:22,Jordan M - JMTron#46639,Johnny M - Johnny#69519,2-0,,1,,1,Yes
5/4/2024 0:03:49,Paul G - TheDragon#61289,Daniel S - Obitus#54120,2-0,,1,,1,No
5/4/2024 0:31:37,Evan C - PeasOfCrab#00133,Chris D - Stereolab#37691,2-1,,1,,1,No
5/4/2024 0:42:11,Steve T - strout#45062,Jack H - Rakic#98298,2-1,,1,GGs!,1,No
5/4/2024 1:12:39,Chris D - Stereolab#37691,Daniel S - Obitus#54120,2-1,,1,,1,No
5/4/2024 1:45:02,Chris D - Stereolab#37691,Steve T - strout#45062,2-1,,1,,1,No
5/4/2024 2:00:13,Will M - Hakei#28570,Jack H - Rakic#98298,2-0,,1,,1,No
5/4/2024 3:05:09,Zeke W - smarmyplatapus#30066,Will M - Hakei#28570,2-1,,1,,1,No
5/4/2024 7:00:22,Demeow L - Demeow#40405,Luke G - Juno#19210,2-1,,1,,1,No
5/4/2024 7:58:55,Will M - Hakei#28570,Nik S - njsiii#50504,2-0,,1,,1,No
5/4/2024 8:05:58,Adam S - wizma#29010,Nick A - Nistar#14127,2-0,,1,"52 Card Stud! Laughing Jasper and a Railway Brawer couldn’t stop me, parner! Ggs welcome to the league!",1,Yes
5/4/2024 8:13:16,Alexandre GA - AGA#86404,Dirk E - BegginBlue#16667,2-1,,1,,1,No
5/4/2024 8:55:17,Nik S - njsiii#50504,Alexandre GA - AGA#86404,2-1,,1,,1,No
5/4/2024 9:16:18,Thomas C - jamberine#68248,Will M - Hakei#28570,2-1,,1,,1,No
5/4/2024 9:34:12,Thomas C - jamberine#68248,Mathieu D - madmat46#11537,2-0,,1,,1,No
5/4/2024 10:07:17,Will M - Hakei#28570,Emmett F - Sepulchure#51526,2-1,,1,,1,No
5/4/2024 11:14:34,Niko G - Thundertnuc#90488,Thomas C - jamberine#68248,2-0,,1,,1,No
5/4/2024 11:20:04,Wesley C - GigaVoltaic#11782,Paul G - TheDragon#61289,2-0,,1,GGs!,1,No
5/4/2024 11:56:14,Chris O - Chriso91#46230,Paul G - TheDragon#61289,2-1,,1,,1,No
5/4/2024 12:22:55,Thomas C - jamberine#68248,Bryan G - Fedaykin98#12204,2-1,,1,,1,No
5/4/2024 12:46:51,Thomas C - jamberine#68248,Wesley C - GigaVoltaic#11782,2-0,,1,,1,No
5/4/2024 12:52:48,Rafael F - Prudent#24319,Nick A - Nistar#14127,2-1,,1,,1,No
5/4/2024 13:48:40,Jeremy E - Lhurgoyf#37289,Matt K - KirbyKong#37457,2-0,,1,,1,No
5/4/2024 14:30:47,James M - Sol_Ring#09384,Duncan M - RobRoyDuncan#16652,2-0,,1,,1,Yes
5/4/2024 15:13:16,John P - gokuorgohome#51511,Cody-Rayce MG - Rayce#56572,2-1,,1,this game was great! ggs cody!,1,No
5/4/2024 15:21:20,Sawyer T - soyboy#35469,Alexis M - Alexsfly#67052,2-0,,1,,1,Yes
5/4/2024 15:30:29,Lotte P - Lotte #93345,Duncan M - RobRoyDuncan#16652,2-0,,1,,1,No
5/4/2024 16:26:47,Lotte P - Lotte #93345,Shuo L - Tamamo#30654,2-0,,1,,1,No
5/4/2024 17:05:35,Lotte P - Lotte #93345,James M - Sol_Ring#09384,2-0,,1,,1,Yes
5/4/2024 17:53:07,Nicholas K - Bionick#55161,Sean Sp - Talrand#06333,2-0,,1,,1,Yes
5/4/2024 18:03:30,Lotte P - Lotte #93345,Edgar A - PlayfulTerror#04926,2-0,,1,,1,No
5/4/2024 18:33:17,John P - gokuorgohome#51511,Jackson M - Valinthronix#93988,2-0,,1,,1,No
5/4/2024 18:37:38,Zeke W - smarmyplatapus#30066,Jack H - Rakic#98298,2-1,,1,,1,No
5/4/2024 20:31:58,Zeke W - smarmyplatapus#30066,Bryan G - Fedaykin98#12204,2-1,,1,Holy Cow!,1,No
5/4/2024 21:52:57,Kevin I - kni1993#29285,Mathieu D - madmat46#11537,2-0,,1,,1,No
5/4/2024 22:15:08,Dustin D - Bloone#16018,Chris O - Chriso91#46230,2-1,,1,,1,No
5/4/2024 22:37:48,Dustin D - Bloone#16018,Kevin I - kni1993#29285,2-0,,1,,1,No
5/4/2024 23:16:15,Josh T - jathornton#23245,Luke G - Juno#19210,2-1,,1,,1,No
5/4/2024 23:54:48,Bryan G - Fedaykin98#12204,Ryan M - rrrn22#32842,2-1,,1,"Ryan M, a gentleman and a scholar, gave me all I wanted!",1,No
5/5/2024 0:35:55,Luke G - Juno#19210,James M - Sol_Ring#09384,2-0,,1,,1,No
5/5/2024 1:03:46,Jeremy E - Lhurgoyf#37289,Sylvain T - Iquitos#15484,2-0,,1,,1,No
5/5/2024 1:11:58,Sawyer T - soyboy#35469,Jordan M - JMTron#46639,2-1,,1,,1,Yes
5/5/2024 8:38:54,John R - Ged#72302,Luke G - Juno#19210,2-1,,1,ggs!,1,No
5/5/2024 9:05:42,Michael M - Atombomb11991#07305,Max K - Lenindner#14296,2-1,,1,,1,No
5/5/2024 9:18:03,Thijn H - Thi-Jin#83537,Chris O - Chriso91#46230,2-1,,1,,1,No
5/5/2024 10:43:25,Thijn H - Thi-Jin#83537,Alexis M - Alexsfly#67052,2-1,,1,,1,No
5/5/2024 10:53:22,Chris O - Chriso91#46230,Matt K - KirbyKong#37457,2-0,,1,,1,No
5/5/2024 11:19:09,Thijn H - Thi-Jin#83537,Nick A - Nistar#14127,2-1,,1,,1,No
5/5/2024 12:03:59,Nick A - Nistar#14127,Kevin I - kni1993#29285,2-1,,1,,1,No
5/5/2024 13:07:37,Ryan M - rrrn22#32842,Cédric L - Hota#65816,2-0,,1,,1,No
5/5/2024 14:11:16,Cédric L - Hota#65816,Niko G - Thundertnuc#90488,2-1,,1,,1,No
5/5/2024 15:00:18,John P - gokuorgohome#51511,Dan H - dan12456#37617,2-0,,1,,1,No
5/5/2024 15:12:24,Matt K - KirbyKong#37457,Dustin D - Bloone#16018,2-0,,1,,1,No
5/5/2024 15:14:37,Matthias H - Rezreh#11308,Adam S - wizma#29010,2-0,,1,,1,Yes
5/5/2024 16:04:48,Cédric L - Hota#65816,Jeremy E - Lhurgoyf#37289,2-0,,1,,1,No
5/5/2024 16:20:45,Daniel G - FriskyHobbit#43185,Dan H - dan12456#37617,2-0,,1,,1,No
5/5/2024 16:35:13,Emmett F - Sepulchure#51526,Cédric L - Hota#65816,2-0,,1,,1,No
5/5/2024 17:17:25,Cédric L - Hota#65816,Alexis M - Alexsfly#67052,2-0,,1,,1,No
5/5/2024 17:47:23,Reed P - bigfingsnake#86869,Emmett F - Sepulchure#51526,2-1,,1,,1,No
5/5/2024 18:03:30,Dan H - dan12456#37617,Reed P - bigfingsnake#86869,2-0,,1,,1,No
5/5/2024 18:59:22,Mathieu D - madmat46#11537,Zeke W - smarmyplatapus#30066,2-1,,1,,1,No
5/5/2024 19:30:44,Mathieu D - madmat46#11537,Sawyer T - soyboy#35469,2-0,,1,,1,No
5/5/2024 20:14:29,Evan L - Evan#97713,Lukas G - lukasaarong#09757,2-0,,1,,1,No
5/5/2024 20:41:01,Matt K - KirbyKong#37457,Mathieu D - madmat46#11537,2-0,,1,,1,No
5/5/2024 20:55:56,Shuo L - Tamamo#30654,Maranda L - BlackCanary#59791,2-1,,1,,1,No
5/5/2024 20:59:27,Lukas G - lukasaarong#09757,Nick H - JetPilot#02453,2-0,,1,,1,No
5/5/2024 21:59:58,Phillip M - Fat_kitty#63794,Nick W - Wheelo#89557,2-1,,1,,1,No
5/5/2024 22:06:39,Jeremy E - Lhurgoyf#37289,Dan A - BEATDOWNBRINGA#04779,2-1,,1,,1,No
5/5/2024 22:24:05,Nicholas K - Bionick#55161,Mike P - UnwieldyBiscuit#26471,2-0,,1,,1,No
5/5/2024 22:46:01,Dan A - BEATDOWNBRINGA#04779,Ryan M - rrrn22#32842,2-0,,1,,1,No
5/5/2024 23:16:52,Dan H - dan12456#37617,Mike P - UnwieldyBiscuit#26471,2-1,,1,,1,No
5/5/2024 23:18:04,Lukas G - lukasaarong#09757,MItchel S - SpaghettiMitch#18619,2-1,,1,,1,No
5/6/2024 0:56:26,Zach L - Redwood#12970,Lukas G - lukasaarong#09757,2-0,,1,,1,No
5/6/2024 1:53:54,Shuo L - Tamamo#30654,Zach L - Redwood#12970,2-1,,1,,1,No
5/6/2024 3:41:16,Wei C - Azayaka#83352,Zach L - Redwood#12970,2-1,,1,,1,No
5/6/2024 4:45:52,Max K - Lenindner#14296,Wei C - Azayaka#83352,2-0,,1,GG,1,No
5/6/2024 9:10:41,Max K - Lenindner#14296,Dan A - BEATDOWNBRINGA#04779,2-1,,1,GGs,1,No
5/6/2024 9:31:41,Max K - Lenindner#14296,Wyatt C - hotdolphin#30769,2-0,,1,GG,1,No
5/6/2024 9:33:57,John P - gokuorgohome#51511,Dan A - BEATDOWNBRINGA#04779,2-0,,1,,1,No
5/6/2024 13:02:24,Thijn H - Thi-Jin#83537,John R - Ged#72302,2-1,,1,,1,No
5/6/2024 13:32:44,Richard K - preacher26#59445,Max K - Lenindner#14296,2-0,,1,,1,No
5/6/2024 13:35:56,Caleb G - Whynaut#28590,Eric S - smitte#94855,2-1,,1,There is no game 2,1,No
5/6/2024 15:26:37,Richard K - preacher26#59445,Eric S - smitte#94855,2-0,,1,,1,No
5/6/2024 16:19:50,Wyatt C - hotdolphin#30769,Eric S - smitte#94855,2-0,,1,,1,No
5/6/2024 16:25:33,Matthias H - Rezreh#11308,Daniel G - FriskyHobbit#43185,2-1,,1,,1,No
5/6/2024 17:52:09,Ryan D - TheSlickness#10857,Alexandre GA - AGA#86404,2-1,,1,,1,No
5/6/2024 18:54:07,Edgar A - PlayfulTerror#04926,Wei C - Azayaka#83352,2-1,,1,gg's,1,No
5/6/2024 19:17:46,Justin P - Code Pigeon#84057,Niko G - Thundertnuc#90488,2-0,,1,,1,No
5/6/2024 19:35:48,Nick A - Nistar#14127,Jack H - Rakic#98298,2-1,,1,,1,Yes
5/6/2024 19:58:21,Christian L - xXalpineXx#54284,Evan L - Evan#97713,2-1,,1,,1,No
5/6/2024 20:09:02,Justin P - Code Pigeon#84057,Joseph H - Sexcellence#51112,2-0,,1,,1,No
5/6/2024 20:36:16,Christian L - xXalpineXx#54284,Phillip M - Fat_kitty#63794,2-0,,1,,1,No
5/6/2024 20:40:04,Justin P - Code Pigeon#84057,Mathieu L - Wayl0n#81231,2-1,,1,,1,No
5/6/2024 20:42:05,Joseph H - Sexcellence#51112,Nick H - JetPilot#02453,2-0,,1,,1,Yes
5/6/2024 20:57:32,Kevin I - kni1993#29285,Chris Y - Yorke on Games#66909,2-1,,1,,1,No
5/6/2024 22:30:31,Dan A - BEATDOWNBRINGA#04779,Jordan M - JMTron#46639,2-1,,1,,1,No
5/6/2024 22:35:43,Lukas G - lukasaarong#09757,Justin P - Code Pigeon#84057,2-1,,1,,1,No
5/6/2024 23:04:13,Rafael F - Prudent#24319,Sylvain T - Iquitos#15484,2-0,,1,best of luck with the rest of the matches <3,1,No
5/6/2024 23:04:28,Jeremy E - Lhurgoyf#37289,Caleb G - Whynaut#28590,2-0,,1,,1,No
5/6/2024 23:54:55,Adam S - wizma#29010,Caleb G - Whynaut#28590,2-1,,1,Good games parner,1,No
5/7/2024 8:35:20,Marley L - BeautyAndTheGitrog#98732,Dave T - RestiveNebula#74573,2-1,,1,,1,No
5/7/2024 9:30:21,Adam S - wizma#29010,Andrew M - Robespierre#01976,2-0,,1,Great games!,1,No
5/7/2024 10:36:26,Dave T - RestiveNebula#74573,Matthias H - Rezreh#11308,2-0,,1,,1,No
5/7/2024 10:51:18,John R - Ged#72302,Andrew M - Robespierre#01976,2-0,,1,ggs.,1,No
5/7/2024 11:34:45,Adam S - wizma#29010,Dave T - RestiveNebula#74573,2-0,,1,Great games! Sorry about the Oko!,1,No
5/7/2024 12:18:08,Andrew M - Robespierre#01976,Wyatt C - hotdolphin#30769,2-1,,1,,1,No
5/7/2024 12:27:11,Joe T - elasticity#07466,Ryan M - rrrn22#32842,2-1,,1,,1,No
5/7/2024 12:48:22,Joe T - elasticity#07466,Thijn H - Thi-Jin#83537,2-0,,1,,1,No
5/7/2024 13:57:14,Joe T - elasticity#07466,Dave T - RestiveNebula#74573,2-0,,1,,1,No
5/7/2024 14:23:59,Luke G - Juno#19210,Cody-Rayce MG - Rayce#56572,2-0,,1,,1,No
5/7/2024 15:26:04,MItchel S - SpaghettiMitch#18619,Dave T - RestiveNebula#74573,2-0,,1,,1,No
5/7/2024 15:47:58,Wei C - Azayaka#83352,Alexis R - Lexabombtastic#98940,2-0,,1,,1,No
5/7/2024 16:07:32,Ryan M - rrrn22#32842,Shuo L - Tamamo#30654,2-1,,1,,1,No
5/7/2024 16:50:53,Ryan D - TheSlickness#10857,Michael M - Atombomb11991#07305,2-0,,1,,1,No
5/7/2024 18:04:22,Ryan D - TheSlickness#10857,Enrique O - Caex#39549,2-1,,1,,1,No
5/7/2024 18:07:31,MItchel S - SpaghettiMitch#18619,James Mc - fireball#69952,2-1,,1,,1,No
5/7/2024 18:21:33,Ryan D - TheSlickness#10857,Danny S - Scout_#06819,2-0,,1,,1,No
5/7/2024 18:42:25,Rafael F - Prudent#24319,Danny S - Scout_#06819,2-0,,1,Your pool is absolutely scary. Best of luck the rest of the week,1,No
5/7/2024 18:48:29,Edgar A - PlayfulTerror#04926,Joseph H - Sexcellence#51112,2-1,,1,gg's,1,No
5/7/2024 19:04:10,Alexis R - Lexabombtastic#98940,Danny S - Scout_#06819,2-0,,1,,1,No
5/7/2024 19:26:17,Maranda L - BlackCanary#59791,Joseph H - Sexcellence#51112,2-0,,1,,1,No
5/7/2024 20:02:34,Wyatt C - hotdolphin#30769,Mike P - UnwieldyBiscuit#26471,2-1,,1,,1,No
5/7/2024 20:29:35,Chris D - Stereolab#37691,Nick W - Wheelo#89557,2-0,,1,,1,No
5/7/2024 20:42:45,Maranda L - BlackCanary#59791,Mike P - UnwieldyBiscuit#26471,2-0,,1,,1,No
5/7/2024 21:03:31,Julian K - Citizen_Snippies#31245,Christian L - xXalpineXx#54284,2-1,,1,,1,No
5/7/2024 21:10:28,Chris D - Stereolab#37691,Ryan D - TheSlickness#10857,2-1,,1,,1,No
5/7/2024 21:24:53,Julian K - Citizen_Snippies#31245,Phillip M - Fat_kitty#63794,2-0,,1,,1,No
5/7/2024 21:58:42,Maranda L - BlackCanary#59791,Marley L - BeautyAndTheGitrog#98732,2-0,,1,,1,No
5/7/2024 22:06:01,Nik S - njsiii#50504,Joaquin E - DiabolicMachine#23891,2-1,,1,,1,No
5/7/2024 22:50:44,Mathieu L - Wayl0n#81231,Joaquin E - DiabolicMachine#23891,2-0,,1,,1,No
5/7/2024 22:53:37,Rafael F - Prudent#24319,Steve T - strout#45062,2-1,,1,Finally a match where you're not u'w tempo T_T,1,No
5/7/2024 23:01:03,Nik S - njsiii#50504,Maranda L - BlackCanary#59791,2-1,,1,,1,No
5/7/2024 23:45:36,Preston B - Vorbis#46420,Joaquin E - DiabolicMachine#23891,2-1,,1,GGs! Super lucky top decks for me G3,1,Yes
5/8/2024 0:00:30,Emmett F - Sepulchure#51526,Steve T - strout#45062,2-0,,1,,1,Yes
5/8/2024 0:31:41,Preston B - Vorbis#46420,Mathieu L - Wayl0n#81231,2-1,,1,,1,No
5/8/2024 0:43:43,Joaquin E - DiabolicMachine#23891,MItchel S - SpaghettiMitch#18619,2-1,,1,,1,No
5/8/2024 1:52:21,Justin P - Code Pigeon#84057,Demeow L - Demeow#40405,2-0,,1,,1,No
5/8/2024 10:10:26,Joaquin E - DiabolicMachine#23891,Richard K - preacher26#59445,2-0,,1,,1,No
5/8/2024 11:13:36,Emmett F - Sepulchure#51526,John R - Ged#72302,2-1,,1,,1,Yes
5/8/2024 11:59:06,Phillip M - Fat_kitty#63794,Andrew M - Robespierre#01976,2-0,,1,,1,No
5/8/2024 12:26:42,Johnny M - Johnny#69519,Andrew M - Robespierre#01976,2-0,,1,,1,No
5/8/2024 13:25:05,Nick H - JetPilot#02453,Andrew M - Robespierre#01976,2-0,,1,,1,No
5/8/2024 15:35:43,Wesley C - GigaVoltaic#11782,Max K - Lenindner#14296,2-0,,1,,1,No
5/8/2024 15:36:35,Richard K - preacher26#59445,John R - Ged#72302,2-1,,1,,1,No
5/8/2024 16:28:29,John R - Ged#72302,Daniel G - FriskyHobbit#43185,2-1,,1,ggs...thanks for the grindy games.,1,No
5/8/2024 18:27:03,Enrique O - Caex#39549,Alexis R - Lexabombtastic#98940,2-0,,1,,1,No
5/8/2024 18:42:14,John P - gokuorgohome#51511,James Mc - fireball#69952,2-0,,1,,1,No
5/8/2024 19:07:26,Marley L - BeautyAndTheGitrog#98732,Niko G - Thundertnuc#90488,2-0,,1,,1,No
5/8/2024 19:10:52,Enrique O - Caex#39549,Edgar A - PlayfulTerror#04926,2-0,,1,,1,No
5/8/2024 20:00:22,Marley L - BeautyAndTheGitrog#98732,Christian L - xXalpineXx#54284,2-1,,1,,1,No
5/8/2024 20:14:48,Nick W - Wheelo#89557,Christopher G - oompaloompa#65002,2-0,,1,,1,No
5/8/2024 20:31:52,Niko G - Thundertnuc#90488,Christian L - xXalpineXx#54284,2-0,,1,,1,No
5/8/2024 20:36:18,Chris R - Sinkwater#27508,James Mc - fireball#69952,2-0,,1,,1,No
5/8/2024 20:58:13,Nick W - Wheelo#89557,Mathieu L - Wayl0n#81231,2-1,,1,,1,No
5/8/2024 21:26:52,Chris R - Sinkwater#27508,Riley A - slammajambrose#86597,2-1,,1,,1,No
5/8/2024 21:53:26,Nik S - njsiii#50504,James Mc - fireball#69952,2-1,,1,,1,No
5/8/2024 22:47:14,Zeke W - smarmyplatapus#30066,Sylvain T - Iquitos#15484,2-0,,1,,1,Yes
5/8/2024 22:55:27,Mathieu L - Wayl0n#81231,Josh T - jathornton#23245,2-1,,1,,1,No
5/8/2024 23:54:04,Preston B - Vorbis#46420,Sylvain T - Iquitos#15484,2-0,,1,,1,Yes
5/9/2024 12:27:14,Enrique O - Caex#39549,Demeow L - Demeow#40405,2-0,,1,,1,No
5/9/2024 13:03:01,Zach L - Redwood#12970,Duncan M - RobRoyDuncan#16652,2-0,,1,,1,No
5/9/2024 13:37:36,Reed P - bigfingsnake#86869,Sylvain T - Iquitos#15484,2-1,,1,,1,No
5/9/2024 14:35:30,Evan L - Evan#97713,Reed P - bigfingsnake#86869,2-1,,1,,1,No
5/9/2024 15:05:44,Wesley C - GigaVoltaic#11782,Evan L - Evan#97713,2-1,,1,GGs,1,No
5/9/2024 17:39:05,Paul S - YungChunk#45977,Johnny M - Johnny#69519,2-1,,1,ggs,1,No
5/9/2024 18:00:50,Wesley C - GigaVoltaic#11782,Chris R - Sinkwater#27508,2-1,,1,GGs!,1,No
5/9/2024 18:27:04,Rafael F - Prudent#24319,Reed P - bigfingsnake#86869,2-1,,1,STRAIGHT HANDS BABBBYYYYY,1,No
5/9/2024 18:46:13,James Mc - fireball#69952,Joseph H - Sexcellence#51112,2-0,,1,,1,No
5/9/2024 19:39:53,Michael M - Atombomb11991#07305,James M - Sol_Ring#09384,2-1,,1,,1,No
5/9/2024 20:23:13,Michael M - Atombomb11991#07305,Paul S - YungChunk#45977,2-1,,1,,1,No
5/9/2024 21:22:55,Phillip M - Fat_kitty#63794,Michael M - Atombomb11991#07305,2-1,,1,Oko our lord and savior claims another soul,1,No
5/9/2024 21:27:01,Christopher G - oompaloompa#65002,Ron C - Lennor#52740,2-0,,1,,1,No
5/9/2024 22:17:30,MItchel S - SpaghettiMitch#18619,Jaidin M - MnemonicDevice#38774,2-0,,1,,1,No
5/9/2024 22:17:52,Christopher G - oompaloompa#65002,James M - Sol_Ring#09384,2-0,,1,,1,No
5/9/2024 22:54:18,Paul S - YungChunk#45977,Jaidin M - MnemonicDevice#38774,2-1,,1,ggs,1,No
5/9/2024 23:08:31,Joe T - elasticity#07466,Chris R - Sinkwater#27508,2-1,,1,,1,No
5/9/2024 23:22:58,Edgar A - PlayfulTerror#04926,Josh T - jathornton#23245,2-0,,1,gg's,1,No
5/9/2024 23:29:53,Preston B - Vorbis#46420,Enrique O - Caex#39549,2-1,,1,,1,No
5/9/2024 23:33:46,Christopher G - oompaloompa#65002,Steve T - strout#45062,2-0,,1,,1,Yes
5/9/2024 23:52:37,Jaidin M - MnemonicDevice#38774,Joe T - elasticity#07466,2-1,,1,,1,No
5/10/2024 0:21:17,Jaidin M - MnemonicDevice#38774,Sylvain T - Iquitos#15484,2-0,,1,,1,No
5/10/2024 9:02:47,Ron C - Lennor#52740,Demeow L - Demeow#40405,2-1,,1,,1,No
5/10/2024 9:42:03,Preston B - Vorbis#46420,Bryan G - Fedaykin98#12204,2-0,,1,,1,No
5/10/2024 10:16:02,Ron C - Lennor#52740,Richard K - preacher26#59445,2-0,,1,,1,No
5/10/2024 11:36:06,Eric S - smitte#94855,Marley L - BeautyAndTheGitrog#98732,2-0,,1,,1,No
5/10/2024 11:39:26,Demeow L - Demeow#40405,Matthias H - Rezreh#11308,2-1,,1,,1,No
5/10/2024 12:15:41,Nick H - JetPilot#02453,Demeow L - Demeow#40405,2-0,,1,,1,No
5/10/2024 13:04:19,Duncan M - RobRoyDuncan#16652,Julian K - Citizen_Snippies#31245,2-0,,1,,1,No
5/10/2024 13:27:07,Joaquin E - DiabolicMachine#23891,Riley A - slammajambrose#86597,2-0,,1,,1,No
5/10/2024 15:02:28,Julian K - Citizen_Snippies#31245,Jaidin M - MnemonicDevice#38774,2-0,,1,,1,No
5/10/2024 17:28:21,Luke G - Juno#19210,Thomas C - jamberine#68248,2-0,,1,,1,No
5/10/2024 17:37:17,Eric S - smitte#94855,Shuo L - Tamamo#30654,2-1,,1,,1,No
5/10/2024 18:08:16,Thomas C - jamberine#68248,Wyatt C - hotdolphin#30769,2-1,,1,,1,No
5/10/2024 18:53:19,Thomas C - jamberine#68248,Lotte P - Lotte #93345,2-0,,1,,1,No
5/10/2024 18:54:37,Paul G - TheDragon#61289,Luke G - Juno#19210,2-1,,1,,1,No
5/10/2024 19:04:01,Daniel G - FriskyHobbit#43185,Matthias H - Rezreh#11308,2-0,,1,,1,Yes
5/10/2024 19:25:34,Wei C - Azayaka#83352,Evan C - PeasOfCrab#00133,2-1,,1,,1,No
5/10/2024 19:35:21,Joaquin E - DiabolicMachine#23891,Nick A - Nistar#14127,2-0,,1,,1,Yes
5/10/2024 19:55:27,Kevin I - kni1993#29285,Daniel G - FriskyHobbit#43185,2-0,,1,,1,Yes
5/10/2024 20:03:45,Dirk E - BegginBlue#16667,Julian K - Citizen_Snippies#31245,2-1,,1,,1,No
5/10/2024 20:58:43,Alexis M - Alexsfly#67052,Kevin I - kni1993#29285,2-1,,1,,1,Yes
5/10/2024 21:13:54,Daniel G - FriskyHobbit#43185,Nick W - Wheelo#89557,2-1,,1,,1,No
5/10/2024 21:50:21,Chris Y - Yorke on Games#66909,Kevin I - kni1993#29285,2-1,,1,Ping desert!!,1,No
5/10/2024 22:03:31,Zeke W - smarmyplatapus#30066,Alexis M - Alexsfly#67052,2-1,,1,,1,Yes
5/10/2024 23:23:30,Michael M - Atombomb11991#07305,Chris Y - Yorke on Games#66909,2-1,,1,,1,No
5/10/2024 23:30:30,Bob P - HIT#08120,Caleb G - Whynaut#28590,2-0,,1,Ban Plan the Heist,1,Yes
5/10/2024 23:50:42,Nick W - Wheelo#89557,Chris Y - Yorke on Games#66909,2-0,,1,,1,No
5/11/2024 0:18:06,Thomas C - jamberine#68248,Bob P - HIT#08120,2-1,,1,,1,Yes
5/11/2024 0:19:30,Luke G - Juno#19210,Daniel S - Obitus#54120,2-1,,1,,1,No
5/11/2024 0:43:28,Nick W - Wheelo#89557,Bob P - HIT#08120,2-0,,1,,1,No
5/11/2024 3:19:24,Cédric L - Hota#65816,Dirk E - BegginBlue#16667,2-1,,1,,1,No
5/11/2024 3:25:55,Daniel G - FriskyHobbit#43185,Chris Y - Yorke on Games#66909,2-1,,1,,1,No
5/11/2024 5:21:58,Dirk E - BegginBlue#16667,Paul G - TheDragon#61289,2-0,,1,,1,Yes
5/11/2024 6:50:01,Thijn H - Thi-Jin#83537,Luke G - Juno#19210,2-0,,1,,1,No
5/11/2024 9:57:47,Thijn H - Thi-Jin#83537,Alexandre GA - AGA#86404,2-0,,1,,1,No
5/11/2024 10:49:48,Thijn H - Thi-Jin#83537,Wyatt C - hotdolphin#30769,2-0,,1,,1,No
5/11/2024 11:06:03,Nick A - Nistar#14127,Thomas C - jamberine#68248,2-0,,1,,1,Yes
5/11/2024 11:26:22,Thijn H - Thi-Jin#83537,Niko G - Thundertnuc#90488,2-0,,1,,1,No
5/11/2024 12:12:43,Nick A - Nistar#14127,Wyatt C - hotdolphin#30769,2-0,,1,,1,No
5/11/2024 12:21:59,Dan A - BEATDOWNBRINGA#04779,Kevin I - kni1993#29285,2-0,,1,,1,Yes
5/11/2024 12:52:20,Dan A - BEATDOWNBRINGA#04779,Chris O - Chriso91#46230,2-0,,1,,1,No
5/11/2024 13:30:10,Jeremy E - Lhurgoyf#37289,Dave T - RestiveNebula#74573,2-0,,1,,1,Yes
5/11/2024 13:33:04,Nick A - Nistar#14127,Chris O - Chriso91#46230,2-0,,1,Good brawl,1,No
5/11/2024 14:38:25,Nick A - Nistar#14127,Dave T - RestiveNebula#74573,2-1,,1,,1,No
5/11/2024 15:34:26,Wesley C - GigaVoltaic#11782,Dirk E - BegginBlue#16667,2-0,,1,Don't shoot me,1,No
,,,,,,,,
5/11/2024 15:52:06,Alexis M - Alexsfly#67052,Dave T - RestiveNebula#74573,2-1,,1,,1,No
5/11/2024 16:51:39,Edgar A - PlayfulTerror#04926,Alexis M - Alexsfly#67052,2-0,,1,gg's,1,No
5/11/2024 16:52:04,John P - gokuorgohome#51511,Cédric L - Hota#65816,2-1,,1,,1,No
5/11/2024 17:31:59,John P - gokuorgohome#51511,Nick H - JetPilot#02453,2-1,,1,,1,No
5/11/2024 17:44:34,Caleb G - Whynaut#28590,Cédric L - Hota#65816,2-1,,1,,1,No
5/11/2024 17:56:01,Evan C - PeasOfCrab#00133,John P - gokuorgohome#51511,2-0,,1,,1,No
5/11/2024 18:01:17,MItchel S - SpaghettiMitch#18619,Zeke W - smarmyplatapus#30066,2-1,,1,,1,Yes
5/11/2024 18:20:42,Evan C - PeasOfCrab#00133,Caleb G - Whynaut#28590,2-1,,1,,1,No
5/11/2024 18:43:20,Sawyer T - soyboy#35469,Cédric L - Hota#65816,2-1,,1,,1,No
5/11/2024 19:10:05,Alexandre GA - AGA#86404,Evan C - PeasOfCrab#00133,2-0,,1,,1,No
5/11/2024 19:54:17,Chris O - Chriso91#46230,Alexis M - Alexsfly#67052,2-0,,1,,1,No
5/11/2024 20:28:17,Jack H - Rakic#98298,Chris R - Sinkwater#27508,2-1,,1,,1,No
5/11/2024 21:27:14,Kevin I - kni1993#29285,Chris R - Sinkwater#27508,2-1,,1,,1,No
5/11/2024 22:17:26,Jeremy E - Lhurgoyf#37289,MItchel S - SpaghettiMitch#18619,2-0,,1,,1,Yes
5/11/2024 22:52:01,Jack H - Rakic#98298,Caleb G - Whynaut#28590,2-0,,1,,1,Yes
5/11/2024 22:53:31,Ryan M - rrrn22#32842,Chris R - Sinkwater#27508,2-1,,1,,1,No
5/11/2024 22:54:23,Dan H - dan12456#37617,Bob P - HIT#08120,2-0,,1,,1,No
5/11/2024 23:20:37,Jack H - Rakic#98298,Bob P - HIT#08120,2-1,,1,,1,No
5/12/2024 1:06:40,Jack H - Rakic#98298,Shuo L - Tamamo#30654,2-1,,1,,1,Yes
5/12/2024 6:53:34,Alexandre GA - AGA#86404,Luke G - Juno#19210,2-0,,1,,1,No
5/12/2024 8:33:02,Evan L - Evan#97713,John R - Ged#72302,2-0,,1,,1,No
5/12/2024 10:30:38,Dirk E - BegginBlue#16667,Alexandre GA - AGA#86404,2-0,,1,,1,No
5/12/2024 10:56:36,Julian K - Citizen_Snippies#31245,Evan C - PeasOfCrab#00133,2-1,,1,,1,No
5/12/2024 11:18:49,Evan L - Evan#97713,John P - gokuorgohome#51511,2-1,,1,,1,No
5/12/2024 11:33:27,Richard K - preacher26#59445,Julian K - Citizen_Snippies#31245,2-0,,1,,1,No
5/12/2024 12:23:21,Evan L - Evan#97713,Jack H - Rakic#98298,2-0,,1,,1,No
5/12/2024 13:05:00,Matthias H - Rezreh#11308,Chris D - Stereolab#37691,2-0,,1,,1,Yes
5/12/2024 14:20:15,Jordan M - JMTron#46639,Rafael F - Prudent#24319,2-1,,1,,1,No
5/12/2024 15:23:32,Ryan M - rrrn22#32842,James Mc - fireball#69952,2-1,,1,,1,No
5/12/2024 15:49:08,Paul G - TheDragon#61289,Steve T - strout#45062,2-0,,1,,1,Yes
5/12/2024 15:49:38,Ryan M - rrrn22#32842,Edgar A - PlayfulTerror#04926,2-0,,1,,1,No
5/12/2024 16:16:34,Alexis R - Lexabombtastic#98940,Jeremy E - Lhurgoyf#37289,2-1,,1,,1,No
5/12/2024 16:32:56,Steve T - strout#45062,Jordan M - JMTron#46639,2-0,,1,GGs!,1,Yes
5/12/2024 16:34:31,Chris D - Stereolab#37691,Joaquin E - DiabolicMachine#23891,2-1,,1,,1,Yes
5/12/2024 16:45:21,Alexis R - Lexabombtastic#98940,Joseph H - Sexcellence#51112,2-0,,1,,1,No
5/12/2024 17:18:25,Joseph H - Sexcellence#51112,Jeremy E - Lhurgoyf#37289,2-1,,1,,1,No
5/12/2024 18:24:21,Chris D - Stereolab#37691,Josh T - jathornton#23245,2-0,,1,,1,No
5/12/2024 18:58:51,Josh T - jathornton#23245,Phillip M - Fat_kitty#63794,2-0,,1,,1,No
5/12/2024 19:39:07,Chris D - Stereolab#37691,Phillip M - Fat_kitty#63794,2-0,,1,,1,No
5/12/2024 20:02:05,Nick W - Wheelo#89557,Dan H - dan12456#37617,2-1,,1,,1,No
5/12/2024 20:27:44,Nick W - Wheelo#89557,Chris D - Stereolab#37691,2-0,,1,,1,No
5/12/2024 20:57:23,Adam S - wizma#29010,Shuo L - Tamamo#30654,2-1,,1,Close match! Nice duelling with you!,1,Yes
5/12/2024 21:16:54,Ryan M - rrrn22#32842,Dan H - dan12456#37617,2-0,,1,,1,No
5/12/2024 22:03:10,Dan H - dan12456#37617,Evan L - Evan#97713,2-0,,1,,1,No
5/12/2024 22:23:48,Sawyer T - soyboy#35469,Chris R - Sinkwater#27508,2-0,,1,,1,No
5/12/2024 22:28:54,Julian K - Citizen_Snippies#31245,Evan L - Evan#97713,2-1,,1,,1,No
5/12/2024 23:20:28,Sawyer T - soyboy#35469,Julian K - Citizen_Snippies#31245,2-0,,1,,1,Yes
5/12/2024 23:24:32,Chris O - Chriso91#46230,Andrew M - Robespierre#01976,2-0,,1,,1,Yes
5/13/2024 0:00:20,Wei C - Azayaka#83352,Andrew M - Robespierre#01976,2-0,,1,,1,Yes
5/13/2024 0:09:36,Emmett F - Sepulchure#51526,Preston B - Vorbis#46420,2-0,,1,,1,No
5/13/2024 0:34:44,Chris O - Chriso91#46230,Sawyer T - soyboy#35469,2-1,,1,,1,Yes
5/13/2024 1:26:51,Philip B - Plipster#75000,Andrew M - Robespierre#01976,2-0,,1,,1,No
5/13/2024 10:33:27,Enrique O - Caex#39549,Richard K - preacher26#59445,2-1,,1,,1,No
5/13/2024 10:41:17,Adam S - wizma#29010,Dan A - BEATDOWNBRINGA#04779,2-0,,1,"Nice duellin with ya, parner",1,Yes
5/13/2024 11:09:39,Dan A - BEATDOWNBRINGA#04779,Thijn H - Thi-Jin#83537,2-1,,1,,1,No
5/13/2024 12:36:51,Steve T - strout#45062,Demeow L - Demeow#40405,2-0,,1,GGs!,1,No
5/13/2024 13:56:32,Lotte P - Lotte #93345,Cody-Rayce MG - Rayce#56572,2-1,,1,,1,Yes
5/13/2024 14:21:28,Eric S - smitte#94855,Philip B - Plipster#75000,2-0,,1,,1,No
5/13/2024 14:28:20,Duncan M - RobRoyDuncan#16652,Lotte P - Lotte #93345,2-0,,1,,1,Yes
5/13/2024 15:02:51,Cody-Rayce MG - Rayce#56572,Eric S - smitte#94855,2-1,,1,ggs,1,No
5/13/2024 15:07:15,Johnny M - Johnny#69519,John R - Ged#72302,2-1,,1,,1,No
5/13/2024 15:24:20,Johnny M - Johnny#69519,Philip B - Plipster#75000,2-1,,1,,1,No
5/13/2024 15:31:14,John R - Ged#72302,Eric S - smitte#94855,2-0,,1,ggs,1,No
5/13/2024 16:01:03,Johnny M - Johnny#69519,Joaquin E - DiabolicMachine#23891,2-0,,1,,1,No
5/13/2024 16:53:29,Johnny M - Johnny#69519,Emmett F - Sepulchure#51526,2-1,,1,Stips are hard,1,Yes
5/13/2024 17:14:01,Steve T - strout#45062,Christian L - xXalpineXx#54284,2-0,,1,GGs!,1,No
5/13/2024 17:39:42,Steve T - strout#45062,Dustin D - Bloone#16018,2-0,,1,GGs!,1,No
5/13/2024 18:11:24,Christian L - xXalpineXx#54284,John P - gokuorgohome#51511,2-1,,1,,1,No
5/13/2024 18:36:45,Justin P - Code Pigeon#84057,Marley L - BeautyAndTheGitrog#98732,2-0,,1,,1,No
5/13/2024 19:24:27,Justin P - Code Pigeon#84057,Maranda L - BlackCanary#59791,2-1,,1,,1,No
5/13/2024 19:50:49,Adam S - wizma#29010,Dirk E - BegginBlue#16667,2-0,,1,Feature Match! Great games,1,No
5/13/2024 19:58:13,Edgar A - PlayfulTerror#04926,Dan H - dan12456#37617,2-1,,1,gg's,1,No
5/13/2024 20:04:37,Bryan G - Fedaykin98#12204,Mathieu D - madmat46#11537,2-0,,1,Feel better soon!,1,No
5/13/2024 20:05:14,Justin P - Code Pigeon#84057,Nicholas K - Bionick#55161,2-1,,1,,1,No
5/13/2024 20:11:53,Emmett F - Sepulchure#51526,Jordan M - JMTron#46639,2-1,,1,,1,Yes
5/13/2024 20:32:04,Mathieu L - Wayl0n#81231,Justin P - Code Pigeon#84057,2-0,,1,,1,No
5/13/2024 20:40:17,Nicholas K - Bionick#55161,Christian L - xXalpineXx#54284,2-1,,1,,1,No
5/13/2024 20:57:28,Chris Y - Yorke on Games#66909,Joaquin E - DiabolicMachine#23891,2-1,,1,Rapid Turtle!!,1,No
5/13/2024 21:07:27,Sawyer T - soyboy#35469,Nicholas K - Bionick#55161,2-0,,1,,1,No
5/13/2024 21:28:03,Emmett F - Sepulchure#51526,Bryan G - Fedaykin98#12204,2-0,,1,,1,No
5/13/2024 21:31:12,Nicholas K - Bionick#55161,Rafael F - Prudent#24319,2-1,,1,,1,No
5/13/2024 22:34:39,Jeremy E - Lhurgoyf#37289,Caleb G - Whynaut#28590,2-1,,1,,1,No
5/13/2024 22:38:45,Justin P - Code Pigeon#84057,Enrique O - Caex#39549,2-0,,1,,1,No
5/14/2024 0:38:25,Ryan M - rrrn22#32842,Demeow L - Demeow#40405,2-0,,1,,1,No
5/14/2024 2:38:37,Wei C - Azayaka#83352,Philip B - Plipster#75000,2-0,,1,,1,No
5/14/2024 9:29:41,Bryan G - Fedaykin98#12204,Wyatt C - hotdolphin#30769,2-0,,1,Enjoyed the chat!,1,No
5/14/2024 12:44:19,Duncan M - RobRoyDuncan#16652,Richard K - preacher26#59445,2-0,,1,,1,Yes
5/14/2024 13:35:57,Wei C - Azayaka#83352,Matthias H - Rezreh#11308,2-0,,1,,1,No
5/14/2024 15:19:36,Dustin D - Bloone#16018,Joaquin E - DiabolicMachine#23891,2-1,,1,,1,No
5/14/2024 15:36:34,Matthias H - Rezreh#11308,Max K - Lenindner#14296,2-0,,1,,1,No
5/14/2024 15:58:55,John R - Ged#72302,Marley L - BeautyAndTheGitrog#98732,2-1,,1,OMG...all the topdecks!,1,No
5/14/2024 18:10:13,Mathieu L - Wayl0n#81231,Phillip M - Fat_kitty#63794,2-0,,1,,1,No
5/14/2024 18:37:20,Marley L - BeautyAndTheGitrog#98732,Shuo L - Tamamo#30654,2-1,,1,,1,No
5/14/2024 19:13:29,Niko G - Thundertnuc#90488,Christian L - xXalpineXx#54284,2-0,,1,,1,Yes
5/14/2024 19:41:45,Maranda L - BlackCanary#59791,Alexis R - Lexabombtastic#98940,2-1,,1,,1,No
5/14/2024 19:42:52,Niko G - Thundertnuc#90488,Nicholas K - Bionick#55161,2-1,,1,,1,No
5/14/2024 19:47:08,Christian L - xXalpineXx#54284,Edgar A - PlayfulTerror#04926,2-0,,1,,1,No
5/14/2024 20:49:58,Daniel G - FriskyHobbit#43185,Mathieu D - madmat46#11537,2-0,,1,,1,No
5/14/2024 21:30:02,Zeke W - smarmyplatapus#30066,Matt K - KirbyKong#37457,2-0,,1,,1,No
5/14/2024 21:53:26,Zeke W - smarmyplatapus#30066,Joseph H - Sexcellence#51112,2-1,,1,,1,No
5/14/2024 22:18:01,Wei C - Azayaka#83352,Nik S - njsiii#50504,2-1,,1,,1,No
5/14/2024 22:28:31,Joseph H - Sexcellence#51112,Preston B - Vorbis#46420,2-1,,1,,1,No
5/14/2024 22:52:06,Cody-Rayce MG - Rayce#56572,Alexis R - Lexabombtastic#98940,2-0,,1,ggs,1,Yes
5/14/2024 22:54:31,James M - Sol_Ring#09384,Nik S - njsiii#50504,2-0,,1,,1,No
5/14/2024 23:17:57,Mathieu L - Wayl0n#81231,Josh T - jathornton#23245,2-0,,1,,1,No
5/15/2024 0:01:54,Ryan D - TheSlickness#10857,Alexis R - Lexabombtastic#98940,2-1,,1,,1,Yes
5/15/2024 0:37:15,James M - Sol_Ring#09384,MItchel S - SpaghettiMitch#18619,2-1,,1,,1,No
5/15/2024 12:19:32,Duncan M - RobRoyDuncan#16652,Wesley C - GigaVoltaic#11782,2-0,,1,Bounty - the coconut kick to the face!,1,No
5/15/2024 13:23:59,Richard K - preacher26#59445,Ryan D - TheSlickness#10857,2-1,,1,,1,Yes
5/15/2024 13:38:42,Alexandre GA - AGA#86404,Emmett F - Sepulchure#51526,2-1,,1,,1,No
5/15/2024 14:25:22,Cody-Rayce MG - Rayce#56572,Nick H - JetPilot#02453,2-0,,1,ggs,1,No
5/15/2024 15:52:40,Nick H - JetPilot#02453,Wesley C - GigaVoltaic#11782,2-1,,1,Crazy final game!,1,No
5/15/2024 15:58:57,MItchel S - SpaghettiMitch#18619,Paul G - TheDragon#61289,2-1,,1,,1,No
5/15/2024 17:42:58,Maranda L - BlackCanary#59791,Zach L - Redwood#12970,2-1,,1,,1,No
5/15/2024 18:31:36,Paul G - TheDragon#61289,Zach L - Redwood#12970,2-1,,1,,1,No
5/15/2024 19:16:05,Ryan D - TheSlickness#10857,Phillip M - Fat_kitty#63794,2-0,,1,,1,No
5/15/2024 19:46:09,Edgar A - PlayfulTerror#04926,Julian K - Citizen_Snippies#31245,2-0,,1,gg's,1,No
5/15/2024 20:04:33,Ryan D - TheSlickness#10857,Niko G - Thundertnuc#90488,2-0,,1,,1,No
5/15/2024 21:07:16,Ryan D - TheSlickness#10857,Nik S - njsiii#50504,2-0,,1,,1,No
5/15/2024 23:33:48,Preston B - Vorbis#46420,MItchel S - SpaghettiMitch#18619,2-0,,1,,1,No
5/16/2024 0:19:52,Enrique O - Caex#39549,Cody-Rayce MG - Rayce#56572,2-1,,1,,1,No
5/16/2024 1:15:24,James M - Sol_Ring#09384,Bryan G - Fedaykin98#12204,2-1,,1,,1,No
5/16/2024 1:43:49,Matt K - KirbyKong#37457,Jordan M - JMTron#46639,2-1,,1,,1,No
5/16/2024 7:16:25,Adam S - wizma#29010,Max K - Lenindner#14296,2-1,,1,"Sorry about the mulls, ggs!",1,No
5/16/2024 10:47:22,Enrique O - Caex#39549,Matt K - KirbyKong#37457,2-0,,1,,1,No
5/16/2024 12:26:28,Duncan M - RobRoyDuncan#16652,Matthias H - Rezreh#11308,2-0,,1,,1,No
5/16/2024 13:01:13,Wyatt C - hotdolphin#30769,Max K - Lenindner#14296,2-1,,1,,1,No
5/16/2024 13:08:12,Ron C - Lennor#52740,Dustin D - Bloone#16018,2-0,,1,,1,No
5/16/2024 13:36:19,Dustin D - Bloone#16018,Max K - Lenindner#14296,2-0,,1,,1,No
5/16/2024 13:57:54,Zach L - Redwood#12970,Dustin D - Bloone#16018,2-0,,1,,1,No
5/16/2024 14:01:56,Max K - Lenindner#14296,Will M - Hakei#28570,2-0,,1,gg,1,No
5/16/2024 14:02:22,Maranda L - BlackCanary#59791,Joe T - elasticity#07466,2-1,,1,,1,No
5/16/2024 14:40:42,Zach L - Redwood#12970,Zeke W - smarmyplatapus#30066,2-1,,1,,1,No
5/16/2024 14:51:43,Nick H - JetPilot#02453,Will M - Hakei#28570,2-1,,1,,1,No
5/16/2024 15:10:53,Zach L - Redwood#12970,Max K - Lenindner#14296,2-0,,1,,1,No
5/16/2024 15:39:45,Zach L - Redwood#12970,Will M - Hakei#28570,2-0,,1,,1,No
5/16/2024 17:50:03,Wesley C - GigaVoltaic#11782,Christopher G - oompaloompa#65002,2-0,,1,GGs,1,No
5/16/2024 18:13:01,Christopher G - oompaloompa#65002,Phillip M - Fat_kitty#63794,2-0,,1,,1,No
5/16/2024 18:35:40,Maranda L - BlackCanary#59791,Jaidin M - MnemonicDevice#38774,2-1,,1,,1,No
5/16/2024 19:14:05,Nik S - njsiii#50504,Mathieu L - Wayl0n#81231,2-0,,1,,1,No
5/16/2024 19:27:23,Christopher G - oompaloompa#65002,James M - Sol_Ring#09384,2-1,,1,,1,No
5/16/2024 19:39:01,Mathieu D - madmat46#11537,Michael M - Atombomb11991#07305,2-1,,1,,1,No
5/16/2024 20:16:44,Mathieu D - madmat46#11537,Niko G - Thundertnuc#90488,2-0,,1,,1,No
5/16/2024 20:32:10,Philip B - Plipster#75000,Nik S - njsiii#50504,2-1,,1,,1,No
5/16/2024 20:42:19,Mathieu D - madmat46#11537,Mathieu L - Wayl0n#81231,2-1,,1,,1,No
5/16/2024 20:47:22,Jordan M - JMTron#46639,Nick H - JetPilot#02453,2-0,,1,,1,No
5/16/2024 21:06:11,Bryan G - Fedaykin98#12204,Rafael F - Prudent#24319,2-0,,1,Good games,1,No
5/16/2024 22:17:33,Joe T - elasticity#07466,Michael M - Atombomb11991#07305,2-1,,1,,1,No
5/16/2024 22:33:59,Joe T - elasticity#07466,Enrique O - Caex#39549,2-0,,1,,1,No
5/16/2024 22:58:19,Joe T - elasticity#07466,Ron C - Lennor#52740,2-1,,1,,1,No
5/17/2024 1:48:42,James M - Sol_Ring#09384,Matt K - KirbyKong#37457,2-1,,1,,1,No
5/17/2024 2:46:28,Will M - Hakei#28570,Shuo L - Tamamo#30654,2-0,,1,,1,No
5/17/2024 3:14:09,Will M - Hakei#28570,Lukas G - lukasaarong#09757,2-0,,1,,1,No
5/17/2024 5:30:01,Lukas G - lukasaarong#09757,Wesley C - GigaVoltaic#11782,2-1,,1,,1,No
5/17/2024 9:41:21,Joe T - elasticity#07466,James Mc - fireball#69952,2-0,,1,,1,No
5/17/2024 11:20:39,Duncan M - RobRoyDuncan#16652,James Mc - fireball#69952,2-1,,1,,1,No
5/17/2024 11:43:08,Reed P - bigfingsnake#86869,Eric S - smitte#94855,2-0,,1,,1,No
5/17/2024 12:09:26,Richard K - preacher26#59445,Reed P - bigfingsnake#86869,2-0,,1,,1,No
5/17/2024 12:15:02,Marley L - BeautyAndTheGitrog#98732,Michael M - Atombomb11991#07305,2-1,,1,,1,No
5/17/2024 13:18:06,Lukas G - lukasaarong#09757,Marley L - BeautyAndTheGitrog#98732,2-0,,1,,1,No
5/17/2024 13:43:58,Lukas G - lukasaarong#09757,Reed P - bigfingsnake#86869,2-0,,1,,1,No
5/17/2024 14:05:18,Lotte P - Lotte #93345,Ron C - Lennor#52740,2-1,,1,,1,No
5/17/2024 14:26:30,Rafael F - Prudent#24319,Reed P - bigfingsnake#86869,2-0,,1,,1,No
5/17/2024 15:15:55,Matt K - KirbyKong#37457,Lukas G - lukasaarong#09757,2-0,,1,,1,No
5/17/2024 17:15:19,Thomas C - jamberine#68248,Alexis R - Lexabombtastic#98940,2-0,,1,,1,No
5/17/2024 17:16:49,Michael M - Atombomb11991#07305,Lotte P - Lotte #93345,2-1,,1,,1,No
5/17/2024 17:35:08,Ryan D - TheSlickness#10857,Nicholas K - Bionick#55161,2-0,,1,,1,No
5/17/2024 17:44:44,Lukas G - lukasaarong#09757,Thomas C - jamberine#68248,2-1,,1,,1,No
5/17/2024 17:48:12,Nicholas K - Bionick#55161,Wyatt C - hotdolphin#30769,2-0,,1,,1,No
5/17/2024 18:08:00,Alexis M - Alexsfly#67052,Nicholas K - Bionick#55161,2-0,,1,,1,No
5/17/2024 18:12:06,Thomas C - jamberine#68248,Jordan M - JMTron#46639,2-0,,1,,1,No
5/17/2024 18:38:53,Dan H - dan12456#37617,Alexis M - Alexsfly#67052,2-1,,1,,1,No
5/17/2024 19:10:23,Nicholas K - Bionick#55161,Jordan M - JMTron#46639,2-1,,1,,1,No
5/17/2024 19:52:11,Thomas C - jamberine#68248,Nicholas K - Bionick#55161,2-1,,1,,1,No
5/17/2024 20:01:37,Ryan M - rrrn22#32842,Nick W - Wheelo#89557,2-0,,1,,1,No
5/17/2024 20:38:49,Nick W - Wheelo#89557,Kevin I - kni1993#29285,2-1,,1,,1,No
5/17/2024 20:57:57,Bob P - HIT#08120,Ryan M - rrrn22#32842,2-0,,1,,1,No
5/17/2024 21:24:05,Steve T - strout#45062,Kevin I - kni1993#29285,2-1,,1,GGs!,1,No
5/17/2024 21:29:31,Thomas C - jamberine#68248,Bob P - HIT#08120,2-0,,1,,1,No
5/17/2024 22:08:27,Luke G - Juno#19210,Steve T - strout#45062,2-1,,1,,1,No
5/17/2024 22:54:32,Wyatt C - hotdolphin#30769,Bob P - HIT#08120,2-1,,1,,1,No
5/18/2024 0:15:41,Wei C - Azayaka#83352,Bob P - HIT#08120,2-1,,1,,1,No
5/18/2024 0:41:55,Wei C - Azayaka#83352,Johnny M - Johnny#69519,2-0,,1,,1,No
5/18/2024 1:15:02,Wei C - Azayaka#83352,Evan L - Evan#97713,2-1,,1,,1,No
5/18/2024 2:03:38,Sawyer T - soyboy#35469,Evan L - Evan#97713,2-1,,1,,1,No
5/18/2024 2:38:15,Shuo L - Tamamo#30654,Wei C - Azayaka#83352,2-0,,1,,1,No
5/18/2024 2:51:53,Evan L - Evan#97713,Shuo L - Tamamo#30654,2-0,,1,,1,No
5/18/2024 3:40:47,Evan L - Evan#97713,Chris Y - Yorke on Games#66909,2-1,,1,,1,No
5/18/2024 9:06:32,Thijn H - Thi-Jin#83537,Alexandre GA - AGA#86404,2-0,,1,,1,No
5/18/2024 9:33:28,Luke G - Juno#19210,Michael M - Atombomb11991#07305,2-0,,1,,1,No
5/18/2024 10:16:08,Nick A - Nistar#14127,Thijn H - Thi-Jin#83537,2-1,,1,,1,No
5/18/2024 10:19:35,Paul G - TheDragon#61289,Alexandre GA - AGA#86404,2-0,,1,,1,No
5/18/2024 11:17:50,Nick A - Nistar#14127,Chris R - Sinkwater#27508,2-0,,1,,2,No
5/18/2024 11:20:46,Thijn H - Thi-Jin#83537,Zach L - Redwood#12970,2-0,,1,,1,No
5/18/2024 11:54:09,Daniel G - FriskyHobbit#43185,Ryan D - TheSlickness#10857,2-0,,1,Match report changed to 2-0 in Daniel's favor due to Ryan using cards not in his pool.,1,No
5/18/2024 12:28:55,Wyatt C - hotdolphin#30769,Alexandre GA - AGA#86404,2-0,,1,,1,No
5/18/2024 13:04:49,John P - gokuorgohome#51511,Wesley C - GigaVoltaic#11782,2-1,,1,,1,No
5/18/2024 13:32:07,Richard K - preacher26#59445,Bob P - HIT#08120,2-0,,1,,2,No
5/18/2024 14:58:33,Chris Y - Yorke on Games#66909,Philip B - Plipster#75000,2-1,,1,Big Beavers,1,No
5/18/2024 15:09:10,Wesley C - GigaVoltaic#11782,Alexandre GA - AGA#86404,2-0,,1,GGs,1,No
5/18/2024 15:34:34,Lotte P - Lotte #93345,Chris Y - Yorke on Games#66909,2-0,,1,,1,No
5/18/2024 16:02:52,Wesley C - GigaVoltaic#11782,Philip B - Plipster#75000,2-1,,1,GGs,1,No
5/18/2024 16:27:21,Dan A - BEATDOWNBRINGA#04779,Lotte P - Lotte #93345,2-1,,1,,1,No
5/18/2024 17:20:13,Jack H - Rakic#98298,Alexis M - Alexsfly#67052,2-1,,1,,2,No
5/18/2024 17:25:09,Edgar A - PlayfulTerror#04926,Lotte P - Lotte #93345,2-1,,1,gg's,1,No
5/18/2024 19:41:28,Philip B - Plipster#75000,Kevin I - kni1993#29285,2-0,,1,,1,No
5/18/2024 19:42:51,Chris D - Stereolab#37691,Maranda L - BlackCanary#59791,2-0,,1,,1,No
5/18/2024 20:01:36,Ryan M - rrrn22#32842,Mathieu D - madmat46#11537,2-1,,1,,1,No
5/18/2024 20:27:41,Ryan M - rrrn22#32842,Kevin I - kni1993#29285,2-1,,1,,2,No
5/18/2024 20:35:51,Chris D - Stereolab#37691,Emmett F - Sepulchure#51526,2-1,,1,,1,Yes
5/18/2024 21:22:40,Chris D - Stereolab#37691,Nick H - JetPilot#02453,2-0,,1,,1,No
5/18/2024 22:09:54,Michael M - Atombomb11991#07305,Chris D - Stereolab#37691,2-1,,1,,1,No
5/18/2024 23:13:43,Steve T - strout#45062,Joseph H - Sexcellence#51112,2-0,,1,GGs!,1,No
5/19/2024 0:19:23,Jeremy E - Lhurgoyf#37289,Dan H - dan12456#37617,2-1,,1,,1,No
5/19/2024 1:28:50,Steve T - strout#45062,Justin P - Code Pigeon#84057,2-1,,1,GGs!,1,No
5/19/2024 1:51:06,Zach L - Redwood#12970,Chris D - Stereolab#37691,2-1,,1,,1,Yes
5/19/2024 2:17:55,Steve T - strout#45062,Preston B - Vorbis#46420,2-1,,1,GGs!,1,No
5/19/2024 5:31:51,Cédric L - Hota#65816,Thijn H - Thi-Jin#83537,2-1,,1,,1,No
5/19/2024 7:22:17,Wesley C - GigaVoltaic#11782,Luke G - Juno#19210,2-1,,1,GGs,1,No
5/19/2024 7:38:22,Nick A - Nistar#14127,Zeke W - smarmyplatapus#30066,2-1,,1,Holy Cow!,1,No
5/19/2024 8:18:48,Luke G - Juno#19210,Nick A - Nistar#14127,2-1,,1,,1,No
5/19/2024 9:12:16,Dirk E - BegginBlue#16667,Nick A - Nistar#14127,2-1,,1,,1,No
5/19/2024 11:28:27,John P - gokuorgohome#51511,Luke G - Juno#19210,2-1,,1,,2,No
5/19/2024 11:42:14,Chris O - Chriso91#46230,Wyatt C - hotdolphin#30769,2-1,,1,,2,No
5/19/2024 11:45:32,Ryan M - rrrn22#32842,Dirk E - BegginBlue#16667,2-0,,1,,1,No
5/19/2024 12:07:51,Joseph H - Sexcellence#51112,John P - gokuorgohome#51511,2-1,,1,,1,No
5/19/2024 13:06:49,Lotte P - Lotte #93345,Jack H - Rakic#98298,2-1,,1,,1,Yes
5/19/2024 13:52:59,Adam S - wizma#29010,Jack H - Rakic#98298,2-1,,1,Sorry about the flood! Ggs ,1,No
5/19/2024 15:16:18,Lotte P - Lotte #93345,Cédric L - Hota#65816,2-0,,1,,1,Yes
5/19/2024 15:45:19,Jack H - Rakic#98298,Cédric L - Hota#65816,2-1,,1,,1,Yes
5/19/2024 15:50:49,Julian K - Citizen_Snippies#31245,Edgar A - PlayfulTerror#04926,2-1,,1,,1,No
5/19/2024 16:22:56,Cédric L - Hota#65816,John P - gokuorgohome#51511,2-1,,1,,1,No
5/19/2024 16:48:23,Paul G - TheDragon#61289,Cédric L - Hota#65816,2-0,,1,,2,No
5/19/2024 17:43:25,Julian K - Citizen_Snippies#31245,Daniel G - FriskyHobbit#43185,2-0,,1,,1,No
5/19/2024 18:53:50,Dan H - dan12456#37617,Julian K - Citizen_Snippies#31245,2-1,,1,,1,No
5/19/2024 19:16:44,Reed P - bigfingsnake#86869,Dan H - dan12456#37617,2-0,,1,,1,No
5/19/2024 19:47:46,MItchel S - SpaghettiMitch#18619,Reed P - bigfingsnake#86869,2-1,,1,,1,No
5/19/2024 20:10:19,Joseph H - Sexcellence#51112,Dan H - dan12456#37617,2-1,,1,,1,No
5/19/2024 20:38:48,Rafael F - Prudent#24319,MItchel S - SpaghettiMitch#18619,2-1,,1,I'd rather be lucky than skilled <3,1,No
5/19/2024 22:44:24,Sawyer T - soyboy#35469,Reed P - bigfingsnake#86869,2-1,,1,,1,No
5/19/2024 23:28:42,Preston B - Vorbis#46420,Reed P - bigfingsnake#86869,2-1,,1,,1,No
5/19/2024 23:46:02,Chris O - Chriso91#46230,Daniel G - FriskyHobbit#43185,2-0,,1,,1,No
5/20/2024 0:08:48,Lukas G - lukasaarong#09757,Jeremy E - Lhurgoyf#37289,2-1,,1,,1,No
5/20/2024 0:45:11,Sawyer T - soyboy#35469,Lukas G - lukasaarong#09757,2-1,,1,,1,No
5/20/2024 11:34:59,Richard K - preacher26#59445,Nick H - JetPilot#02453,2-1,,1,,1,No
5/20/2024 14:44:36,Matthias H - Rezreh#11308,Chris O - Chriso91#46230,2-1,,1,,1,No
5/20/2024 16:28:57,Justin P - Code Pigeon#84057,Enrique O - Caex#39549,2-0,,1,,1,No
5/20/2024 16:43:07,Philip B - Plipster#75000,Justin P - Code Pigeon#84057,2-0,,1,,1,No
5/20/2024 18:08:22,Rafael F - Prudent#24319,Cody-Rayce MG - Rayce#56572,2-0,,1,I never wanted it to go down like this </3,1,No
5/20/2024 18:31:39,Philip B - Plipster#75000,Joseph H - Sexcellence#51112,2-1,,1,,1,No
5/20/2024 19:04:42,Evan C - PeasOfCrab#00133,Mathieu L - Wayl0n#81231,2-0,,1,,1,No
5/20/2024 19:26:40,John P - gokuorgohome#51511,Dirk E - BegginBlue#16667,2-0,,1,,1,No
5/20/2024 19:38:46,Justin P - Code Pigeon#84057,Edgar A - PlayfulTerror#04926,2-1,,1,,1,No
5/20/2024 20:12:32,Justin P - Code Pigeon#84057,Nik S - njsiii#50504,2-0,,1,,2,No
5/20/2024 20:13:07,Jordan M - JMTron#46639,Emmett F - Sepulchure#51526,2-1,,1,,1,Yes
5/20/2024 20:18:08,Michael M - Atombomb11991#07305,Evan C - PeasOfCrab#00133,2-1,,1,,1,No
5/20/2024 20:56:32,Ryan D - TheSlickness#10857,Michael M - Atombomb11991#07305,2-1,,1,,1,No
5/20/2024 21:01:42,Jordan M - JMTron#46639,Zeke W - smarmyplatapus#30066,2-0,,1,,1,Yes
5/20/2024 21:17:22,Jack H - Rakic#98298,Dan A - BEATDOWNBRINGA#04779,2-1,,1,GGs amazing games Dan ,1,No
5/20/2024 22:39:02,Chris O - Chriso91#46230,Josh T - jathornton#23245,2-0,,1,,1,No
5/20/2024 22:45:09,Mathieu L - Wayl0n#81231,Adam S - wizma#29010,2-0,,1,,1,No
5/20/2024 22:58:28,Johnny M - Johnny#69519,Bryan G - Fedaykin98#12204,2-0,,1,Yeehaw,1,No
5/20/2024 23:09:48,Evan C - PeasOfCrab#00133,Dirk E - BegginBlue#16667,2-0,,1,,2,Yes
5/20/2024 23:12:41,Chris Y - Yorke on Games#66909,Jeremy E - Lhurgoyf#37289,2-1,,1,Feature Match: Yorke's Revenge,1,No
5/20/2024 23:29:48,Bryan G - Fedaykin98#12204,Dan A - BEATDOWNBRINGA#04779,2-0,,1,"Have a lovely, less exhausting rest of the week!",1,No
5/21/2024 0:07:54,Evan C - PeasOfCrab#00133,Sawyer T - soyboy#35469,2-1,,1,,1,Yes
5/21/2024 0:26:52,Dan A - BEATDOWNBRINGA#04779,Preston B - Vorbis#46420,2-1,,1,,1,No
5/21/2024 1:31:28,Chris Y - Yorke on Games#66909,Zach L - Redwood#12970,2-1,,1,Thanks for the battle!,1,No
5/21/2024 3:59:59,Will M - Hakei#28570,Cody-Rayce MG - Rayce#56572,2-1,,1,,2,No
5/21/2024 8:10:43,John R - Ged#72302,Will M - Hakei#28570,2-0,,1,ggs,1,No
5/21/2024 8:49:53,Will M - Hakei#28570,Paul G - TheDragon#61289,2-0,,1,Wasn't happy with the loss D:,1,No
5/21/2024 11:40:49,Matthias H - Rezreh#11308,Will M - Hakei#28570,2-1,,1,,1,No
5/21/2024 13:57:33,Eric S - smitte#94855,Daniel G - FriskyHobbit#43185,2-0,,1,,1,Yes
5/21/2024 13:59:16,Nick H - JetPilot#02453,Will M - Hakei#28570,2-1,,1,,1,No
5/21/2024 14:24:17,Duncan M - RobRoyDuncan#16652,Matthias H - Rezreh#11308,2-0,,1,,1,No
5/21/2024 14:58:00,Richard K - preacher26#59445,Lukas G - lukasaarong#09757,2-1,,1,,1,No
5/21/2024 16:01:12,Ryan D - TheSlickness#10857,Lukas G - lukasaarong#09757,2-0,,1,,1,No
5/21/2024 17:35:37,Jeremy E - Lhurgoyf#37289,MItchel S - SpaghettiMitch#18619,2-1,,1,,1,Yes
5/21/2024 18:28:01,Rafael F - Prudent#24319,Bryan G - Fedaykin98#12204,2-0,,1,Not upset about a double mull but this is revenge for the last game! we have to meet again next week <3,1,No
5/21/2024 19:10:29,Mathieu D - madmat46#11537,Mathieu L - Wayl0n#81231,2-0,,1,,1,No
5/21/2024 19:14:40,Evan C - PeasOfCrab#00133,Shuo L - Tamamo#30654,2-1,,1,,1,No
5/21/2024 19:46:30,Mathieu D - madmat46#11537,Joe T - elasticity#07466,2-1,,1,,1,No
5/21/2024 20:47:24,Mathieu L - Wayl0n#81231,Joe T - elasticity#07466,2-1,,1,,1,No
5/21/2024 21:06:57,Evan L - Evan#97713,Mathieu D - madmat46#11537,2-1,,1,,1,No
5/21/2024 22:24:42,Zeke W - smarmyplatapus#30066,Caleb G - Whynaut#28590,2-0,,1,,1,No
5/21/2024 22:52:15,Caleb G - Whynaut#28590,Shuo L - Tamamo#30654,2-1,,1,,2,No
5/21/2024 23:10:21,Zeke W - smarmyplatapus#30066,Eric S - smitte#94855,2-1,,1,ggs!,1,Yes
5/21/2024 23:28:15,Daniel G - FriskyHobbit#43185,Caleb G - Whynaut#28590,2-1,,1,,2,No
5/22/2024 10:26:22,Adam S - wizma#29010,Matt K - KirbyKong#37457,2-0,,1,Good games!,1,No
5/22/2024 10:44:59,John R - Ged#72302,Rafael F - Prudent#24319,2-0,,1,ggs,1,No
5/22/2024 15:20:36,Reed P - bigfingsnake#86869,Nick H - JetPilot#02453,2-1,,1,,2,No
5/22/2024 15:52:52,Reed P - bigfingsnake#86869,Rafael F - Prudent#24319,2-1,,1,,1,No
5/22/2024 18:00:21,Mathieu L - Wayl0n#81231,Bryan G - Fedaykin98#12204,2-0,,1,,1,No
5/22/2024 18:57:56,Edgar A - PlayfulTerror#04926,Phillip M - Fat_kitty#63794,2-0,,1,ggs,2,No
5/22/2024 19:24:47,Emmett F - Sepulchure#51526,Christopher G - oompaloompa#65002,2-1,,1,,1,No
5/22/2024 20:57:01,Chris O - Chriso91#46230,Zeke W - smarmyplatapus#30066,2-0,,1,,1,No
5/22/2024 21:09:24,Maranda L - BlackCanary#59791,Christopher G - oompaloompa#65002,2-0,,1,,1,No
5/22/2024 21:55:20,Maranda L - BlackCanary#59791,Mathieu D - madmat46#11537,2-0,,1,,1,No
5/22/2024 22:22:46,Christopher G - oompaloompa#65002,Evan L - Evan#97713,2-0,,1,,1,No
5/22/2024 22:39:37,Maranda L - BlackCanary#59791,James M - Sol_Ring#09384,2-0,,1,,1,No
5/23/2024 1:44:42,James M - Sol_Ring#09384,Joaquin E - DiabolicMachine#23891,2-0,,1,,1,No
5/23/2024 8:52:55,Richard K - preacher26#59445,James M - Sol_Ring#09384,2-0,,1,,1,No
5/23/2024 13:57:58,Duncan M - RobRoyDuncan#16652,Adam S - wizma#29010,2-1,,1,,1,No
5/23/2024 14:01:27,John R - Ged#72302,Joaquin E - DiabolicMachine#23891,2-1,,1,a close one!,1,No
5/23/2024 15:33:05,Marley L - BeautyAndTheGitrog#98732,Duncan M - RobRoyDuncan#16652,2-1,,1,,1,No
5/23/2024 16:30:09,Christian L - xXalpineXx#54284,John R - Ged#72302,2-1,,1,,1,No
5/23/2024 18:58:59,MItchel S - SpaghettiMitch#18619,Edgar A - PlayfulTerror#04926,2-1,,1,,1,No
5/23/2024 19:08:52,Wei C - Azayaka#83352,Christian L - xXalpineXx#54284,2-1,,1,,1,No
5/23/2024 19:44:26,Christopher G - oompaloompa#65002,Jordan M - JMTron#46639,2-1,,1,,1,No
5/23/2024 19:45:26,Joseph H - Sexcellence#51112,Christian L - xXalpineXx#54284,2-1,,1,,2,No
5/23/2024 21:22:56,Nick W - Wheelo#89557,Adam S - wizma#29010,2-0,,1,,1,No
5/23/2024 21:52:32,Nick W - Wheelo#89557,Marley L - BeautyAndTheGitrog#98732,2-0,,1,,2,No
5/23/2024 22:18:53,Sawyer T - soyboy#35469,Marley L - BeautyAndTheGitrog#98732,2-0,,1,,2,No
5/23/2024 22:53:24,Jeremy E - Lhurgoyf#37289,Johnny M - Johnny#69519,2-0,,1,,2,Yes
5/23/2024 23:07:55,Preston B - Vorbis#46420,Nick W - Wheelo#89557,2-1,,1,,2,No
5/23/2024 23:20:16,Dan A - BEATDOWNBRINGA#04779,Josh T - jathornton#23245,2-0,,1,,2,No
5/23/2024 23:48:02,Christopher G - oompaloompa#65002,Josh T - jathornton#23245,2-0,,1,,2,No
5/24/2024 0:03:47,Johnny M - Johnny#69519,MItchel S - SpaghettiMitch#18619,2-1,,1,,1,Yes
5/24/2024 0:08:04,Preston B - Vorbis#46420,Enrique O - Caex#39549,2-1,,1,,1,No
5/24/2024 0:43:27,Zach L - Redwood#12970,Preston B - Vorbis#46420,2-0,,1,,1,No
5/24/2024 0:44:40,Matt K - KirbyKong#37457,Enrique O - Caex#39549,2-0,,1,,1,No
5/24/2024 1:40:57,James M - Sol_Ring#09384,Johnny M - Johnny#69519,2-1,,1,,2,No
5/24/2024 9:22:42,James M - Sol_Ring#09384,John R - Ged#72302,2-0,,1,,2,No
5/24/2024 9:43:34,Richard K - preacher26#59445,Joe T - elasticity#07466,2-0,,1,,1,No
5/24/2024 9:51:52,Duncan M - RobRoyDuncan#16652,Matt K - KirbyKong#37457,2-0,,1,,2,No
5/24/2024 10:03:21,Joaquin E - DiabolicMachine#23891,Wesley C - GigaVoltaic#11782,2-0,,1,,1,No
5/24/2024 11:02:38,Matt K - KirbyKong#37457,Eric S - smitte#94855,2-1,,1,,2,No
5/24/2024 11:15:48,Dan A - BEATDOWNBRINGA#04779,Joe T - elasticity#07466,2-1,,1,,1,No
5/24/2024 11:53:07,Eric S - smitte#94855,Joe T - elasticity#07466,2-1,,1,,1,No
5/24/2024 12:35:13,Thijn H - Thi-Jin#83537,Enrique O - Caex#39549,2-1,,1,,1,No
5/24/2024 13:09:43,Rafael F - Prudent#24319,Eric S - smitte#94855,2-0,,1,</3 Farewell friend,2,No
5/24/2024 13:41:40,Matthias H - Rezreh#11308,Marley L - BeautyAndTheGitrog#98732,2-0,,1,,2,No
5/24/2024 14:38:00,Julian K - Citizen_Snippies#31245,Maranda L - BlackCanary#59791,2-0,,1,,1,No
5/24/2024 14:38:05,Dustin D - Bloone#16018,Marley L - BeautyAndTheGitrog#98732,2-1,,1,,2,No
5/24/2024 15:02:45,Enrique O - Caex#39549,Duncan M - RobRoyDuncan#16652,2-1,,1,,1,No
5/24/2024 15:06:49,Christopher G - oompaloompa#65002,Matthias H - Rezreh#11308,2-1,,1,,2,No
5/24/2024 15:35:44,Michael M - Atombomb11991#07305,Dustin D - Bloone#16018,2-1,,1,,2,No
5/24/2024 17:48:28,Wei C - Azayaka#83352,Nick A - Nistar#14127,2-0,,1,,2,No
5/24/2024 17:54:03,Paul G - TheDragon#61289,Lotte P - Lotte #93345,2-1,,1,,1,Yes
5/24/2024 19:13:58,Thomas C - jamberine#68248,Edgar A - PlayfulTerror#04926,2-1,,1,,2,No
5/24/2024 20:42:13,Thomas C - jamberine#68248,Nick A - Nistar#14127,2-1,,1,,2,No
5/24/2024 21:10:17,Chris Y - Yorke on Games#66909,Sawyer T - soyboy#35469,2-0,,1,Campaign & Caviar,2,No
5/24/2024 21:39:30,Chris Y - Yorke on Games#66909,Philip B - Plipster#75000,2-1,,1,Nuked my whole board... for nothing!,1,No
5/24/2024 21:46:49,Ryan D - TheSlickness#10857,Thomas C - jamberine#68248,2-1,,1,,1,No
5/24/2024 22:09:08,Chris Y - Yorke on Games#66909,Nick W - Wheelo#89557,2-1,,1,"Demons, demons, everywhere",2,No
5/24/2024 22:49:56,Ryan D - TheSlickness#10857,Chris Y - Yorke on Games#66909,2-1,,1,,2,No
5/24/2024 22:51:54,Thomas C - jamberine#68248,Jordan M - JMTron#46639,2-1,,1,,2,Yes
5/24/2024 22:57:10,Sawyer T - soyboy#35469,Philip B - Plipster#75000,2-1,,1,,1,No
5/24/2024 23:28:21,Thomas C - jamberine#68248,Dan H - dan12456#37617,2-0,,1,,2,No
5/25/2024 0:14:20,Chris D - Stereolab#37691,Matt K - KirbyKong#37457,2-1,,1,,2,No
5/25/2024 0:16:01,Philip B - Plipster#75000,Ryan D - TheSlickness#10857,2-1,,1,,1,No
5/25/2024 0:44:44,Chris D - Stereolab#37691,Philip B - Plipster#75000,2-0,,1,,1,No
5/25/2024 0:46:02,James M - Sol_Ring#09384,Steve T - strout#45062,2-0,,1,,1,No
5/25/2024 9:41:46,Chris D - Stereolab#37691,Chris O - Chriso91#46230,2-1,,1,,1,No
5/25/2024 13:27:38,Chris O - Chriso91#46230,Sawyer T - soyboy#35469,2-1,,1,,2,No
5/25/2024 16:15:07,Wesley C - GigaVoltaic#11782,James M - Sol_Ring#09384,2-1,,1,Good and grindy,2,No
5/25/2024 18:49:31,Chris D - Stereolab#37691,Wesley C - GigaVoltaic#11782,2-0,,1,,1,No
5/25/2024 22:41:01,Evan C - PeasOfCrab#00133,Ryan M - rrrn22#32842,2-0,,1,,1,No
5/25/2024 23:04:12,Dan A - BEATDOWNBRINGA#04779,Chris D - Stereolab#37691,2-0,,1,,1,No
5/25/2024 23:54:50,MItchel S - SpaghettiMitch#18619,Joe T - elasticity#07466,2-1,,1,,1,No
5/26/2024 0:32:39,Preston B - Vorbis#46420,Paul G - TheDragon#61289,2-0,,1,,2,No
5/26/2024 0:48:10,Chris O - Chriso91#46230,Julian K - Citizen_Snippies#31245,2-1,,1,,1,No
5/26/2024 1:16:25,Jack H - Rakic#98298,MItchel S - SpaghettiMitch#18619,2-1,,1,,1,No
5/26/2024 1:52:56,Julian K - Citizen_Snippies#31245,Jordan M - JMTron#46639,2-1,,1,,2,Yes
5/26/2024 9:05:11,Adam S - wizma#29010,Will M - Hakei#28570,2-1,,1,"Great match, sweet deck!",2,No
5/26/2024 9:28:41,John P - gokuorgohome#51511,Will M - Hakei#28570,2-0,,1,,2,No
5/26/2024 11:24:29,Adam S - wizma#29010,Lotte P - Lotte #93345,2-0,,1,Annie vs the Queen in a desert brawl!,1,Yes
5/26/2024 11:56:06,Mathieu D - madmat46#11537,Dan A - BEATDOWNBRINGA#04779,2-1,,1,,1,No
5/26/2024 12:35:36,Jack H - Rakic#98298,Dan A - BEATDOWNBRINGA#04779,2-0,,1,,1,No
5/26/2024 13:13:38,Dan A - BEATDOWNBRINGA#04779,Christopher G - oompaloompa#65002,2-0,,1,,2,No
5/26/2024 15:01:35,Julian K - Citizen_Snippies#31245,Jack H - Rakic#98298,2-0,,1,,2,Yes
5/26/2024 15:40:20,Joe T - elasticity#07466,Jack H - Rakic#98298,2-1,,1,,2,No
5/26/2024 16:20:23,Julian K - Citizen_Snippies#31245,Paul G - TheDragon#61289,2-1,,1,,2,No
5/26/2024 16:34:37,Joe T - elasticity#07466,Jeremy E - Lhurgoyf#37289,2-0,,1,,1,No
5/26/2024 16:53:47,Dustin D - Bloone#16018,Joe T - elasticity#07466,2-1,,1,,1,No
5/26/2024 19:52:05,Chris O - Chriso91#46230,John P - gokuorgohome#51511,2-0,,1,,1,No
5/26/2024 19:57:14,Joe T - elasticity#07466,Mathieu D - madmat46#11537,2-0,,1,,1,No
5/26/2024 20:55:41,Daniel G - FriskyHobbit#43185,Mathieu D - madmat46#11537,2-1,,1,,1,No
5/26/2024 23:27:41,Zeke W - smarmyplatapus#30066,Emmett F - Sepulchure#51526,2-1,,1,ggs!,2,Yes
5/27/2024 1:36:20,Justin P - Code Pigeon#84057,Daniel G - FriskyHobbit#43185,2-0,,1,,1,No
5/27/2024 9:29:11,Richard K - preacher26#59445,Thijn H - Thi-Jin#83537,2-1,,1,,1,No
5/27/2024 10:25:06,Duncan M - RobRoyDuncan#16652,Thijn H - Thi-Jin#83537,2-1,,1,,1,No
5/27/2024 11:08:54,Thijn H - Thi-Jin#83537,Rafael F - Prudent#24319,2-1,,1,,1,No
5/27/2024 12:10:20,Christopher G - oompaloompa#65002,Thijn H - Thi-Jin#83537,2-0,,1,,1,No
5/27/2024 13:26:00,Daniel G - FriskyHobbit#43185,Wei C - Azayaka#83352,2-0,,1,,1,No
5/27/2024 16:22:49,Lotte P - Lotte #93345,Dustin D - Bloone#16018,2-0,,1,,2,No
5/27/2024 16:39:35,Jeremy E - Lhurgoyf#37289,Nick A - Nistar#14127,2-0,,1,,2,No
5/27/2024 17:42:42,John P - gokuorgohome#51511,Johnny M - Johnny#69519,2-1,,1,great games,2,Yes
5/27/2024 18:50:43,Christopher G - oompaloompa#65002,Sawyer T - soyboy#35469,2-0,,1,,2,No
5/27/2024 19:30:17,Mathieu D - madmat46#11537,Sawyer T - soyboy#35469,2-1,,1,,2,No
5/27/2024 20:01:45,Mathieu D - madmat46#11537,Dustin D - Bloone#16018,2-0,,1,,2,No
5/27/2024 20:53:05,Ryan D - TheSlickness#10857,Christopher G - oompaloompa#65002,2-1,,1,,2,No
5/27/2024 20:57:45,Bryan G - Fedaykin98#12204,Wei C - Azayaka#83352,2-1,,1,"Wei was very friendly, chatted AND streamed! Nice!",1,No
5/27/2024 21:58:02,Bryan G - Fedaykin98#12204,Adam S - wizma#29010,2-0,,1,Enjoyed chatting!  Good luck in the future!,1,No
5/27/2024 23:44:37,Chris O - Chriso91#46230,Preston B - Vorbis#46420,2-0,,1,,1,No
5/28/2024 0:27:56,Zeke W - smarmyplatapus#30066,Justin P - Code Pigeon#84057,2-0,,1,ggs!,1,No
5/28/2024 1:05:31,Justin P - Code Pigeon#84057,Zach L - Redwood#12970,2-0,,1,,1,No
5/28/2024 14:19:17,Duncan M - RobRoyDuncan#16652,Zeke W - smarmyplatapus#30066,2-1,,1,,1,No
5/28/2024 15:26:09,John P - gokuorgohome#51511,Richard K - preacher26#59445,2-0,,1,,1,No
5/28/2024 15:50:27,Daniel G - FriskyHobbit#43185,John P - gokuorgohome#51511,2-0,,1,,,No
5/28/2024 17:18:06,Daniel G - FriskyHobbit#43185,MItchel S - SpaghettiMitch#18619,2-0,,1,,,No
5/28/2024 18:33:56,Evan L - Evan#97713,Bryan G - Fedaykin98#12204,2-1,,1,,1,No
5/28/2024 19:10:44,Evan C - PeasOfCrab#00133,Evan L - Evan#97713,2-0,,1,Evan vs. Evan - we'll run it back,,No
5/28/2024 21:23:53,Ryan D - TheSlickness#10857,Maranda L - BlackCanary#59791,2-1,,1,,1,No
5/28/2024 22:31:36,Preston B - Vorbis#46420,Evan C - PeasOfCrab#00133,2-1,,1,Great games - most intense G3 I've played in AGL!,1,No
5/28/2024 22:38:06,Reed P - bigfingsnake#86869,Mathieu L - Wayl0n#81231,2-0,,1,,,No
5/28/2024 23:24:26,Evan C - PeasOfCrab#00133,Julian K - Citizen_Snippies#31245,2-1,,1,,,No
5/29/2024 0:02:59,Evan C - PeasOfCrab#00133,Reed P - bigfingsnake#86869,2-0,,1,,1,No
5/29/2024 0:41:27,Ryan M - rrrn22#32842,Jeremy E - Lhurgoyf#37289,2-1,,1,,1,No
5/29/2024 1:53:54,Zach L - Redwood#12970,Ryan M - rrrn22#32842,2-1,,1,,1,No
5/29/2024 13:04:27,Ryan M - rrrn22#32842,Richard K - preacher26#59445,2-0,,1,,1,No
5/29/2024 14:48:33,Richard K - preacher26#59445,Lotte P - Lotte #93345,2-1,,1,,,No
5/29/2024 15:26:32,Wei C - Azayaka#83352,Rafael F - Prudent#24319,2-1,,1,,1,No
5/29/2024 19:08:08,Wei C - Azayaka#83352,Justin P - Code Pigeon#84057,2-1,,1,,1,No
5/29/2024 20:25:38,Bryan G - Fedaykin98#12204,Alexandre GA - AGA#86404,2-1,,1,Very close games and good sportsmanship from Alexandre,,No
5/29/2024 21:17:20,Joaquin E - DiabolicMachine#23891,Adam S - wizma#29010,2-0,,1,,1,No
5/29/2024 22:13:42,Justin P - Code Pigeon#84057,Joaquin E - DiabolicMachine#23891,2-1,,1,,,No
5/30/2024 0:04:13,Jeremy E - Lhurgoyf#37289,Maranda L - BlackCanary#59791,2-0,,1,,1,No
5/30/2024 12:00:07,Thijn H - Thi-Jin#83537,Philip B - Plipster#75000,2-1,,1,,,No
5/30/2024 12:53:18,Ryan M - rrrn22#32842,Duncan M - RobRoyDuncan#16652,2-0,,1,,1,No
5/30/2024 15:16:44,Preston B - Vorbis#46420,Wesley C - GigaVoltaic#11782,2-1,,1,,1,No
5/30/2024 17:34:32,Maranda L - BlackCanary#59791,Richard K - preacher26#59445,2-1,,1,,1,No
5/30/2024 18:32:05,Enrique O - Caex#39549,Zeke W - smarmyplatapus#30066,2-1,,1,,1,Yes
5/30/2024 22:11:51,Joseph H - Sexcellence#51112,Bryan G - Fedaykin98#12204,2-0,,1,,,No
5/30/2024 22:33:47,Adam S - wizma#29010,Enrique O - Caex#39549,2-0,,1,Nice duelling with you! Annie vs Marchesa. Gisa is scary!,1,Yes
5/30/2024 23:13:45,Reed P - bigfingsnake#86869,Rafael F - Prudent#24319,2-1,,1,,1,No
5/30/2024 23:21:18,Maranda L - BlackCanary#59791,Steve T - strout#45062,2-1,,1,,,No
5/30/2024 23:53:57,Maranda L - BlackCanary#59791,Enrique O - Caex#39549,2-0,,1,,,No
5/31/2024 0:26:48,Dan A - BEATDOWNBRINGA#04779,Preston B - Vorbis#46420,2-0,,1,,1,No
5/31/2024 11:06:22,Zach L - Redwood#12970,Jeremy E - Lhurgoyf#37289,2-0,,1,,1,No
5/31/2024 11:39:06,Zach L - Redwood#12970,Joseph H - Sexcellence#51112,2-1,,1,,,No
5/31/2024 13:18:12,Preston B - Vorbis#46420,Duncan M - RobRoyDuncan#16652,2-1,,1,,1,No
5/31/2024 15:08:15,Duncan M - RobRoyDuncan#16652,Reed P - bigfingsnake#86869,2-1,,1,,,No
5/31/2024 18:16:30,Thomas C - jamberine#68248,Evan C - PeasOfCrab#00133,2-0,,1,,1,No
5/31/2024 18:19:16,Mathieu D - madmat46#11537,Ryan M - rrrn22#32842,2-0,,1,,1,No
5/31/2024 18:37:59,Thomas C - jamberine#68248,Mathieu D - madmat46#11537,2-0,,1,,,No
5/31/2024 19:08:41,Thomas C - jamberine#68248,Ryan M - rrrn22#32842,2-1,,1,,1,No
5/31/2024 21:38:29,Adam S - wizma#29010,Ryan M - rrrn22#32842,2-1,,1,Great game! Epic feature match,,No
5/31/2024 22:17:14,Zeke W - smarmyplatapus#30066,Preston B - Vorbis#46420,2-0,,1,,1,No
5/31/2024 22:54:28,Chris O - Chriso91#46230,Zeke W - smarmyplatapus#30066,2-1,,1,,1,No
5/31/2024 23:02:15,Thomas C - jamberine#68248,Maranda L - BlackCanary#59791,2-1,,1,,1,No
5/31/2024 23:24:51,Adam S - wizma#29010,Joe T - elasticity#07466,2-1,,1,Great games! See you next league!,,No
5/31/2024 23:38:53,Evan C - PeasOfCrab#00133,Chris D - Stereolab#37691,2-0,,1,,1,Yes
6/1/2024 0:10:26,Thomas C - jamberine#68248,Dan A - BEATDOWNBRINGA#04779,2-1,,1,,1,No
6/1/2024 0:13:46,Evan C - PeasOfCrab#00133,Chris O - Chriso91#46230,2-0,,1,,1,Yes
6/1/2024 12:11:41,Wei C - Azayaka#83352,Thijn H - Thi-Jin#83537,2-1,,1,,1,No
6/1/2024 12:42:59,Wesley C - GigaVoltaic#11782,Thijn H - Thi-Jin#83537,2-0,,1,GGs,,No
6/1/2024 13:08:52,Wesley C - GigaVoltaic#11782,Wei C - Azayaka#83352,2-0,,1,,1,No
6/1/2024 13:37:11,Wei C - Azayaka#83352,Richard K - preacher26#59445,2-0,,1,,1,No
6/1/2024 16:43:53,Wesley C - GigaVoltaic#11782,Ryan D - TheSlickness#10857,2-1,,1,ggs!,1,No
6/1/2024 17:30:41,Evan C - PeasOfCrab#00133,Ryan D - TheSlickness#10857,2-1,,1,,1,No
6/1/2024 18:53:33,Wesley C - GigaVoltaic#11782,Zeke W - smarmyplatapus#30066,2-0,,1,,,No
6/1/2024 22:12:35,Duncan M - RobRoyDuncan#16652,Wei C - Azayaka#83352,2-1,,1,,,No
6/2/2024 12:23:42,Richard K - preacher26#59445,Ryan D - TheSlickness#10857,2-1,,1,,,No
6/2/2024 16:16:12,Richard K - preacher26#59445,Wesley C - GigaVoltaic#11782,2-1,,1,,1,No
6/2/2024 23:05:22,Chris O - Chriso91#46230,Preston B - Vorbis#46420,2-1,,1,,,No
6/3/2024 12:02:28,Richard K - preacher26#59445,Daniel G - FriskyHobbit#43185,2-1,,1,,1,No
6/3/2024 13:52:42,Adam S - wizma#29010,Richard K - preacher26#59445,2-0,,1,,,No
6/3/2024 15:36:59,Wesley C - GigaVoltaic#11782,Duncan M - RobRoyDuncan#16652,2-1,,1,GGs :wuffsweat: ,1,No
6/4/2024 15:31:56,Maranda L - BlackCanary#59791,Zach L - Redwood#12970,2-0,,1,,,No
6/5/2024 12:35:07,Maranda L - BlackCanary#59791,Duncan M - RobRoyDuncan#16652,2-0,,1,,,No
6/5/2024 14:00:45,Adam S - wizma#29010,Justin P - Code Pigeon#84057,2-1,,1,Outstanding match. Marauders! Good luck from here!!!,1,No
6/5/2024 14:20:25,Dan A - BEATDOWNBRINGA#04779,Justin P - Code Pigeon#84057,2-0,,1,,1,No
6/5/2024 16:04:35,Maranda L - BlackCanary#59791,Justin P - Code Pigeon#84057,2-1,,1,,,No
6/5/2024 19:00:37,Daniel G - FriskyHobbit#43185,Maranda L - BlackCanary#59791,2-0,,1,,1,No
6/5/2024 21:59:20,Chris O - Chriso91#46230,Daniel G - FriskyHobbit#43185,2-1,,1,,,No
6/6/2024 13:26:55,Chris O - Chriso91#46230,Adam S - wizma#29010,2-0,,1,,1,No
6/6/2024 19:07:11,Evan C - PeasOfCrab#00133,Wesley C - GigaVoltaic#11782,2-0,,1,,1,No
6/6/2024 21:53:53,Chris D - Stereolab#37691,Dan A - BEATDOWNBRINGA#04779,2-1,,1,,,No
6/6/2024 22:31:58,Adam S - wizma#29010,Chris D - Stereolab#37691,2-0,,1,Great games! See you in the megadraft!,1,No