Timestamp,Winner Name,Loser Name,Result,Was this a Dragon Match?,"If this was a Dragon Match, who was the Dragon?",Notes,Was this a field stip match? ,Comeback Pack,Script Handled,Bot Messaged,Reward Selected
5/23/2025 17:14:22,Eric S - Smitte#94855,Jack H - Rakic#98298,2-0,,,,No,SNC,1,1,
5/23/2025 17:42:23,Austin L - letschanator#96536,Lukas M - Finley_2k1#30925,2-0,,,,Yes,NEO,1,1,
5/23/2025 17:44:50,Wei C - Azayaka#83352,Miranda J - MajicMiranda#55720,2-0,,,,Yes,STX,1,1,
5/23/2025 17:46:20,Dirk E - BegginBlue#16667,Johnny M - Johnny#69519,2-1,,,,Yes,SNC,1,1,
5/23/2025 17:46:36,Paul R - QildorCrana#01941,Nolan F - Mordor#75624,2-0,,,Thanks for the games and the trade!,Yes,STX,1,1,
5/23/2025 17:51:02,Paul G - TheDragon#61289,Joel G - DandelionsOut#82916,2-1,,,,Yes,BRO,1,1,
5/23/2025 17:54:25,Maranda L - BlackCanary#59791,Parker D - Android77#15898,2-0,,,,No,SNC,1,1,
5/23/2025 17:56:37,Chris P - Joker01#66827,Nick L - Aliphos#10232,2-0,,,,No,DMU,1,1,
5/23/2025 17:57:24,Caleb G - Whynaut#28590,Matthew H - Almost#13446,2-1,,,,Yes,STX,1,1,
5/23/2025 17:59:09,Stephen H - Crayth#38098,Adam S - wizma#29010,2-1,,,GGs! Get that gold star!,Yes,MID,1,1,
5/23/2025 17:59:19,Emmett F - Sepulchure#51526,Georgii C - Yasunori#84481,2-1,,,,Yes,STX,1,1,
5/23/2025 17:59:52,Bernard B - bforbernard#46312,Steve T - strout#45062,2-1,,,First AGL match complete!,Yes,BRO,1,1,
5/23/2025 18:13:11,Alexis M - Alexsfly#67052,Aaron R - Arn#51224,2-1,,,,Yes,DMU,1,1,
5/23/2025 18:14:49,Adam E - adamend#97520,Jeremy E - Lhurgoyf#37289,2-1,,,ggs!,Yes,SNC,1,1,
5/23/2025 18:25:02,Parker D - Android77#15898,Austin L - letschanator#96536,2-0,,,,Yes,STX,1,1,
5/23/2025 18:41:37,Cameron B - KingEggbert#01276,Nik S - njsiii#50504,2-1,,,GGs,Yes,MID,1,1,
5/23/2025 18:51:32,Matthew H - Almost#13446,Alex H - Merriman#08092,2-0,,,,Yes,DMU,1,1,
5/23/2025 18:54:25,Lukas M - Finley_2k1#30925,Caleb G - Whynaut#28590,2-0,,,,No,BRO,1,1,
5/23/2025 18:59:16,Sawyer T - soyboy#35469,John P - gokuorgohome#51511,2-1,,,,Yes,BRO,1,1,
5/23/2025 19:05:29,Parker D - Android77#15898,Johnny M - Johnny#69519,2-0,,,,No,DMU,1,1,
5/23/2025 19:08:15,Wei C - Azayaka#83352,Alexis M - Alexsfly#67052,2-0,,,,Yes,MID,1,1,
5/23/2025 19:43:24,Dirk E - BegginBlue#16667,Evan C - PeasOfCrab#00133,2-0,,,,Yes,NEO,1,1,
5/23/2025 20:09:07,Nick L - Aliphos#10232,Jake K - drizzy_jake#02350,2-1,,,I think this is the right person.... Hopefully,Yes,MID,1,1,
5/23/2025 20:17:43,Kevin I - Kni1993#29285,Ethan L - ethanndow#02818,2-0,,,,Yes,MID,1,1,
5/23/2025 20:38:37,Paul R - QildorCrana#01941,Johnny M - Johnny#69519,2-1,,,Thanks for playing! GGs,No,BRO,1,1,
5/23/2025 20:52:28,John P - gokuorgohome#51511,Kevin I - Kni1993#29285,2-1,,,great games,No,NEO,1,1,
5/23/2025 20:54:49,Ethan L - ethanndow#02818,Ben P - ChuckNoBlocks#32638,2-0,,,,No,DMU,1,1,
5/23/2025 21:05:13,Wyatt C - hotdolphin#30769,Georgii C - Yasunori#84481,2-0,,,,No,BRO,1,1,
5/23/2025 21:07:06,Lukas M - Finley_2k1#30925,Evan C - PeasOfCrab#00133,2-1,,,,No,DMU,1,1,
5/23/2025 21:12:31,Zack H - HackZolt#31077,Oskar T - ossytubbi#87966,2-0,,,"GG, enjoy the behold :)",Yes,DMU,1,1,
5/23/2025 21:37:31,Troy A - Tadams54#66582,Ethan L - ethanndow#02818,2-0,,,My first AGL match done!,No,BRO,1,1,
5/23/2025 21:39:34,Evan C - PeasOfCrab#00133,Nick L - Aliphos#10232,2-1,,,,No,NEO,1,1,
5/23/2025 21:59:52,Johnny M - Johnny#69519,Elliot H - blobby#99425,2-0,,,,Yes,MID,1,1,
5/23/2025 22:00:29,Lukas M - Finley_2k1#30925,Steve T - strout#45062,2-0,,,,No,MID,1,1,
5/23/2025 22:15:23,Troy A - Tadams54#66582,Daniel L - Yellfior#73187,2-1,,,,No,NEO,1,1,
5/23/2025 23:31:22,Elliot H - blobby#99425,Daniel L - Yellfior#73187,2-0,,,,No,BRO,1,1,
5/23/2025 23:32:46,Joseph S - NotSham#89034,Alex M - ItsYaBoiAlex#76222,2-0,,,,No,STX,1,1,
5/23/2025 23:34:18,Alex L - Alaexaender#76659,Daniel B - hmishima#77128,2-0,,,,Yes,BRO,1,1,
5/23/2025 23:36:09,Johnny M - Johnny#69519,Nolan F - Mordor#75624,2-1,,,,No,BRO,1,1,
5/23/2025 23:41:32,DeWitt K - SeethingOctopus#02129,Travis C - RandomJobber#97055,2-1,,,,Yes,DMU,1,1,
5/24/2025 0:03:19,James M - Demonic Tutor#02131,Salvatore P - Unborne#42237,2-1,,,,Yes,DMU,1,1,
5/24/2025 0:48:14,Jack H - Rakic#98298,Wei C - Azayaka#83352,2-1,,,,No,DMU,1,1,
5/24/2025 2:03:03,Kole D - Kole#38870,Paul G - TheDragon#61289,2-0,,,,Yes,SNC,1,1,
5/24/2025 2:06:57,Elliot H - blobby#99425,Alex L - Alaexaender#76659,2-0,,,,No,BRO,1,1,
5/24/2025 2:44:29,Travis C - RandomJobber#97055,Salvatore P - Unborne#42237,2-1,,,GGs,Yes,NEO,1,1,
5/24/2025 3:29:04,Paul G - TheDragon#61289,Travis C - RandomJobber#97055,2-1,,,,No,STX,1,1,
5/24/2025 3:42:56,Alex M - ItsYaBoiAlex#76222,David W - dwchief#36641,2-0,,,,Yes,DMU,1,1,
5/24/2025 3:52:57,Travis C - RandomJobber#97055,Wei C - Azayaka#83352,2-0,,,GGs,No,NEO,1,1,
5/24/2025 4:28:58,Alex M - ItsYaBoiAlex#76222,Tom M - Nestorow#05112,2-1,,,,Yes,STX,1,1,
5/24/2025 8:05:49,Adam S - wizma#29010,Nolan F - Mordor#75624,2-0,,,Thanks for the match!,No,DMU,1,1,
5/24/2025 10:10:24,Nick L - Aliphos#10232,Alex L - Alaexaender#76659,2-1,,,Ggs,No,NEO,1,1,
5/24/2025 10:34:18,Troy A - Tadams54#66582,Travis C - RandomJobber#97055,2-0,,,,No,NEO,1,1,
5/24/2025 11:26:43,Keelan T - Dufel#75965,Alex O - Poisonedchicken#66453,2-0,,,,Yes,BRO,1,1,
5/24/2025 11:45:36,Dominic M - domdoes#32489,Alexis M - Alexsfly#67052,2-0,,,GGs,No,BRO,1,1,
5/24/2025 12:10:07,Evan C - PeasOfCrab#00133,Aaron B - Bevelman#18220,2-0,,,,No,DMU,1,1,
5/24/2025 12:10:44,Caleb G - Whynaut#28590,Troy A - Tadams54#66582,2-1,,,,No,DMU,1,1,
5/24/2025 12:20:34,Wyatt C - hotdolphin#30769,Alex O - Poisonedchicken#66453,2-0,,,,No,NEO,1,1,
5/24/2025 12:59:09,James Mc - Fireball#69952,Wyatt C - hotdolphin#30769,2-0,,,,No,NEO,1,1,
5/24/2025 13:18:16,Lotte P - Lotte #93345,Bob P - HIT#08120,2-1,,,,Yes,BRO,1,1,
5/24/2025 13:19:43,Jeremy E - Lhurgoyf#37289,Paul G - TheDragon#61289,2-0,,,,No,STX,1,1,
5/24/2025 13:30:51,Bernard B - bforbernard#46312,James Mc - Fireball#69952,2-1,,,,No,MID,1,1,
5/24/2025 13:39:29,Bob P - HIT#08120,Ben P - ChuckNoBlocks#32638,2-1,,,,No,SNC,1,1,
5/24/2025 13:50:48,Bob P - HIT#08120,Bernard B - bforbernard#46312,2-0,,,,No,NEO,1,1,
5/24/2025 14:15:27,Paul G - TheDragon#61289,Wei C - Azayaka#83352,2-1,,,What a bizarre shuffling again that last game,No,STX,1,1,
5/24/2025 14:40:10,Sawyer T - soyboy#35469,Zeke W - smarmyplatapus#30066,2-0,,,,Yes,BRO,1,1,
5/24/2025 14:53:07,Bob P - HIT#08120,James Mc - Fireball#69952,2-0,,,,No,BRO,1,1,
5/24/2025 15:22:33,Dirk E - BegginBlue#16667,Oskar T - ossytubbi#87966,2-1,,,,No,SNC,1,1,
5/24/2025 15:26:08,Kole D - Kole#38870,Buster S - Hugester#31975,2-1,,,,Yes,NEO,1,1,
5/24/2025 15:27:16,Lotte P - Lotte #93345,Brett C - EwoksRBae#03223,2-1,,,,Yes,MID,1,1,
5/24/2025 15:44:05,Ryan M - rrrn22#32842,Joaquin E - DiabolicMachine#23891,2-1,,,,Yes,STX,1,1,
5/24/2025 15:50:27,Nick A - Nistar#14127,Bob P - HIT#08120,2-1,,,,Yes,DMU,1,1,
5/24/2025 15:50:39,Bernard B - bforbernard#46312,Keelan T - Dufel#75965,2-1,,,,No,SNC,1,1,
5/24/2025 15:56:42,Jacob B - Jacobbarnett15#95139,Adam L - Rogan Josh#07504,2-0,,,,Yes,BRO,1,1,
5/24/2025 16:10:51,Matthew H - Almost#13446,Dirk E - BegginBlue#16667,2-0,,,,No,STX,1,1,
5/24/2025 16:15:56,James M - Demonic Tutor#02131,Ben P - ChuckNoBlocks#32638,2-1,,,,Yes,NEO,1,1,
5/24/2025 16:20:23,Oskar T - ossytubbi#87966,Jeremy E - Lhurgoyf#37289,2-1,,,,No,NEO,1,1,
5/24/2025 16:56:02,Ben P - ChuckNoBlocks#32638,Jack H - Rakic#98298,2-1,,,,Yes,MID,1,1,
5/24/2025 17:22:56,Jacob B - Jacobbarnett15#95139,Georgii C - Yasunori#84481,2-0,,,,No,SNC,1,1,
5/24/2025 17:29:33,Bernard B - bforbernard#46312,Matthew H - Almost#13446,2-0,,,,No,NEO,1,1,
5/24/2025 17:52:31,Ryan M - rrrn22#32842,Daniel B - hmishima#77128,2-0,,,,Yes,MID,1,1,
5/24/2025 18:37:18,Maxime R - tasigurr#89921,Jacob B - Jacobbarnett15#95139,2-0,,,,Yes,STX,1,1,
5/24/2025 18:50:08,Paul R - QildorCrana#01941,John P - gokuorgohome#51511,2-0,,,GGs ,No,DMU,1,1,
5/24/2025 19:01:38,Maranda L - BlackCanary#59791,Nick L - Aliphos#10232,2-0,,,,No,BRO,1,1,
5/24/2025 19:22:59,Alex M - ItsYaBoiAlex#76222,Jake K - drizzy_jake#02350,2-1,,,insanely close gas,No,NEO,1,1,
5/24/2025 19:56:40,John D - DailyDraft#87013,Alex O - Poisonedchicken#66453,2-0,,,,No,MID,1,1,
5/24/2025 20:46:56,Jeremy E - Lhurgoyf#37289,Jake K - drizzy_jake#02350,2-1,,,epic match!,No,DMU,1,1,
5/24/2025 21:04:52,Alex L - Alaexaender#76659,John D - DailyDraft#87013,2-0,,,,No,SNC,1,1,
5/24/2025 21:52:48,Maxime R - tasigurr#89921,Joe T - elasticity#07466,2-0,,,,Yes,STX,1,1,
5/24/2025 22:08:25,Alex L - Alaexaender#76659,Aaron B - Bevelman#18220,2-0,,,,No,STX,1,1,
5/24/2025 22:14:07,Zack H - HackZolt#31077,Sawyer T - soyboy#35469,2-0,,,"Nice games, let's open something good!",No,NEO,1,1,
5/24/2025 23:17:14,Caleb G - Whynaut#28590,Salvatore P - Unborne#42237,2-0,,,,No,SNC,1,1,
5/25/2025 0:55:06,Jamie W - Jamie#45846,Joe T - elasticity#07466,2-0,,,,Yes,MID,1,1,
5/25/2025 0:55:33,Steve T - strout#45062,Alex H - Merriman#08092,2-0,,,GGs!,No,BRO,1,1,
5/25/2025 2:47:35,Maxime R - tasigurr#89921,Steve T - strout#45062,2-1,,,,No,STX,1,1,
5/25/2025 7:42:36,Evan L - Evan#97713,Buster S - Hugester#31975,2-1,,,,Yes,STX,1,1,
5/25/2025 9:11:47,Evan L - Evan#97713,Matthias H - Rezreh#11308,2-0,,,,Yes,DMU,1,1,
5/25/2025 10:04:48,John P - gokuorgohome#51511,Matthias H - Rezreh#11308,2-1,,,,No,BRO,1,1,
5/25/2025 11:33:30,Buster S - Hugester#31975,Ryan M - rrrn22#32842,2-1,,,,No,STX,1,1,
5/25/2025 11:45:50,Paul R - QildorCrana#01941,Oskar T - ossytubbi#87966,2-1,,,GGs,No,NEO,1,1,
5/25/2025 11:59:29,Alex O - Poisonedchicken#66453,James M - Demonic Tutor#02131,2-0,,,,No,STX,1,1,
5/25/2025 12:42:37,Evan C - PeasOfCrab#00133,Kevin I - Kni1993#29285,2-0,,,,No,SNC,1,1,
5/25/2025 13:05:00,Steve T - strout#45062,Chris Y - Yorke on Games#66909,2-0,,,GGs!,No,SNC,1,1,
5/25/2025 13:16:26,Aaron B - Bevelman#18220,Alex O - Poisonedchicken#66453,2-0,,,ggs,No,DMU,1,1,
5/25/2025 13:19:39,John P - gokuorgohome#51511,Evan L - Evan#97713,2-1,,,,No,BRO,1,1,
5/25/2025 13:36:36,Chris Y - Yorke on Games#66909,Zeke W - smarmyplatapus#30066,2-0,,,,Yes,SNC,1,1,
5/25/2025 14:26:38,Alex M - ItsYaBoiAlex#76222,Zack H - HackZolt#31077,2-1,,,give the man some good red,No,BRO,1,1,
5/25/2025 15:09:37,Matthias H - Rezreh#11308,Jamie W - Jamie#45846,2-0,,,,No,MID,1,1,
5/25/2025 15:10:11,Ben P - ChuckNoBlocks#32638,Daniel L - Yellfior#73187,2-0,,,,No,STX,1,1,
5/25/2025 15:34:10,Aaron B - Bevelman#18220,John D - DailyDraft#87013,2-1,,,,Yes,STX,1,1,
5/25/2025 15:40:59,Lotte P - Lotte #93345,Jamie W - Jamie#45846,2-0,,,,No,SNC,1,1,
5/25/2025 16:22:26,Nick A - Nistar#14127,John D - DailyDraft#87013,2-0,,,,Yes,NEO,1,1,
5/25/2025 17:39:37,Georgii C - Yasunori#84481,Troy A - Tadams54#66582,2-1,,,,No,BRO,1,1,
5/25/2025 17:45:54,Adam S - wizma#29010,Brett C - EwoksRBae#03223,2-0,,,Ggs! Thanks for the match!,No,BRO,1,1,
5/25/2025 18:30:04,John D - DailyDraft#87013,Miranda J - MajicMiranda#55720,2-1,,,,No,MID,1,1,
5/25/2025 19:21:36,Alexis M - Alexsfly#67052,Nick A - Nistar#14127,2-1,,,,No,DMU,1,1,
5/25/2025 19:38:46,Kole D - Kole#38870,Jake K - drizzy_jake#02350,2-1,,,,No,STX,1,1,
5/25/2025 20:44:11,Michael M - Atombomb11991#07305,Aaron B - Bevelman#18220,2-1,,,,Yes,SNC,1,1,
5/25/2025 20:44:45,Austin L - letschanator#96536,Kevin I - Kni1993#29285,2-0,,,,No,DMU,1,1,
5/25/2025 21:07:09,Stephen H - Crayth#38098,Jaidin M - MnemonicDevice#38774,2-0,,,GGs!,Yes,STX,1,1,
5/25/2025 21:08:47,Matthew G - iluvatar777#20638,Jordan M - JMTron#46639,2-0,,,ggs at the park!,Yes,STX,1,1,
5/25/2025 21:12:40,Austin L - letschanator#96536,Michael M - Atombomb11991#07305,2-1,,,,No,NEO,1,1,
5/25/2025 21:59:37,Nik S - njsiii#50504,Chris O - Chriso91#46230,2-1,,,,No,BRO,1,1,
5/25/2025 22:57:32,Daniel L - Yellfior#73187,Zack H - HackZolt#31077,2-1,,,GG WP!,No,SNC,1,1,
5/25/2025 23:13:27,Kole D - Kole#38870,Colton S - ColtonCooper#56958,2-1,,,,No,BRO,1,1,
5/25/2025 23:30:16,Nik S - njsiii#50504,Colton S - ColtonCooper#56958,2-1,,,,Yes,SNC,1,1,
5/26/2025 0:17:02,Nolan F - Mordor#75624,Joaquin E - DiabolicMachine#23891,2-1,,,,No,MID,1,1,
5/26/2025 0:21:27,Sylvain T - Iquitos#15484,Preston B - Vorbis#46420,2-1,,,GGs!,No,DMU,1,1,
5/26/2025 0:38:47,Chris Y - Yorke on Games#66909,Elliot H - blobby#99425,2-1,,,Grindfest!!,No,NEO,1,1,
5/26/2025 1:33:45,Elliot H - blobby#99425,Jamie W - Jamie#45846,2-1,,,ggs!,No,DMU,1,1,
5/26/2025 1:57:39,Parker D - Android77#15898,Chris Y - Yorke on Games#66909,2-1,,,,No,NEO,1,1,
5/26/2025 5:44:22,Georgii C - Yasunori#84481,Evan L - Evan#97713,2-1,,,,No,NEO,1,1,
5/26/2025 9:19:19,Evan L - Evan#97713,Joseph S - NotSham#89034,2-1,,,,No,BRO,1,1,
5/26/2025 10:16:26,Nolan F - Mordor#75624,Buster S - Hugester#31975,2-0,,,,No,MID,1,1,
5/26/2025 10:26:47,Nick A - Nistar#14127,Kevin I - Kni1993#29285,2-0,,,,No,BRO,1,1,
5/26/2025 10:49:39,Cody-Rayce MG - Rayce#56572,Buster S - Hugester#31975,2-0,,,ggs,No,DMU,1,1,
5/26/2025 11:02:21,DeWitt K - SeethingOctopus#02129,Lukas M - Finley_2k1#30925,2-1,,,,No,DMU,1,1,
5/26/2025 11:31:24,Eric S - Smitte#94855,Dominic M - domdoes#32489,2-0,,,,No,MID,1,1,
5/26/2025 12:22:18,Cody-Rayce MG - Rayce#56572,Eric S - Smitte#94855,2-1,,,ggs wp,Yes,MID,1,1,
5/26/2025 12:40:42,Caleb G - Whynaut#28590,Daniel L - Yellfior#73187,2-1,,,,No,SNC,1,1,
5/26/2025 13:50:54,Matthew H - Almost#13446,Cody-Rayce MG - Rayce#56572,2-1,,,,No,NEO,1,1,
5/26/2025 14:16:55,Lotte P - Lotte #93345,Jack H - Rakic#98298,2-1,,,,No,BRO,1,1,
5/26/2025 14:40:35,Sawyer T - soyboy#35469,Adam L - Rogan Josh#07504,2-0,,,,No,DMU,1,1,
5/26/2025 14:53:02,Nick A - Nistar#14127,Lotte P - Lotte #93345,2-0,,,,No,SNC,1,1,
5/26/2025 16:04:25,Emmett F - Sepulchure#51526,Chris P - Joker01#66827,2-1,,,,No,BRO,1,1,
5/26/2025 16:30:21,Brett C - EwoksRBae#03223,Daniel B - hmishima#77128,2-0,,,,No,DMU,1,1,
5/26/2025 16:46:52,Chris P - Joker01#66827,Joseph H - Sexcellence#51112,2-0,,,,Yes,NEO,1,1,
5/26/2025 19:07:10,Alex H - Merriman#08092,Jake K - drizzy_jake#02350,2-0,,,,No,BRO,1,1,
5/26/2025 19:07:30,Renaud C - ArExSea#25399,Christopher G - oompaloompa#65002,2-1,,,,Yes,SNC,1,1,
5/26/2025 19:24:16,Aaron R - Arn#51224,Austin L - letschanator#96536,2-0,,,,No,SNC,1,1,
5/26/2025 19:49:44,Emmett F - Sepulchure#51526,Mitchel S - SpaghettiMitch#18619,2-0,,,,No,MID,1,1,
5/26/2025 20:09:53,Daniel B - hmishima#77128,Maranda L - BlackCanary#59791,2-0,,,,No,STX,1,1,
5/26/2025 21:00:54,Ethan L - ethanndow#02818,Matt S - mullethunter324#49693,2-1,,,,No,STX,1,1,
5/26/2025 21:12:32,Kole D - Kole#38870,Parker D - Android77#15898,2-0,,,,No,BRO,1,1,
5/26/2025 21:33:58,Adam S - wizma#29010,Ethan L - ethanndow#02818,2-0,,,Thanks for the match!,No,NEO,1,1,
5/26/2025 21:42:21,Zack H - HackZolt#31077,Aaron R - Arn#51224,2-0,,,Best of luck on a bomb in this pack,No,MID,1,1,
5/26/2025 22:30:12,Joaquin E - DiabolicMachine#23891,Jacob B - Jacobbarnett15#95139,2-1,,,,No,NEO,1,1,
5/26/2025 23:06:18,Jack H - Rakic#98298,Joe T - elasticity#07466,2-1,,,,No,DMU,1,1,
5/26/2025 23:07:28,Ben M - cardmaaster#84341,Matt St - bubbasbums#70462,2-1,,,,No,MID,1,1,
5/27/2025 0:22:38,Daniel G - FriskyHobbit#43185,Ben M - cardmaaster#84341,2-1,,,,No,NEO,1,1,
5/27/2025 0:40:00,Preston B - Vorbis#46420,Emmett F - Sepulchure#51526,2-1,,,,Yes,BRO,1,1,
5/27/2025 11:16:12,Wyatt C - hotdolphin#30769,Quill M - Nocnoc#13791,2-1,,,,No,MID,1,1,
5/27/2025 11:43:05,Adam E - adamend#97520,Quill M - Nocnoc#13791,2-0,,,,No,DMU,1,1,
5/27/2025 12:35:52,Adam E - adamend#97520,Stephen H - Crayth#38098,2-0,,,,No,BRO,1,1,
5/27/2025 12:53:41,Ryan M - rrrn22#32842,Alex H - Merriman#08092,2-0,,,,No,MID,1,1,
5/27/2025 13:46:05,Cameron B - KingEggbert#01276,Matthias H - Rezreh#11308,2-0,,,ggs!,No,NEO,1,1,
5/27/2025 14:21:52,Nicholas H - JetPilot#02453,Adam E - adamend#97520,2-1,,,,Yes,NEO,1,1,
5/27/2025 16:01:09,Chris P - Joker01#66827,Matt S - mullethunter324#49693,2-1,,,,No,MID,1,1,
5/27/2025 16:14:42,Cameron B - KingEggbert#01276,Jordan M - JMTron#46639,2-1,,,GGs!,No,MID,1,1,
5/27/2025 16:42:38,Alexis M - Alexsfly#67052,Ben M - cardmaaster#84341,2-0,,,,No,BRO,1,1,
5/27/2025 16:45:09,Matt S - mullethunter324#49693,Keelan T - Dufel#75965,2-1,,,,No,STX,1,1,
5/27/2025 17:01:00,Stephen H - Crayth#38098,Renaud C - ArExSea#25399,2-0,,,,No,MID,1,1,
5/27/2025 17:04:40,Paul R - QildorCrana#01941,Matt S - mullethunter324#49693,2-1,,,,No,DMU,1,1,
5/27/2025 19:24:13,Mitchel S - SpaghettiMitch#18619,Ryan M - rrrn22#32842,2-0,,,,No,BRO,1,1,
5/27/2025 19:37:35,Maranda L - BlackCanary#59791,Wyatt C - hotdolphin#30769,2-0,,,,Yes,SNC,1,1,
5/27/2025 20:08:13,Chris R - Sinkwater#27508,Daniel G - FriskyHobbit#43185,2-1,,,,Yes,DMU,1,1,
5/27/2025 20:18:24,Nik S - njsiii#50504,Mitchel S - SpaghettiMitch#18619,2-1,,,,No,STX,1,1,
5/27/2025 21:32:53,Matt S - mullethunter324#49693,Matt St - bubbasbums#70462,2-0,,,,No,SNC,1,1,
5/27/2025 22:22:11,Matt St - bubbasbums#70462,Joe T - elasticity#07466,2-0,,,,No,NEO,1,1,
5/27/2025 23:02:52,Chris R - Sinkwater#27508,Matthew G - iluvatar777#20638,2-1,,,,Yes,NEO,1,1,
5/27/2025 23:14:11,Sawyer T - soyboy#35469,James M - Demonic Tutor#02131,2-0,,,,No,SNC,1,1,
5/27/2025 23:28:40,Joaquin E - DiabolicMachine#23891,Sylvain T - Iquitos#15484,2-0,,,,No,BRO,1,1,
5/27/2025 23:37:03,Matt St - bubbasbums#70462,David W - dwchief#36641,2-1,,,,Yes,MID,1,1,
5/28/2025 0:32:27,Jordan M - JMTron#46639,Zeke W - smarmyplatapus#30066,2-1,,,,No,NEO,1,1,
5/28/2025 1:00:18,Jordan M - JMTron#46639,Jeremy E - Lhurgoyf#37289,2-0,,,,No,DMU,1,1,
5/28/2025 16:24:43,Adam E - adamend#97520,David W - dwchief#36641,2-0,,,,No,SNC,1,1,
5/28/2025 17:16:34,Cameron B - KingEggbert#01276,Daniel B - hmishima#77128,2-0,,,GG!,No,STX,1,1,
5/28/2025 18:16:24,David W - dwchief#36641,Matt F - MadeMyBus#92429,2-1,,,GGs!,No,SNC,1,1,
5/28/2025 18:45:26,Daniel M - HPWizard#40332,Chris O - Chriso91#46230,2-1,,,,Yes,SNC,1,1,
5/28/2025 18:53:06,Nik S - njsiii#50504,Matthew K - Tortag#62633,2-0,,,,No,MID,1,1,
5/28/2025 18:58:36,Adam S - wizma#29010,Enrique O - Caex#39549,2-0,,,Good games!,No,BRO,1,1,
5/28/2025 19:47:35,Brett C - EwoksRBae#03223,Michael M - Atombomb11991#07305,2-0,,,GGs!,No,BRO,1,1,
5/28/2025 19:48:03,DeWitt K - SeethingOctopus#02129,Mitchel S - SpaghettiMitch#18619,2-1,,,,Yes,NEO,1,1,
5/28/2025 19:53:17,Jordan M - JMTron#46639,Daniel G - FriskyHobbit#43185,2-0,,,,No,MID,1,1,
5/28/2025 19:59:00,Maranda L - BlackCanary#59791,Cameron B - KingEggbert#01276,2-1,,,,No,SNC,1,1,
5/28/2025 21:00:28,Eric S - Smitte#94855,Aaron R - Arn#51224,2-1,,,"Epic match, GGs sorry about the land g1",No,SNC,1,1,
5/28/2025 21:26:09,Joe T - elasticity#07466,Chris R - Sinkwater#27508,2-0,,,,No,DMU,1,1,
5/28/2025 21:58:46,Chris R - Sinkwater#27508,Colton S - ColtonCooper#56958,2-0,,,,No,STX,1,1,
5/28/2025 22:48:13,Sylvain T - Iquitos#15484,Chris R - Sinkwater#27508,2-1,,,GGS!,No,MID,1,1,
5/28/2025 23:07:38,Matt St - bubbasbums#70462,Preston B - Vorbis#46420,2-1,,,,Yes,MID,1,1,
5/28/2025 23:40:50,Emmett F - Sepulchure#51526,Matthew G - iluvatar777#20638,2-1,,,,No,MID,1,1,
5/28/2025 23:52:23,Maxime R - tasigurr#89921,Chris Y - Yorke on Games#66909,2-0,,,,No,STX,1,1,
5/29/2025 12:04:18,Chris O - Chriso91#46230,Sylvain T - Iquitos#15484,2-0,,,,No,SNC,1,1,
5/29/2025 12:14:25,Dirk E - BegginBlue#16667,Jacob B - Jacobbarnett15#95139,2-1,,,GG,No,MID,1,1,
5/29/2025 13:37:15,Daniel G - FriskyHobbit#43185,Cody-Rayce MG - Rayce#56572,2-1,,,,No,STX,1,1,
5/29/2025 16:13:00,David W - dwchief#36641,Eric S - Smitte#94855,2-1,,,GGs!,No,SNC,1,1,
5/29/2025 17:09:57,Joseph S - NotSham#89034,Chris P - Joker01#66827,2-1,,,,No,SNC,1,1,
5/29/2025 17:18:00,Stephen H - Crayth#38098,Brett C - EwoksRBae#03223,2-0,,,,No,NEO,1,1,
5/29/2025 17:57:24,Maxime R - tasigurr#89921,Christopher G - oompaloompa#65002,2-1,,,,No,STX,1,1,
5/29/2025 17:59:52,Matthias H - Rezreh#11308,Joseph S - NotSham#89034,2-0,,,,No,NEO,1,1,
5/29/2025 18:36:39,Enrique O - Caex#39549,Jacob H - Jahbna#39577,2-0,,,,Yes,DMU,1,1,
5/29/2025 19:14:54,Enrique O - Caex#39549,Joel G - DandelionsOut#82916,2-0,,,"Joel had to leave during game 2, I was up 1-0 and he conceded",Yes,MID,1,1,
5/29/2025 19:55:47,Mitchel S - SpaghettiMitch#18619,Jacob H - Jahbna#39577,2-0,,,,No,STX,1,1,
5/29/2025 20:09:55,Cody-Rayce MG - Rayce#56572,Daniel M - HPWizard#40332,2-0,,,ggs,No,SNC,1,1,
5/29/2025 20:18:56,DeWitt K - SeethingOctopus#02129,Daniel G - FriskyHobbit#43185,2-0,,,,No,BRO,1,1,
5/29/2025 20:49:50,DeWitt K - SeethingOctopus#02129,Zeke W - smarmyplatapus#30066,2-1,,,,No,STX,1,1,
5/29/2025 21:19:23,Aaron R - Arn#51224,Jacob H - Jahbna#39577,2-1,,,,No,NEO,1,1,
5/29/2025 21:30:19,Nicholas H - JetPilot#02453,Daniel M - HPWizard#40332,2-1,,,,Yes,DMU,1,1,
5/29/2025 21:47:00,Joaquin E - DiabolicMachine#23891,Tom M - Nestorow#05112,2-0,,,,No,BRO,1,1,
5/29/2025 22:40:42,Sebastian B - 22bebo#54651,Nicholas H - JetPilot#02453,2-1,,,GGs!,No,STX,1,1,
5/29/2025 22:47:23,Tom M - Nestorow#05112,Matthew G - iluvatar777#20638,2-0,,,,No,BRO,1,1,
5/29/2025 23:15:37,Tom M - Nestorow#05112,Sebastian B - 22bebo#54651,2-0,,,,No,NEO,1,1,
5/29/2025 23:16:20,Colton S - ColtonCooper#56958,Renaud C - ArExSea#25399,2-1,,,,No,SNC,1,1,
5/29/2025 23:56:00,Preston B - Vorbis#46420,James M - Demonic Tutor#02131,2-0,,,,No,NEO,1,1,
5/29/2025 23:56:22,Tom M - Nestorow#05112,Tony D - Adoan4413#75317,2-0,,,,No,SNC,1,1,
5/30/2025 0:23:46,Keelan T - Dufel#75965,Renaud C - ArExSea#25399,2-0,,,,No,NEO,1,1,
5/30/2025 1:48:22,Matt F - MadeMyBus#92429,Sebastian B - 22bebo#54651,2-1,,,GGs,Yes,DMU,1,1,
5/30/2025 2:05:45,Ben M - cardmaaster#84341,Keelan T - Dufel#75965,2-1,,,,No,NEO,1,1,
5/30/2025 7:43:16,Oskar T - ossytubbi#87966,Renaud C - ArExSea#25399,2-0,,,,No,BRO,1,1,
5/30/2025 11:41:31,Chris O - Chriso91#46230,Tony D - Adoan4413#75317,2-0,,,,No,NEO,1,1,
5/30/2025 11:51:06,Joel G - DandelionsOut#82916,Adam L - Rogan Josh#07504,2-0,,,,No,NEO,1,1,
5/30/2025 12:38:36,Joel G - DandelionsOut#82916,Matthew G - iluvatar777#20638,2-1,,,,No,DMU,1,1,
5/30/2025 13:01:55,Daniel M - HPWizard#40332,Adam L - Rogan Josh#07504,2-0,,,,No,STX,1,1,
5/30/2025 13:38:34,Dan A - BEATDOWNBRINGA#04779,Joel G - DandelionsOut#82916,2-0,,,,No,SNC,1,1,
5/30/2025 14:10:28,Miranda J - MajicMiranda#55720,Dan A - BEATDOWNBRINGA#04779,2-1,,,,No,DMU,1,1,
5/30/2025 14:47:20,Dan A - BEATDOWNBRINGA#04779,Nicholas H - JetPilot#02453,2-0,,,,No,BRO,1,1,
5/30/2025 14:50:34,Matt F - MadeMyBus#92429,Tony D - Adoan4413#75317,2-1,,,,No,DMU,1,1,
5/30/2025 15:24:48,Dan A - BEATDOWNBRINGA#04779,Tony D - Adoan4413#75317,2-0,,,,No,BRO,1,1,
5/30/2025 16:01:59,Enrique O - Caex#39549,Matt F - MadeMyBus#92429,2-0,,,,No,MID,1,1,
5/30/2025 16:25:51,Matt F - MadeMyBus#92429,Quill M - Nocnoc#13791,2-0,,,,No,BRO,1,1,
5/30/2025 16:37:45,Dominic M - domdoes#32489,Tony D - Adoan4413#75317,2-1,,,,No,STX,1,1,
5/30/2025 17:20:25,Stephen H - Crayth#38098,Nik S - njsiii#50504,2-0,,,,No,STX,1,1,
5/30/2025 17:29:49,David W - dwchief#36641,Paul R - QildorCrana#01941,2-0,,,GGs!,No,BRO,1,1,
5/30/2025 17:50:18,Paul G - TheDragon#61289,Alex M - ItsYaBoiAlex#76222,2-1,,,,Yes,MID,1,1,
5/30/2025 17:52:01,Dan A - BEATDOWNBRINGA#04779,Jack H - Rakic#98298,2-0,,,,Yes,DMU,1,1,
5/30/2025 17:56:05,Alexis M - Alexsfly#67052,Adam E - adamend#97520,2-1,,,,No,STX,1,1,
5/30/2025 18:02:25,Travis C - RandomJobber#97055,Wyatt C - hotdolphin#30769,2-0,,,GGs,No,DMU,1,1,
5/30/2025 18:17:12,Elliot H - blobby#99425,Dirk E - BegginBlue#16667,2-0,,,,No,BRO,1,1,
5/30/2025 18:18:00,Ryan M - rrrn22#32842,Nolan F - Mordor#75624,2-1,,,,No,MID,1,1,
5/30/2025 18:18:14,Steve T - strout#45062,Jordan M - JMTron#46639,2-1,,,GGs!,No,DMU,1,1,
5/30/2025 18:23:48,Cameron B - KingEggbert#01276,Evan C - PeasOfCrab#00133,2-0,,,GG!,Yes,BRO,1,1,
5/30/2025 18:23:55,Troy A - Tadams54#66582,Chris P - Joker01#66827,2-0,,,,No,NEO,1,1,
5/30/2025 18:38:12,Matthew H - Almost#13446,David W - dwchief#36641,2-1,,,ggs!,No,STX,1,1,
5/30/2025 18:40:09,Oskar T - ossytubbi#87966,Travis C - RandomJobber#97055,2-1,,,,No,BRO,1,1,
5/30/2025 18:51:20,Cody-Rayce MG - Rayce#56572,Dan A - BEATDOWNBRINGA#04779,2-0,,,ggs,No,NEO,1,1,
5/30/2025 19:05:14,Oskar T - ossytubbi#87966,Troy A - Tadams54#66582,2-0,,,,No,STX,1,1,
5/30/2025 19:10:50,Elliot H - blobby#99425,Bernard B - bforbernard#46312,2-1,,,,No,MID,1,1,
5/30/2025 19:12:32,Paul R - QildorCrana#01941,Travis C - RandomJobber#97055,2-0,,,GGs!,No,MID,1,1,
5/30/2025 19:31:46,Alex L - Alaexaender#76659,Oskar T - ossytubbi#87966,2-0,,,,No,BRO,1,1,
5/30/2025 19:40:03,Cody-Rayce MG - Rayce#56572,Alexis M - Alexsfly#67052,2-1,,,ggs,No,NEO,1,1,
5/30/2025 19:44:44,Dan A - BEATDOWNBRINGA#04779,Daniel G - FriskyHobbit#43185,2-1,,,,No,NEO,1,1,
5/30/2025 19:50:07,Ethan L - ethanndow#02818,Nick A - Nistar#14127,2-1,,,,No,NEO,1,1,
5/30/2025 20:17:13,Matthew H - Almost#13446,Sawyer T - soyboy#35469,2-1,,,,No,SNC,1,1,
5/30/2025 20:19:31,Ethan L - ethanndow#02818,Kevin I - Kni1993#29285,2-0,,,,No,STX,1,1,
5/30/2025 20:20:03,Alex L - Alaexaender#76659,DeWitt K - SeethingOctopus#02129,2-0,,,,No,SNC,1,1,
5/30/2025 20:22:19,Zeke W - smarmyplatapus#30066,Sylvain T - Iquitos#15484,2-0,,,ggs!,No,NEO,1,1,
5/30/2025 20:49:31,Nick L - Aliphos#10232,Ethan L - ethanndow#02818,2-0,,,,No,SNC,1,1,
5/30/2025 20:53:50,Georgii C - Yasunori#84481,Tom M - Nestorow#05112,2-0,,,GGs,No,MID,1,1,
5/30/2025 21:22:27,Troy A - Tadams54#66582,DeWitt K - SeethingOctopus#02129,2-1,,,,No,STX,1,1,
5/30/2025 21:33:25,Caleb G - Whynaut#28590,Nick L - Aliphos#10232,2-1,,,,No,SNC,1,1,
5/30/2025 21:48:26,Kole D - Kole#38870,Alex L - Alaexaender#76659,2-1,,,,No,STX,1,1,
5/30/2025 21:58:40,Caleb G - Whynaut#28590,Kevin I - Kni1993#29285,2-0,,,,No,-,1,1,
5/30/2025 22:10:42,Jordan M - JMTron#46639,Daniel L - Yellfior#73187,2-0,,,,No,MID,1,1,
5/30/2025 22:13:27,Alex M - ItsYaBoiAlex#76222,Troy A - Tadams54#66582,2-0,,,,No,NEO,1,1,
5/30/2025 22:49:18,Emmett F - Sepulchure#51526,Alex M - ItsYaBoiAlex#76222,2-0,,,,No,NEO,1,1,
5/30/2025 22:50:20,Caleb G - Whynaut#28590,Kole D - Kole#38870,2-1,,,,No,DMU,1,1,
5/30/2025 23:19:04,Nick L - Aliphos#10232,Bob P - HIT#08120,2-1,,,Get those lessons,Yes,STX,1,1,
5/30/2025 23:29:47,Steve T - strout#45062,Caleb G - Whynaut#28590,2-0,,,GGs!,No,STX,1,1,
5/30/2025 23:31:27,Parker D - Android77#15898,Emmett F - Sepulchure#51526,2-0,,,,No,MID,1,1,
5/31/2025 0:03:14,Steve T - strout#45062,Bob P - HIT#08120,2-1,,,GGs!,No,SNC,1,1,
5/31/2025 0:22:03,DeWitt K - SeethingOctopus#02129,Ethan L - ethanndow#02818,2-0,,,,No,STX,1,1,
5/31/2025 0:45:43,Maxime R - tasigurr#89921,Stephen H - Crayth#38098,2-1,,,,No,MID,1,1,
5/31/2025 0:58:55,Jordan M - JMTron#46639,Alex H - Merriman#08092,2-0,,,,No,SNC,1,1,
5/31/2025 1:16:02,Elliot H - blobby#99425,Joaquin E - DiabolicMachine#23891,2-1,,,,Yes,DMU,1,1,
5/31/2025 1:20:37,Jordan M - JMTron#46639,Maxime R - tasigurr#89921,2-1,,,,No,STX,1,1,
5/31/2025 1:33:44,Steve T - strout#45062,James M - Demonic Tutor#02131,2-0,,,GGs!,Yes,BRO,1,1,
5/31/2025 1:59:08,Paul G - TheDragon#61289,Ben P - ChuckNoBlocks#32638,2-0,,,,Yes,STX,1,1,
5/31/2025 2:17:42,Elliot H - blobby#99425,Nick L - Aliphos#10232,2-1,,,,No,MID,1,1,
5/31/2025 5:47:50,Lotte P - Lotte #93345,Matthias H - Rezreh#11308,2-1,,,,No,MID,1,1,
5/31/2025 8:57:11,Lotte P - Lotte #93345,Ryan M - rrrn22#32842,2-0,,,,No,MID,1,1,
5/31/2025 11:10:30,Oskar T - ossytubbi#87966,James Mc - Fireball#69952,2-0,,,,No,SNC,1,1,
5/31/2025 11:13:54,Austin L - letschanator#96536,Chris Y - Yorke on Games#66909,2-1,,,,No,DMU,1,1,
5/31/2025 11:19:16,Matt S - mullethunter324#49693,Ben P - ChuckNoBlocks#32638,2-1,,,,Yes,BRO,1,1,
5/31/2025 11:49:21,Bernard B - bforbernard#46312,Matt S - mullethunter324#49693,2-0,,,,No,NEO,1,1,
5/31/2025 11:58:22,Jordan M - JMTron#46639,Chris Y - Yorke on Games#66909,2-0,,,,No,BRO,1,1,
5/31/2025 12:28:56,Wei C - Azayaka#83352,Ben P - ChuckNoBlocks#32638,2-1,,,,No,-,1,1,
5/31/2025 12:41:48,Chris Y - Yorke on Games#66909,Salvatore P - Unborne#42237,2-1,,,Trades ahoy,No,MID,1,1,
5/31/2025 12:44:16,Bernard B - bforbernard#46312,Cameron B - KingEggbert#01276,2-1,,,,No,STX,1,1,
5/31/2025 13:04:13,Travis C - RandomJobber#97055,James Mc - Fireball#69952,2-1,,,GGs,No,NEO,1,1,
5/31/2025 13:20:15,Bernard B - bforbernard#46312,Oskar T - ossytubbi#87966,2-1,,,,No,STX,1,1,
5/31/2025 13:46:21,Chris Y - Yorke on Games#66909,Travis C - RandomJobber#97055,2-1,,,Vivien v Vivien vg,No,-,1,1,
5/31/2025 14:13:05,Bob P - HIT#08120,Chris Y - Yorke on Games#66909,2-0,,,,No,-,1,1,
5/31/2025 14:27:49,Bob P - HIT#08120,Nolan F - Mordor#75624,2-0,,,,No,NEO,1,1,
5/31/2025 14:48:42,Maranda L - BlackCanary#59791,Aaron B - Bevelman#18220,2-0,,,,No,BRO,1,1,
5/31/2025 15:10:13,Evan L - Evan#97713,Bob P - HIT#08120,2-0,,,,No,MID,1,1,
5/31/2025 15:44:52,Emmett F - Sepulchure#51526,James M - Demonic Tutor#02131,2-0,,,,No,DMU,1,1,
5/31/2025 16:08:36,Matthew H - Almost#13446,Jeremy E - Lhurgoyf#37289,2-0,,,,Yes,BRO,1,1,
5/31/2025 16:22:04,Evan C - PeasOfCrab#00133,Brett C - EwoksRBae#03223,2-0,,,,No,STX,1,1,
5/31/2025 16:23:24,Bob P - HIT#08120,James M - Demonic Tutor#02131,2-1,,,,No,-,1,1,
5/31/2025 16:29:19,Kole D - Kole#38870,Evan L - Evan#97713,2-0,,,,No,DMU,1,1,
5/31/2025 16:34:37,Keelan T - Dufel#75965,Georgii C - Yasunori#84481,2-0,,,,Yes,MID,1,1,
5/31/2025 17:06:38,Evan C - PeasOfCrab#00133,Kole D - Kole#38870,2-0,,,,No,MID,1,1,
5/31/2025 17:33:08,Evan C - PeasOfCrab#00133,Georgii C - Yasunori#84481,2-0,,,,No,DMU,1,1,
5/31/2025 18:22:51,Chris R - Sinkwater#27508,Nolan F - Mordor#75624,2-1,,,,Yes,-,1,1,
5/31/2025 19:47:28,John P - gokuorgohome#51511,Wei C - Azayaka#83352,2-0,,,,Yes,BRO,1,1,
5/31/2025 20:41:31,Georgii C - Yasunori#84481,Maxime R - tasigurr#89921,2-0,,,Tight games!,No,BRO,1,1,
5/31/2025 21:05:32,Maxime R - tasigurr#89921,Alex L - Alaexaender#76659,2-0,,,,No,DMU,1,1,
5/31/2025 23:04:56,Stephen H - Crayth#38098,Alex L - Alaexaender#76659,2-1,,,,No,SNC,1,1,
6/1/2025 0:06:37,Jack H - Rakic#98298,Alex M - ItsYaBoiAlex#76222,2-0,,,,No,BRO,1,1,
6/1/2025 0:09:55,Joaquin E - DiabolicMachine#23891,Daniel G - FriskyHobbit#43185,2-0,,,,No,STX,1,1,
6/1/2025 1:06:23,Daniel G - FriskyHobbit#43185,Alex M - ItsYaBoiAlex#76222,2-1,,,,No,SNC,1,1,
6/1/2025 2:04:48,Salvatore P - Unborne#42237,Sawyer T - soyboy#35469,2-1,,,I got detention for NAILBITING,Yes,STX,1,1,
6/1/2025 2:05:57,Steve T - strout#45062,Ben M - cardmaaster#84341,2-1,,,GGs!,No,STX,1,1,
6/1/2025 9:12:10,Adam S - wizma#29010,Dirk E - BegginBlue#16667,2-0,,,Good games!,No,MID,1,1,
6/1/2025 9:32:50,Lotte P - Lotte #93345,Nick A - Nistar#14127,2-0,,,"Call me Taytay, because I do nothing better than revenge",No,STX,1,1,
6/1/2025 10:08:18,Brett C - EwoksRBae#03223,Quill M - Nocnoc#13791,2-1,,,gl w pack!,No,SNC,1,1,
6/1/2025 10:11:23,Lotte P - Lotte #93345,John P - gokuorgohome#51511,2-0,,,,No,STX,1,1,
6/1/2025 10:25:24,Chris R - Sinkwater#27508,Wyatt C - hotdolphin#30769,2-1,,,,No,STX,1,1,
6/1/2025 11:40:08,Buster S - Hugester#31975,John P - gokuorgohome#51511,2-1,,,,Yes,MID,1,1,
6/1/2025 11:49:31,Joaquin E - DiabolicMachine#23891,Adam S - wizma#29010,2-0,,,,No,DMU,1,1,
6/1/2025 12:49:19,Cameron B - KingEggbert#01276,Georgii C - Yasunori#84481,2-0,,,gg!,No,-,1,1,
6/1/2025 13:05:08,Paul R - QildorCrana#01941,Aaron R - Arn#51224,2-1,,,That was so stressful in the best way. GGs,No,STX,1,1,
6/1/2025 13:24:08,Austin L - letschanator#96536,Quill M - Nocnoc#13791,2-0,,,,No,NEO,1,1,
6/1/2025 13:43:28,Dirk E - BegginBlue#16667,Austin L - letschanator#96536,2-0,,,,No,NEO,1,1,
6/1/2025 13:45:06,DeWitt K - SeethingOctopus#02129,Wyatt C - hotdolphin#30769,2-0,,,,No,MID,1,1,
6/1/2025 14:21:47,Christopher G - oompaloompa#65002,Austin L - letschanator#96536,2-0,,,,No,BRO,1,1,
6/1/2025 14:49:29,Evan L - Evan#97713,John D - DailyDraft#87013,2-1,,,,No,BRO,1,1,
6/1/2025 15:24:34,Maxime R - tasigurr#89921,John D - DailyDraft#87013,2-1,,,,No,MID,1,1,
6/1/2025 15:31:08,Troy A - Tadams54#66582,Ethan L - ethanndow#02818,2-0,,,,No,-,1,1,
6/1/2025 15:42:01,Matthew H - Almost#13446,Lotte P - Lotte #93345,2-1,,,,Yes,DMU,1,1,
6/1/2025 15:49:21,John D - DailyDraft#87013,Jack H - Rakic#98298,2-0,,,,No,STX,1,1,
6/1/2025 16:11:48,Jeremy E - Lhurgoyf#37289,Aaron R - Arn#51224,2-1,,,,No,NEO,1,1,
6/1/2025 16:16:34,Jack H - Rakic#98298,Paul R - QildorCrana#01941,2-0,,,,No,DMU,1,1,
6/1/2025 16:34:37,Christopher G - oompaloompa#65002,Zack H - HackZolt#31077,2-0,,,,No,DMU,1,1,
6/1/2025 16:44:59,Jake K - drizzy_jake#02350,Brett C - EwoksRBae#03223,2-0,,,,No,SNC,1,1,
6/1/2025 16:49:35,John D - DailyDraft#87013,Paul R - QildorCrana#01941,2-1,,,,No,SNC,1,1,
6/1/2025 17:10:46,Parker D - Android77#15898,Paul G - TheDragon#61289,2-0,,,,No,DMU,1,1,
6/1/2025 17:31:07,Paul G - TheDragon#61289,Alex H - Merriman#08092,2-0,,,,No,STX,1,1,
6/1/2025 17:55:55,John D - DailyDraft#87013,Paul G - TheDragon#61289,2-0,,,,No,MID,1,1,
6/1/2025 17:57:03,Matthias H - Rezreh#11308,Alexis M - Alexsfly#67052,2-1,,,,Yes,DMU,1,1,
6/1/2025 18:21:08,Colton S - ColtonCooper#56958,Nick A - Nistar#14127,2-0,,,,No,BRO,1,1,
6/1/2025 18:30:29,Emmett F - Sepulchure#51526,Jack H - Rakic#98298,2-0,,,,No,-,1,1,
6/1/2025 18:51:02,Zack H - HackZolt#31077,Colton S - ColtonCooper#56958,2-1,,,"GL With pack, open some abzan goodies",No,MID,1,1,
6/1/2025 19:01:07,Mitchel S - SpaghettiMitch#18619,Enrique O - Caex#39549,2-0,,,,No,STX,1,1,
6/1/2025 20:30:59,Christopher G - oompaloompa#65002,Jake K - drizzy_jake#02350,2-0,,,,No,-,1,1,
6/1/2025 22:05:13,Jeremy E - Lhurgoyf#37289,Maranda L - BlackCanary#59791,2-1,,,"close games, gl in the rest!",No,BRO,1,1,
6/1/2025 22:06:55,Christopher G - oompaloompa#65002,Matt St - bubbasbums#70462,2-0,,,,No,DMU,1,1,
6/1/2025 22:15:49,Eric S - Smitte#94855,Nik S - njsiii#50504,2-1,,,,No,NEO,1,1,
6/1/2025 22:56:55,Matthew G - iluvatar777#20638,Matt St - bubbasbums#70462,2-0,,,"ggs, sorry lol",No,NEO,1,1,
6/1/2025 23:14:13,Preston B - Vorbis#46420,Jeremy E - Lhurgoyf#37289,2-0,,,,No,MID,1,1,
6/1/2025 23:22:33,Eric S - Smitte#94855,Sylvain T - Iquitos#15484,2-1,,,GGs,No,DMU,1,1,
6/1/2025 23:32:32,Stephen H - Crayth#38098,Sawyer T - soyboy#35469,2-1,,,some crazy games! gg gl with pack,No,BRO,1,1,
6/2/2025 0:19:58,Parker D - Android77#15898,Matt St - bubbasbums#70462,2-1,,,,No,STX,1,1,
6/2/2025 0:47:59,Mitchel S - SpaghettiMitch#18619,Ryan M - rrrn22#32842,2-0,,,,Yes,DMU,1,1,
6/2/2025 0:57:23,Wei C - Azayaka#83352,Ben M - cardmaaster#84341,2-1,,,,No,DMU,1,1,
6/2/2025 1:05:32,Emmett F - Sepulchure#51526,Michael M - Atombomb11991#07305,2-1,,,,No,MID,1,1,
6/2/2025 4:34:53,Wei C - Azayaka#83352,Sebastian B - 22bebo#54651,2-1,,,,No,SNC,1,1,
6/2/2025 10:37:19,Caleb G - Whynaut#28590,Buster S - Hugester#31975,2-1,,,,No,SNC,1,1,
6/2/2025 12:33:58,Adam E - adamend#97520,Eric S - Smitte#94855,2-0,,,,No,DMU,1,1,
6/2/2025 12:48:32,Evan L - Evan#97713,Stephen H - Crayth#38098,2-0,,,,No,DMU,1,1,
6/2/2025 12:58:48,Cameron B - KingEggbert#01276,Matt S - mullethunter324#49693,2-0,,,GG -- sorry about the lands,No,BRO,1,1,
6/2/2025 13:20:55,Adam E - adamend#97520,Lukas M - Finley_2k1#30925,2-1,,,,No,MID,1,1,
6/2/2025 13:31:42,Ryan M - rrrn22#32842,Cameron B - KingEggbert#01276,2-0,,,,No,NEO,1,1,
6/2/2025 15:16:02,Nick A - Nistar#14127,Ryan M - rrrn22#32842,2-0,,,,No,SNC,1,1,
6/2/2025 15:55:47,Nick A - Nistar#14127,Joseph S - NotSham#89034,2-0,,,,No,SNC,1,1,
6/2/2025 16:22:29,Eric S - Smitte#94855,Joseph S - NotSham#89034,2-0,,,,No,STX,1,1,
6/2/2025 16:51:09,Adam S - wizma#29010,Kole D - Kole#38870,2-0,,,Thanks for the match!,No,BRO,1,1,
6/2/2025 18:54:18,Chris P - Joker01#66827,Lukas M - Finley_2k1#30925,2-1,,,,Yes,BRO,1,1,
6/2/2025 19:14:26,Austin L - letschanator#96536,Zeke W - smarmyplatapus#30066,2-1,,,,No,MID,1,1,
6/2/2025 19:55:51,Matthew H - Almost#13446,Nick L - Aliphos#10232,2-1,,,"ggs, very close!",No,-,1,1,
6/2/2025 21:04:58,Aaron B - Bevelman#18220,Chris R - Sinkwater#27508,2-0,,,,No,STX,1,1,
6/2/2025 21:08:41,Sawyer T - soyboy#35469,Johnny M - Johnny#69519,2-1,,,,No,MID,1,1,
6/2/2025 22:04:29,Adam S - wizma#29010,Daniel B - hmishima#77128,2-0,,,Thanks for the (mirror) match!,Yes,NEO,1,1,
6/2/2025 22:31:05,Joe T - elasticity#07466,Johnny M - Johnny#69519,2-0,,,,No,NEO,1,1,
6/2/2025 22:34:27,Jeremy E - Lhurgoyf#37289,Joseph S - NotSham#89034,2-1,,,,No,DMU,1,1,
6/2/2025 23:18:41,Matthew G - iluvatar777#20638,Renaud C - ArExSea#25399,2-0,,,,No,DMU,1,1,
6/2/2025 23:32:22,Johnny M - Johnny#69519,Joaquin E - DiabolicMachine#23891,2-1,,,,No,BRO,1,1,
6/3/2025 0:01:02,Johnny M - Johnny#69519,Mitchel S - SpaghettiMitch#18619,2-0,,,üçùüçùüçù,No,BRO,1,1,
6/3/2025 0:24:04,Preston B - Vorbis#46420,Aaron B - Bevelman#18220,2-1,,,,No,MID,1,1,
6/3/2025 11:55:55,Lukas M - Finley_2k1#30925,Nicholas H - JetPilot#02453,2-0,,,,No,SNC,1,1,
6/3/2025 12:03:28,Cody-Rayce MG - Rayce#56572,Zack H - HackZolt#31077,2-1,,,,No,STX,1,1,
6/3/2025 13:14:29,Matt S - mullethunter324#49693,Adam E - adamend#97520,2-0,,,,No,DMU,1,1,
6/3/2025 14:49:36,Chris P - Joker01#66827,David W - dwchief#36641,2-0,,,,No,NEO,1,1,
6/3/2025 16:31:45,Jacob B - Jacobbarnett15#95139,Matthias H - Rezreh#11308,2-1,,,,No,SNC,1,1,
6/3/2025 17:21:17,Adam S - wizma#29010,Matt F - MadeMyBus#92429,2-0,,,Great match! Brawllllll,Yes,BRO,1,1,
6/3/2025 17:22:35,Joseph S - NotSham#89034,Brett C - EwoksRBae#03223,2-0,,,,No,-,1,1,
6/3/2025 17:50:51,Alexis M - Alexsfly#67052,Chris P - Joker01#66827,2-1,,,,No,STX,1,1,
6/3/2025 18:20:08,Lukas M - Finley_2k1#30925,Bernard B - bforbernard#46312,2-0,,,,No,BRO,1,1,
6/3/2025 18:25:56,Evan C - PeasOfCrab#00133,Alexis M - Alexsfly#67052,2-0,,,,No,SNC,1,1,
6/3/2025 18:41:02,Daniel L - Yellfior#73187,Evan L - Evan#97713,2-0,,,GGs!,No,STX,1,1,
6/3/2025 19:29:24,John P - gokuorgohome#51511,Daniel L - Yellfior#73187,2-0,,,,No,-,1,1,
6/3/2025 20:04:52,John P - gokuorgohome#51511,Lukas M - Finley_2k1#30925,2-1,,,,No,STX,1,1,
6/3/2025 20:14:03,Sawyer T - soyboy#35469,Chris R - Sinkwater#27508,2-0,,,,No,NEO,1,1,
6/3/2025 20:16:15,Michael M - Atombomb11991#07305,Adam E - adamend#97520,2-1,,,,No,MID,1,1,
6/3/2025 21:00:13,Mitchel S - SpaghettiMitch#18619,Maranda L - BlackCanary#59791,2-0,,,,No,DMU,1,1,
6/3/2025 21:28:37,Chris R - Sinkwater#27508,Zack H - HackZolt#31077,2-1,,,,No,NEO,1,1,
6/3/2025 22:34:35,Joaquin E - DiabolicMachine#23891,Michael M - Atombomb11991#07305,2-1,,,,No,STX,1,1,
6/3/2025 23:04:08,Michael M - Atombomb11991#07305,Matthew G - iluvatar777#20638,2-0,,,,No,SNC,1,1,
6/4/2025 1:02:48,David W - dwchief#36641,Preston B - Vorbis#46420,2-0,,,GGs + pack blessings!,No,NEO,1,1,
6/4/2025 2:08:56,Cody-Rayce MG - Rayce#56572,David W - dwchief#36641,2-0,,,ggs,No,-,1,1,
6/4/2025 6:37:07,Elliot H - blobby#99425,Tom M - Nestorow#05112,2-0,,,,No,DMU,1,1,
6/4/2025 7:04:50,Buster S - Hugester#31975,Salvatore P - Unborne#42237,2-0,,,,Yes,BRO,1,1,
6/4/2025 9:13:15,Dirk E - BegginBlue#16667,Tom M - Nestorow#05112,2-0,,,,Yes,SNC,1,1,
6/4/2025 13:06:45,Chris P - Joker01#66827,Wyatt C - hotdolphin#30769,2-1,,,,No,-,1,1,
6/4/2025 15:41:39,Matt F - MadeMyBus#92429,Parker D - Android77#15898,2-0,,,,No,STX,1,1,
6/4/2025 16:28:53,Cody-Rayce MG - Rayce#56572,Matt F - MadeMyBus#92429,2-1,,,ggs wp,No,DMU,1,1,
6/4/2025 16:50:13,Mitchel S - SpaghettiMitch#18619,Joe T - elasticity#07466,2-1,,,,No,BRO,1,1,
6/4/2025 19:12:40,Daniel G - FriskyHobbit#43185,Sebastian B - 22bebo#54651,2-1,,,,No,STX,1,1,
6/4/2025 19:46:32,DeWitt K - SeethingOctopus#02129,Parker D - Android77#15898,2-0,,,,Yes,MID,1,1,
6/4/2025 22:02:48,Michael M - Atombomb11991#07305,Jacob B - Jacobbarnett15#95139,2-1,,,,No,DMU,1,1,
6/4/2025 22:08:16,Maranda L - BlackCanary#59791,Renaud C - ArExSea#25399,2-1,,,,No,-,1,1,
6/4/2025 23:36:26,Daniel G - FriskyHobbit#43185,Sylvain T - Iquitos#15484,2-0,,,,No,STX,1,1,
6/4/2025 23:59:53,Chris O - Chriso91#46230,Ben M - cardmaaster#84341,2-0,,,,No,MID,1,1,
6/5/2025 0:47:07,Preston B - Vorbis#46420,Christopher G - oompaloompa#65002,2-0,,,,No,MID,1,1,
6/5/2025 1:02:55,Keelan T - Dufel#75965,Matt F - MadeMyBus#92429,2-0,,,,No,NEO,1,1,
6/5/2025 9:58:55,Chris O - Chriso91#46230,Salvatore P - Unborne#42237,2-1,,,,No,-,1,1,
6/5/2025 11:07:07,Joe T - elasticity#07466,Dan A - BEATDOWNBRINGA#04779,2-1,,,,No,STX,1,1,
6/5/2025 12:38:10,Dirk E - BegginBlue#16667,Miranda J - MajicMiranda#55720,2-0,,,,Yes,SNC,1,1,
6/5/2025 13:14:46,Matt S - mullethunter324#49693,Chris O - Chriso91#46230,2-0,,,,No,DMU,1,1,
6/5/2025 14:36:10,Nicholas H - JetPilot#02453,Zeke W - smarmyplatapus#30066,2-0,,,,No,-,1,1,
6/5/2025 15:20:41,Joe T - elasticity#07466,Nicholas H - JetPilot#02453,2-1,,,,No,MID,1,1,
6/5/2025 16:28:39,Colton S - ColtonCooper#56958,Daniel M - HPWizard#40332,2-1,,,,No,BRO,1,1,
6/5/2025 16:58:12,Joel G - DandelionsOut#82916,Daniel M - HPWizard#40332,2-0,,,,Yes,STX,1,1,
6/5/2025 18:04:03,Matthias H - Rezreh#11308,Dan A - BEATDOWNBRINGA#04779,2-0,,,,No,MID,1,1,
6/5/2025 18:44:20,Nik S - njsiii#50504,Joel G - DandelionsOut#82916,2-1,,,,No,NEO,1,1,
6/5/2025 20:14:30,Aaron B - Bevelman#18220,Matt St - bubbasbums#70462,2-0,,,ggs,No,-,1,1,
6/5/2025 21:06:19,Aaron B - Bevelman#18220,Joe T - elasticity#07466,2-0,,,,No,-,1,1,
6/5/2025 22:02:25,Nik S - njsiii#50504,Christopher G - oompaloompa#65002,2-1,,,,No,BRO,1,1,
6/5/2025 22:26:07,Keelan T - Dufel#75965,Daniel B - hmishima#77128,2-0,,,,No,-,1,1,
6/5/2025 22:38:24,Christopher G - oompaloompa#65002,Sylvain T - Iquitos#15484,2-0,,,,No,-,1,1,
6/5/2025 23:01:24,Colton S - ColtonCooper#56958,Keelan T - Dufel#75965,2-1,,,,No,BRO,1,1,
6/5/2025 23:24:40,Chris O - Chriso91#46230,Colton S - ColtonCooper#56958,2-0,,,,No,DMU,1,1,
6/5/2025 23:50:18,Preston B - Vorbis#46420,Miranda J - MajicMiranda#55720,2-0,,,"Well fought, Abzan kin!",No,BRO,1,1,
6/6/2025 1:14:56,Sebastian B - 22bebo#54651,Ben M - cardmaaster#84341,2-1,,,GGs!,No,-,1,1,
6/6/2025 11:37:15,Jacob B - Jacobbarnett15#95139,Daniel M - HPWizard#40332,2-1,,,,No,NEO,1,1,
6/6/2025 11:48:38,Aaron R - Arn#51224,Joel G - DandelionsOut#82916,2-0,,,,No,STX,1,1,
6/6/2025 11:55:34,Enrique O - Caex#39549,Eric S - Smitte#94855,2-1,,,,No,STX,1,1,
6/6/2025 12:37:16,Enrique O - Caex#39549,Joel G - DandelionsOut#82916,2-1,,,,No,-,1,1,
6/6/2025 13:54:13,Maranda L - BlackCanary#59791,Alex O - Poisonedchicken#66453,2-0,,,,No,STX,1,1,
6/6/2025 13:59:12,Sebastian B - 22bebo#54651,Zack H - HackZolt#31077,2-1,,,GGs!,No,-,1,1,
6/6/2025 14:20:34,Sebastian B - 22bebo#54651,Daniel M - HPWizard#40332,2-0,,,GGs!,No,-,1,1,
6/6/2025 15:39:32,Dominic M - domdoes#32489,Tony D - Adoan4413#75317,2-0,,,laterz,No,-,1,1,
6/6/2025 17:00:40,Dominic M - domdoes#32489,Colton S - ColtonCooper#56958,2-1,,,gg,No,-,1,1,
6/6/2025 17:15:25,Paul G - TheDragon#61289,Cameron B - KingEggbert#01276,2-0,,,,No,DMU,1,1,
6/6/2025 17:25:29,Matthew H - Almost#13446,Chris P - Joker01#66827,2-0,,,,Yes,DMU,1,1,
6/6/2025 17:41:49,Lukas M - Finley_2k1#30925,Jordan M - JMTron#46639,2-1,,,,No,SNC,1,1,
6/6/2025 17:43:52,Emmett F - Sepulchure#51526,Bernard B - bforbernard#46312,2-1,,,,No,DMU,1,1,
6/6/2025 17:56:31,Eric S - Smitte#94855,Lotte P - Lotte #93345,2-0,,,GGs,No,STX,1,1,
6/6/2025 17:57:29,John D - DailyDraft#87013,Troy A - Tadams54#66582,2-1,,,,No,SNC,1,1,
6/6/2025 18:13:27,Matthew H - Almost#13446,Nick A - Nistar#14127,2-0,,,,Yes,MID,1,1,
6/6/2025 18:20:34,Jordan M - JMTron#46639,Daniel G - FriskyHobbit#43185,2-0,,,,No,-,1,1,
6/6/2025 19:15:22,Evan C - PeasOfCrab#00133,Sawyer T - soyboy#35469,2-1,,,,Yes,DMU,1,1,
6/6/2025 19:47:06,Jordan M - JMTron#46639,Ryan M - rrrn22#32842,2-1,,,,No,-,1,1,
6/6/2025 23:00:59,Maxime R - tasigurr#89921,Paul R - QildorCrana#01941,2-1,,,,No,MID,1,1,
6/6/2025 23:26:46,John D - DailyDraft#87013,Lukas M - Finley_2k1#30925,2-0,,,,No,-,1,1,
6/6/2025 23:56:48,John D - DailyDraft#87013,Paul R - QildorCrana#01941,2-1,,,,No,STX,1,1,
6/7/2025 0:27:06,Paul R - QildorCrana#01941,Evan C - PeasOfCrab#00133,2-0,,,GGs,No,MID,1,1,
6/7/2025 0:30:40,Aaron B - Bevelman#18220,Maxime R - tasigurr#89921,2-1,,,"ggs, crazy games!",No,NEO,1,1,
6/7/2025 1:18:39,Evan C - PeasOfCrab#00133,Steve T - strout#45062,2-0,,,,Yes,NEO,1,1,
6/7/2025 5:05:50,Lotte P - Lotte #93345,Elliot H - blobby#99425,2-1,,,,No,STX,1,1,
6/7/2025 9:21:33,Keelan T - Dufel#75965,Lotte P - Lotte #93345,2-0,,,,No,MID,1,1,
6/7/2025 12:04:46,Paul R - QildorCrana#01941,Alex L - Alaexaender#76659,2-1,,,GGs,No,-,1,1,
6/7/2025 12:58:42,Adam S - wizma#29010,Johnny M - Johnny#69519,2-0,,,Good games!,No,-,1,1,
6/7/2025 15:41:19,Aaron B - Bevelman#18220,Parker D - Android77#15898,2-1,,,ggs,No,NEO,1,1,
6/7/2025 16:07:10,Caleb G - Whynaut#28590,John D - DailyDraft#87013,2-0,,,,No,-,1,1,
6/7/2025 16:40:34,Enrique O - Caex#39549,Alex M - ItsYaBoiAlex#76222,2-1,,,,Yes,-,1,1,
6/7/2025 16:59:40,Lotte P - Lotte #93345,Cody-Rayce MG - Rayce#56572,2-0,,,,No,DMU,1,1,
6/7/2025 17:06:01,DeWitt K - SeethingOctopus#02129,Adam E - adamend#97520,2-0,,,,Yes,SNC,1,1,
6/7/2025 18:02:55,Jeremy E - Lhurgoyf#37289,Cody-Rayce MG - Rayce#56572,2-1,,,MARNERRRRRR,No,BRO,1,1,
6/7/2025 18:05:20,Stephen H - Crayth#38098,Dirk E - BegginBlue#16667,2-0,,,,No,SNC,1,1,
6/7/2025 18:18:30,Lotte P - Lotte #93345,Enrique O - Caex#39549,2-1,,,,No,NEO,1,1,
6/7/2025 18:35:00,Adam E - adamend#97520,Dirk E - BegginBlue#16667,2-0,,,,Yes,NEO,1,1,
6/7/2025 20:24:57,Alexis M - Alexsfly#67052,Eric S - Smitte#94855,2-0,,,,No,NEO,1,1,
6/7/2025 23:15:47,Nik S - njsiii#50504,Preston B - Vorbis#46420,2-0,,,,No,BRO,1,1,
6/7/2025 23:24:03,Alexis M - Alexsfly#67052,Aaron B - Bevelman#18220,2-1,,,,No,-,1,1,
6/8/2025 0:01:52,Nik S - njsiii#50504,Stephen H - Crayth#38098,2-1,,,,No,STX,1,1,
6/8/2025 1:21:38,Elliot H - blobby#99425,Paul R - QildorCrana#01941,2-0,,,,No,-,1,1,
6/8/2025 2:23:47,Paul G - TheDragon#61289,Elliot H - blobby#99425,2-0,,,Very ggs,No,DMU,1,1,
6/8/2025 7:08:50,Oskar T - ossytubbi#87966,Buster S - Hugester#31975,2-0,,,,No,-,1,1,
6/8/2025 11:26:56,Keelan T - Dufel#75965,Oskar T - ossytubbi#87966,2-0,,,,No,-,1,1,
6/8/2025 12:51:20,Caleb G - Whynaut#28590,Troy A - Tadams54#66582,2-0,,,,No,-,1,1,
6/8/2025 13:16:44,Caleb G - Whynaut#28590,Matthew H - Almost#13446,2-0,,,,No,DMU,1,1,
6/8/2025 16:32:08,John P - gokuorgohome#51511,Bernard B - bforbernard#46312,2-1,,,ggs,No,STX,1,1,
6/8/2025 16:41:56,Caleb G - Whynaut#28590,Evan C - PeasOfCrab#00133,2-0,,,,No,STX,1,1,
6/8/2025 17:02:05,Austin L - letschanator#96536,Caleb G - Whynaut#28590,2-0,,,,No,SNC,1,1,
6/8/2025 17:35:01,Christopher G - oompaloompa#65002,Austin L - letschanator#96536,2-0,,,,No,DMU,1,1,
6/8/2025 18:14:40,Evan C - PeasOfCrab#00133,Austin L - letschanator#96536,2-1,,,,No,-,1,1,
6/8/2025 19:09:04,Adam S - wizma#29010,Keelan T - Dufel#75965,2-0,,,Thanks for the match!,No,DMU,1,1,
6/8/2025 19:13:50,Christopher G - oompaloompa#65002,Nik S - njsiii#50504,2-1,,,,No,SNC,1,1,
6/8/2025 21:07:05,Elliot H - blobby#99425,Joaquin E - DiabolicMachine#23891,2-1,,,,Yes,SNC,1,1,
6/8/2025 21:31:49,Enrique O - Caex#39549,DeWitt K - SeethingOctopus#02129,2-1,,,,No,BRO,1,1,
6/8/2025 22:29:34,Christopher G - oompaloompa#65002,Joaquin E - DiabolicMachine#23891,2-1,,,,No,-,1,1,
6/8/2025 23:10:18,Christopher G - oompaloompa#65002,Emmett F - Sepulchure#51526,2-1,,,,No,STX,1,1,
6/8/2025 23:28:16,Enrique O - Caex#39549,Maranda L - BlackCanary#59791,2-0,,,,No,SNC,1,1,
6/9/2025 0:07:43,Emmett F - Sepulchure#51526,Sawyer T - soyboy#35469,2-1,,,,No,-,1,1,
6/9/2025 0:16:41,Enrique O - Caex#39549,Stephen H - Crayth#38098,2-1,,,,No,NEO,1,1,
6/9/2025 13:03:34,Eric S - Smitte#94855,Cameron B - KingEggbert#01276,2-1,,,,No,MID,1,1,
6/9/2025 13:04:34,Nik S - njsiii#50504,Matt S - mullethunter324#49693,2-0,,,,No,-,1,1,
6/9/2025 13:50:48,Nik S - njsiii#50504,Eric S - Smitte#94855,2-1,,,,No,-,1,1,
6/9/2025 14:11:35,Adam E - adamend#97520,Jacob B - Jacobbarnett15#95139,2-1,,,,No,SNC,1,1,
6/9/2025 14:51:36,Joseph S - NotSham#89034,Nicholas H - JetPilot#02453,2-0,,,,No,-,1,1,
6/9/2025 15:51:58,Joseph S - NotSham#89034,Nick A - Nistar#14127,2-1,,,"Great match, 3 great games",No,-,1,1,
6/9/2025 16:08:10,Paul G - TheDragon#61289,Nik S - njsiii#50504,2-0,,,,No,DMU,1,1,
6/9/2025 16:51:34,Evan L - Evan#97713,Elliot H - blobby#99425,2-0,,,,Yes,BRO,1,1,
6/9/2025 17:13:05,Alexis M - Alexsfly#67052,Adam E - adamend#97520,2-1,,,,No,-,1,1,
6/9/2025 17:43:44,Matthew H - Almost#13446,John P - gokuorgohome#51511,2-0,,,,No,SNC,1,1,
6/9/2025 18:03:44,Cameron B - KingEggbert#01276,Chris R - Sinkwater#27508,2-0,,,GG!,No,SNC,1,1,
6/9/2025 18:13:58,Maxime R - tasigurr#89921,Evan L - Evan#97713,2-1,,,,No,MID,1,1,
6/9/2025 18:49:20,Christopher G - oompaloompa#65002,Chris P - Joker01#66827,2-0,,,,No,-,1,1,
6/9/2025 18:57:51,Cameron B - KingEggbert#01276,Maxime R - tasigurr#89921,2-0,,,GG!,No,MID,1,1,
6/9/2025 19:22:49,Kole D - Kole#38870,Aaron R - Arn#51224,2-1,,,,No,-,1,1,
6/9/2025 20:12:39,John P - gokuorgohome#51511,Cody-Rayce MG - Rayce#56572,2-0,,,,No,MID,1,1,
6/9/2025 20:34:13,Maxime R - tasigurr#89921,Michael M - Atombomb11991#07305,2-0,,,,No,SNC,1,1,
6/9/2025 20:39:42,John P - gokuorgohome#51511,Alexis M - Alexsfly#67052,2-0,,,,No,-,1,1,
6/9/2025 20:56:34,Adam S - wizma#29010,Chris R - Sinkwater#27508,2-1,,,Great match! See you next league!,No,-,1,1,
6/9/2025 21:13:35,John P - gokuorgohome#51511,Michael M - Atombomb11991#07305,2-1,,,,No,-,1,1,
6/9/2025 22:16:01,Mitchel S - SpaghettiMitch#18619,Bernard B - bforbernard#46312,2-0,,,,No,-,1,1,
6/9/2025 22:51:08,Preston B - Vorbis#46420,Mitchel S - SpaghettiMitch#18619,2-0,,,,No,DMU,1,1,
6/9/2025 23:40:28,Preston B - Vorbis#46420,Stephen H - Crayth#38098,2-1,,,,No,-,1,1,
6/10/2025 7:34:49,Paul G - TheDragon#61289,Evan L - Evan#97713,2-0,,,Ggs,No,-,1,1,
6/10/2025 10:47:51,Jeremy E - Lhurgoyf#37289,Enrique O - Caex#39549,2-0,,,,No,SNC,1,1,
6/10/2025 13:45:26,Chris O - Chriso91#46230,Maranda L - BlackCanary#59791,2-0,,,,No,MID,1,1,
6/10/2025 14:39:02,Cameron B - KingEggbert#01276,Jordan M - JMTron#46639,2-1,,,GGs!,No,NEO,1,1,
6/10/2025 19:03:59,DeWitt K - SeethingOctopus#02129,Kole D - Kole#38870,2-1,,,,No,STX,1,1,
6/10/2025 19:36:59,DeWitt K - SeethingOctopus#02129,Emmett F - Sepulchure#51526,2-1,,,,No,SNC,1,1,
6/10/2025 21:47:05,Maranda L - BlackCanary#59791,Matthew H - Almost#13446,2-0,,,,No,MID,1,1,
6/10/2025 23:07:56,Kole D - Kole#38870,Jeremy E - Lhurgoyf#37289,2-1,,,,No,-,1,1,
6/11/2025 0:25:29,Emmett F - Sepulchure#51526,Matt F - MadeMyBus#92429,2-1,,,,No,-,1,1,
6/11/2025 1:49:01,Steve T - strout#45062,Parker D - Android77#15898,2-1,,,GGs!,No,-,1,1,
6/11/2025 11:10:46,Adam S - wizma#29010,Paul G - TheDragon#61289,2-0,,,Good luck getting Top 8! You‚Äôve got this!,No,BRO,1,1,
6/11/2025 14:36:10,Maranda L - BlackCanary#59791,Joseph S - NotSham#89034,2-0,,,,No,-,1,1,
6/11/2025 15:14:31,Steve T - strout#45062,Jacob B - Jacobbarnett15#95139,2-1,,,GGs!,No,-,1,1,
6/11/2025 16:02:20,Steve T - strout#45062,Dan A - BEATDOWNBRINGA#04779,2-0,,,GGs!,No,BRO,1,1,
6/11/2025 17:16:47,Cody-Rayce MG - Rayce#56572,Dominic M - domdoes#32489,2-0,,,ggs,No,NEO,1,1,
6/11/2025 20:23:28,Maranda L - BlackCanary#59791,Dan A - BEATDOWNBRINGA#04779,2-1,,,"So happy we both got to do the thing, love our tradition to always play at the end <3",No,-,1,1,
6/11/2025 21:45:14,Steve T - strout#45062,Mitchel S - SpaghettiMitch#18619,2-0,,,GGs!,No,-,1,1,
6/11/2025 23:53:01,Adam S - wizma#29010,Preston B - Vorbis#46420,2-1,,,Final week rivalry! Good match!,No,STX,1,1,
6/12/2025 15:08:05,Sebastian B - 22bebo#54651,Cody-Rayce MG - Rayce#56572,2-0,,,GGs!,No,-,1,1,
6/12/2025 16:33:09,Enrique O - Caex#39549,Dominic M - domdoes#32489,2-0,,,GGs,No,-,1,1,
6/12/2025 19:27:42,DeWitt K - SeethingOctopus#02129,Tom M - Nestorow#05112,2-0,,,,Yes,-,1,1,
6/13/2025 0:04:56,Preston B - Vorbis#46420,Sebastian B - 22bebo#54651,2-1,,,Great games - super tight!,No,MID,1,1,
6/13/2025 2:01:22,Dirk E - BegginBlue#16667,Preston B - Vorbis#46420,2-0,,,,No,-,1,1,
6/13/2025 2:28:04,Jordan M - JMTron#46639,Dirk E - BegginBlue#16667,2-1,,,,No,-,1,1,
6/13/2025 14:48:10,Kole D - Kole#38870,Keelan T - Dufel#75965,2-1,,,,No,-,1,1,
6/13/2025 15:14:46,Kole D - Kole#38870,Sebastian B - 22bebo#54651,2-0,,,,No,-,1,1,