Timestamp,Winner Name,Loser Name,Result,Punishment Pack,Punishment Pack contents,Notes
,,,,,,
5/6/2022 17:28:55,Oskar T - ossytubbi#87966,Justin P - Code Pigeon#84057,2-0,,1,
5/6/2022 17:31:56,Mats K - MakroGames#12872,Martin E - Meep#87492,2-0,,1,
5/6/2022 17:36:02,Damian S - ButCrackMagic#71223,Chris Y - Yorke on Games#66909,2-0,,1,11-1
5/6/2022 17:53:26,Emmett F - Sepulchure#51526,Sawyer T - soyboy#35469,2-0,,1,
5/6/2022 18:01:10,Shane K - Malfunktion#31013,Krzys H - FaceBeardMcBeard#24731,2-0,,1,
5/6/2022 18:02:47,Oskar T - ossytubbi#87966,David R - Roooster#49289,2-0,,1,
5/6/2022 18:05:10,Mike G - eatmecompletely#43399,Brian H - Brinbrin#59708,2-0,,1,
5/6/2022 18:05:43,Chris P - Joker01#66827,Nik S - njs#50504,2-1,,1,
5/6/2022 18:30:27,Chris Y - Yorke on Games#66909,Steve T - strout#45062,2-0,,1,Killed me a Don!!!
5/6/2022 18:39:20,Cody-Rayce MG - Rayce#56572,Michael M - Atombomb11991#07305,2-1,,1,ggs wp
5/6/2022 18:44:05,Sawyer T - soyboy#35469,Krzys H - FaceBeardMcBeard#24731,2-1,,1,
5/6/2022 18:44:26,David R - Roooster#49289,Mike G - eatmecompletely#43399,2-0,,1,Wonderful to play with
5/6/2022 18:46:13,Coleman N - avo#92320,John B - Vexingcarton#71473,2-1,,1,
5/6/2022 18:51:27,Oskar T - ossytubbi#87966,Nicholas K - Bionick#55161,2-1,,1,
5/6/2022 18:55:57,Justin P - Code Pigeon#84057,Chris Y - Yorke on Games#66909,2-0,,1,
5/6/2022 19:01:43,Brian H - Brinbrin#59708,Maranda L - BlackCanary#59791,2-1,,1,
5/6/2022 19:10:38,Brian R - admiral_ace#37121,Damien F - DamienF16#36049,2-1,,1,
5/6/2022 19:34:17,Damien F - DamienF16#36049,Brian H - Brinbrin#59708,2-0,,1,
5/6/2022 19:41:57,Sean Sm - UnknownThursday#95034,Emmett F - Sepulchure#51526,2-0,,1,
5/6/2022 19:49:51,Sawyer T - soyboy#35469,Oskar T - ossytubbi#87966,2-1,,1,
5/6/2022 19:56:30,Sam G - drinsanity#06844,Krzys H - FaceBeardMcBeard#24731,2-1,,1,friday may 6th 730ish pm
5/6/2022 19:57:25,Johnny M - Johnny#69519,Mike G - eatmecompletely#43399,2-1,,1,
5/6/2022 19:58:36,Chris Y - Yorke on Games#66909,Jeffrey W - DraftDude#82061,2-1,,1,Warning--unsportspersonlike conduct
5/6/2022 20:10:11,Ryan D - TheSlickness#10857,Jeremy E - Lhurgoyf#37289,2-1,,1,Feature match! Goku sent me
5/6/2022 20:17:38,Damien F - DamienF16#36049,Shane K - Malfunktion#31013,2-1,,1,
5/6/2022 20:21:31,Damian S - ButCrackMagic#71223,John P - gokuorgohome#51511,2-0,,1,
5/6/2022 20:23:13,David R - Roooster#49289,Gordon C - Chocobro#30910,2-0,,1,Thank you Gordon! GG
5/6/2022 20:30:57,Jakub K - Terrence McKenna#95766,Brian H - Brinbrin#59708,2-0,,1,Big score into Titan t5 is too dirty 
5/6/2022 20:34:58,Justin P - Code Pigeon#84057,Zeke W - smarmyplatapus#30066,2-0,,1,
5/6/2022 20:40:19,Damien F - DamienF16#36049,Sawyer T - soyboy#35469,2-0,,1,
5/6/2022 20:57:08,Shane K - Malfunktion#31013,John P - gokuorgohome#51511,2-0,,1,
5/6/2022 20:57:53,Randy F - Ezrem#08922,Sam G - drinsanity#06844,2-1,,1,830 ish pm fri may 6th
5/6/2022 21:02:01,Calvin Z - extrAme#05753,Marley L - BeautyAndTheGitrog#98732,2-1,,1,
5/6/2022 21:22:27,Joe T - elasticity#07466,Damien F - DamienF16#36049,2-0,,1,
5/6/2022 21:24:10,Maxime R - Tasigurr#89921,Jakub K - Terrence McKenna#95766,2-0,,1,
5/6/2022 21:55:35,Devin L - Dalopi#45146,Nicholas K - Bionick#55161,2-1,,1,
5/6/2022 22:03:38,Joe T - elasticity#07466,Russell S - rstad#89052,2-1,,1,
5/6/2022 22:17:28,John P - gokuorgohome#51511,Steve T - strout#45062,2-1,,1,
5/6/2022 22:40:26,Nik S - njs#50504,Ben A - JankInTheTank#50714,2-1,,1,
5/6/2022 22:51:09,Maxime R - Tasigurr#89921,Brian R - admiral_ace#37121,2-0,,1,
5/6/2022 23:08:10,Jay S - trainyaj#13755,Erika P - CharmToy#24980,2-0,,,Pack Generated manaully
5/6/2022 23:10:57,Chris Y - Yorke on Games#66909,Ben A - JankInTheTank#50714,2-1,,1,Good games!
5/6/2022 23:11:25,Kyle W - EtherEngineer#51748,Sylvain T - Iquitos#15484,2-0,,1,
5/6/2022 23:17:50,Patrick M - FullestJ#22936,Nick B - TheBlackchapel#76998,2-0,,1,
5/6/2022 23:37:16,Joe T - elasticity#07466,Daniel M - HPWizard#40332,2-1,,1,
5/6/2022 23:38:08,John L - fightstrife#66069,Sean Sm - UnknownThursday#95034,2-0,,1,
5/6/2022 23:41:59,Brian R - admiral_ace#37121,Maranda L - BlackCanary#59791,2-1,,1,
5/7/2022 0:16:36,Christopher G - oompaloompa#65002,Shuo L - Tamamo#30654,2-1,,1,
5/7/2022 0:25:36,Sean Sm - UnknownThursday#95034,Daniel M - HPWizard#40332,2-1,,1,
5/7/2022 0:47:48,Emmett F - Sepulchure#51526,Nick B - TheBlackchapel#76998,2-0,,1,
5/7/2022 0:54:16,Olivier F - NephilimOli#21523,Michael M - Atombomb11991#07305,2-1,,1,
5/7/2022 1:18:22,Paul G - TheDragon#61289,Maxime R - Tasigurr#89921,2-0,,1,
5/7/2022 1:51:16,Michael M - Atombomb11991#07305,Dante R - dantesper#59172,2-0,,1,
5/7/2022 4:44:26,Michael M - Atombomb11991#07305,Sterling R - silversire#93731,2-1,,1,
5/7/2022 6:03:54,Zeke W - smarmyplatapus#30066,Sterling R - silversire#93731,2-1,,1,
5/7/2022 7:22:28,Noel S - Stopgap#13873,Nicholas P - Ami3vil?#84889,2-1,,,Pack Generated manaully
5/7/2022 7:57:57,Martin E - Meep#87492,Jakub K - Terrence McKenna#95766,2-0,,1,
5/7/2022 8:52:57,Jakub K - Terrence McKenna#95766,Nguyen L - TheFancyPenguin#82137,2-1,,1,
5/7/2022 9:02:49,Sam G - drinsanity#06844,Oskar T - ossytubbi#87966,2-0,,1,sat may 7th 9am
5/7/2022 9:36:55,Serge T - Sergyboy514#39979,Nguyen L - TheFancyPenguin#82137,2-1,,1,
5/7/2022 9:39:47,Noel S - Stopgap#13873,Jakub K - Terrence McKenna#95766,2-0,,1,
5/7/2022 9:57:43,Sam G - drinsanity#06844,Nguyen L - TheFancyPenguin#82137,2-0,,1,sat may 7 930am
5/7/2022 9:59:34,Adam S - wizma#29010,David R - Roooster#49289,2-0,,1,Great games gl!
5/7/2022 10:19:48,Sam G - drinsanity#06844,Noel S - Stopgap#13873,2-0,,1,sat may 7th 10am ish 
5/7/2022 10:20:35,Martin E - Meep#87492,Nguyen L - TheFancyPenguin#82137,2-0,,1,
5/7/2022 11:17:17,Nik S - njs#50504,Marley L - BeautyAndTheGitrog#98732,2-0,,1,
5/7/2022 11:48:29,Mike G - eatmecompletely#43399,Daniel M - HPWizard#40332,2-0,,1,
5/7/2022 11:55:07,Mike P - UnwieldyBiscuit#26471,Joe T - elasticity#07466,2-1,,1,gg
5/7/2022 11:58:08,Marley L - BeautyAndTheGitrog#98732,Erika P - CharmToy#24980,2-1,,1,
5/7/2022 12:07:08,Jay S - trainyaj#13755,Randy F - Ezrem#08922,2-1,,1,
5/7/2022 12:26:55,Zeke W - smarmyplatapus#30066,Daniel M - HPWizard#40332,2-1,,1,
5/7/2022 12:29:07,Gordon C - Chocobro#30910,Erika P - CharmToy#24980,2-0,,1,
5/7/2022 12:44:10,Sean Sm - UnknownThursday#95034,Gordon C - Chocobro#30910,2-0,,1,
5/7/2022 12:46:32,Jake C - the_man_mulcahey#74753,Jay S - trainyaj#13755,2-1,,1,
5/7/2022 12:53:18,Christopher G - oompaloompa#65002,Nik S - njs#50504,2-0,,1,
5/7/2022 13:07:13,Shuo L - Tamamo#30654,Randy F - Ezrem#08922,2-1,,1,
5/7/2022 13:11:26,Andrew A - Mapo Dofu#77365,David R - Roooster#49289,2-0,,1,
5/7/2022 13:20:55,Mike G - eatmecompletely#43399,Calvin Z - extrAme#05753,2-0,,1,
5/7/2022 13:33:32,Helge B - turd_burglar#45671,Christopher G - oompaloompa#65002,2-1,,1,
5/7/2022 13:41:35,Nik S - njs#50504,Mats K - MakroGames#12872,2-0,,1,
5/7/2022 13:43:33,Jay S - trainyaj#13755,Shuo L - Tamamo#30654,2-0,,1,
5/7/2022 13:54:45,Sean Sm - UnknownThursday#95034,Cameron K - Camzillanator#66654,2-1,,1,
5/7/2022 13:59:52,Johnny M - Johnny#69519,Helge B - turd_burglar#45671,2-1,,1,
5/7/2022 14:07:01,Andrew A - Mapo Dofu#77365,Jay S - trainyaj#13755,2-0,,1,
5/7/2022 14:13:52,Christopher G - oompaloompa#65002,Calvin Z - extrAme#05753,2-1,,1,
5/7/2022 14:25:59,Johnny M - Johnny#69519,Mats K - MakroGames#12872,2-0,,1,
5/7/2022 16:15:49,Carson C - carsoncaruso#98225,Coleman N - avo#92320,2-0,,1,
5/7/2022 16:43:23,Steve T - strout#45062,Cody-Rayce MG - Rayce#56572,2-0,,1,
5/7/2022 17:00:06,Carson C - carsoncaruso#98225,Gordon C - Chocobro#30910,2-1,,1,
5/7/2022 17:03:36,Jeremy E - Lhurgoyf#37289,Nicholas P - Ami3vil?#84889,2-0,,1,
5/7/2022 17:47:09,Richard K - preacher26#59445,Jeremy E - Lhurgoyf#37289,2-1,,1,
5/7/2022 17:53:00,Carson C - carsoncaruso#98225,Matt T - Malikari#85656,2-1,,1,
5/7/2022 17:59:16,John P - gokuorgohome#51511,Cody-Rayce MG - Rayce#56572,2-0,,1,
5/7/2022 18:13:47,Emmett F - Sepulchure#51526,Carson C - carsoncaruso#98225,2-0,,1,
5/7/2022 18:26:11,Ade A - Blizz#50660,Nicholas P - Ami3vil?#84889,2-0,,1,
5/7/2022 18:29:00,Mike P - UnwieldyBiscuit#26471,Nicholas K - Bionick#55161,2-0,,1,gg
5/7/2022 18:31:21,Angus M - Sangreen#96305,Olivier F - NephilimOli#21523,2-0,,1,GGs!
5/7/2022 18:32:25,Steve T - strout#45062,Damian S - ButCrackMagic#71223,2-0,,1,
5/7/2022 18:32:49,Matt T - Malikari#85656,Marley L - BeautyAndTheGitrog#98732,2-0,,1,
5/7/2022 18:53:17,Dante R - dantesper#59172,Paul G - TheDragon#61289,2-1,,1,
5/7/2022 18:55:34,Kyle W - EtherEngineer#51748,Angus M - Sangreen#96305,2-1,,1,
5/7/2022 19:17:54,Carson C - carsoncaruso#98225,Maranda L - BlackCanary#59791,2-0,,1,
5/7/2022 19:21:40,Paul G - TheDragon#61289,Patrick M - FullestJ#22936,2-1,,1,
5/7/2022 19:23:19,Richard K - preacher26#59445,Marley L - BeautyAndTheGitrog#98732,2-1,,1,
5/7/2022 19:35:49,Sawyer T - soyboy#35469,Ade A - Blizz#50660,2-1,,1,
5/7/2022 20:26:39,Caleb G - Whynaut#28590,Nicholas K - Bionick#55161,2-0,,1,
5/7/2022 21:16:11,Angus M - Sangreen#96305,Brian R - admiral_ace#37121,2-1,,1,super close ggs
5/7/2022 21:19:25,Russell S - rstad#89052,Noel S - Stopgap#13873,2-0,,1,
5/7/2022 21:19:58,Nicholas K - Bionick#55161,Kyle W - EtherEngineer#51748,2-1,,1,
5/7/2022 21:20:38,Damian S - ButCrackMagic#71223,Ryan W - MuttBunchies#61653,2-1,,1,
5/7/2022 21:30:40,Joe T - elasticity#07466,Nguyen L - TheFancyPenguin#82137,2-0,,1,
5/7/2022 21:39:01,Johnny M - Johnny#69519,Jeffrey W - DraftDude#82061,2-1,,1,
5/7/2022 21:56:52,Emmett F - Sepulchure#51526,Noel S - Stopgap#13873,2-0,,1,
5/7/2022 22:29:40,Kyle W - EtherEngineer#51748,Jeffrey W - DraftDude#82061,2-1,,1,
5/7/2022 22:46:55,Caleb G - Whynaut#28590,Patrick M - FullestJ#22936,2-1,,1,
5/7/2022 22:59:11,Bill D - Cato Phoenix#70805,Connor H - Rehab628#72974,2-0,,1,
5/7/2022 23:30:28,Jeremy E - Lhurgoyf#37289,Patrick M - FullestJ#22936,2-0,,1,
5/7/2022 23:52:01,Ahu S - Wily_bandar#26808,Russell S - rstad#89052,2-0,,1,
5/8/2022 0:16:16,Ahu S - Wily_bandar#26808,Sylvain T - Iquitos#15484,2-0,,1,
5/8/2022 0:34:17,Caleb G - Whynaut#28590,Connor H - Rehab628#72974,2-0,,1,
5/8/2022 1:21:35,Jeff H - Cletus Van Dam#26978,Maranda L - BlackCanary#59791,2-1,,1,
5/8/2022 1:44:44,Ade A - Blizz#50660,Zeke W - smarmyplatapus#30066,2-1,,1,
5/8/2022 1:54:09,Connor H - Rehab628#72974,Sylvain T - Iquitos#15484,2-0,,1,
5/8/2022 3:09:12,Zeke W - smarmyplatapus#30066,Paul G - TheDragon#61289,2-1,,1,
5/8/2022 5:51:58,Martin E - Meep#87492,John M - theJOHNRAL#59630,2-1,,1,
5/8/2022 6:23:33,Daniel J - Insequent#82225,John M - theJOHNRAL#59630,2-0,,1,
5/8/2022 7:19:01,Daniel J - Insequent#82225,Paul G - TheDragon#61289,2-0,,1,
5/8/2022 7:25:38,Harry B - Midnight_0il#97781,Krzys H - FaceBeardMcBeard#24731,2-0,,1,
5/8/2022 10:32:31,Serge T - Sergyboy514#39979,Banting L - smittyw#95807,2-1,,1,
5/8/2022 10:43:40,Erika P - CharmToy#24980,Gabe C - Iamgabe#35305,2-0,,1,
5/8/2022 11:04:33,Robby P - Locke_009#22200,Daniel J - Insequent#82225,2-0,,1,
5/8/2022 11:06:45,Richard K - preacher26#59445,Jeff H - Cletus Van Dam#26978,2-1,,1,
5/8/2022 11:18:46,Caleb G - Whynaut#28590,Serge T - Sergyboy514#39979,2-0,,1,
5/8/2022 11:22:38,Erika P - CharmToy#24980,Andrew A - Mapo Dofu#77365,2-1,,1,
5/8/2022 11:48:30,Ryan W - MuttBunchies#61653,Cody-Rayce MG - Rayce#56572,2-0,,1,
5/8/2022 12:18:22,Steve T - strout#45062,Ryan W - MuttBunchies#61653,2-0,,1,
5/8/2022 15:05:30,Robby P - Locke_009#22200,Ericsson L - Dimmi#45280,2-0,,1,
5/8/2022 15:22:28,Maxime R - Tasigurr#89921,Calvin Z - extrAme#05753,2-0,,1,
5/8/2022 15:35:44,Kyle W - EtherEngineer#51748,Helge B - turd_burglar#45671,2-0,,1,
5/8/2022 15:56:34,Maxime R - Tasigurr#89921,Robby P - Locke_009#22200,2-0,,1,
5/8/2022 16:01:40,Nicholas P - Ami3vil?#84889,Banting L - smittyw#95807,2-1,,1,GGs!
5/8/2022 16:31:33,Serge T - Sergyboy514#39979,Harry B - Midnight_0il#97781,2-0,,1,
5/8/2022 16:52:01,Shuo L - Tamamo#30654,Austin C - theCortine#41513,2-1,,1,
5/8/2022 16:57:11,Andrew A - Mapo Dofu#77365,Krzys H - FaceBeardMcBeard#24731,2-0,,1,
5/8/2022 17:12:11,Jeremy E - Lhurgoyf#37289,Calvin Z - extrAme#05753,2-1,,1,
5/8/2022 17:21:12,Serge T - Sergyboy514#39979,Connor H - Rehab628#72974,2-1,,1,
5/8/2022 17:52:45,Coleman N - avo#92320,Sterling R - silversire#93731,2-1,,1,CLOSE
5/8/2022 18:01:39,Ericsson L - Dimmi#45280,Mitchel S - SpaghettiMitch#18619,2-1,,1,
5/8/2022 18:50:44,Michael M - Atombomb11991#07305,Grey H - grensley#2960,2-1,,1,
5/8/2022 18:57:51,Ade A - Blizz#50660,Jake C - the_man_mulcahey#74753,2-1,,1,
5/8/2022 20:15:23,Adam S - wizma#29010,Austin C - theCortine#41513,2-0,,1,Ggs!
5/8/2022 20:45:24,Adam S - wizma#29010,Jason M - experientialist#23057,2-0,,1,Good games!
5/8/2022 21:53:34,Ade A - Blizz#50660,Sterling R - silversire#93731,2-0,,1,
5/8/2022 22:24:35,Pierre-Marc D - pmduguay#67919,Mike P - UnwieldyBiscuit#26471,2-0,,1,
5/8/2022 22:50:51,Pierre-Marc D - pmduguay#67919,Nelson K - accpi#18634,2-0,,1,
5/8/2022 23:23:34,Grey H - grensley#2960,Mike P - UnwieldyBiscuit#26471,2-0,,1,
5/8/2022 23:43:51,Sterling R - silversire#93731,Nelson K - accpi#18634,2-0,,1,the comeback is coming...
5/8/2022 23:45:10,Ericsson L - Dimmi#45280,Nick Mc - finedontcare#64581,2-0,,1,
5/9/2022 0:11:08,Jason M - experientialist#23057,Jaidin M - MnemonicDevice#38774,2-0,,1,
5/9/2022 0:48:06,Jaidin M - MnemonicDevice#38774,Nelson K - accpi#18634,2-1,,1,"Tense games, fish!"
5/9/2022 11:14:58,Randy F - Ezrem#08922,Ben A - JankInTheTank#50714,2-0,,1,
5/9/2022 12:30:13,Andrew A - Mapo Dofu#77365,Tim H - hanshotf1rst#51070,2-0,,1,
5/9/2022 12:34:26,Shane K - Malfunktion#31013,Randy F - Ezrem#08922,2-1,,1,
5/9/2022 13:07:57,Adam S - wizma#29010,Tim H - hanshotf1rst#51070,2-0,,1,Good games!
5/9/2022 15:08:46,Sylvain T - Iquitos#15484,Shane K - Malfunktion#31013,2-1,,1,Good Games!!
5/9/2022 15:31:44,Martin E - Meep#87492,Chris P - Joker01#66827,2-1,,1,
5/9/2022 15:53:08,Harry B - Midnight_0il#97781,Pierre-Marc D - pmduguay#67919,2-1,,1,
5/9/2022 16:08:23,Chris P - Joker01#66827,Christopher G - oompaloompa#65002,2-0,,1,
5/9/2022 16:15:46,Dante R - dantesper#59172,Richard K - preacher26#59445,2-1,,1,
5/9/2022 20:02:36,Russell S - rstad#89052,Ryan D - TheSlickness#10857,2-0,,1,
5/9/2022 20:39:27,Caleb G - Whynaut#28590,Johnny M - Johnny#69519,2-1,,1,
5/9/2022 21:18:51,Russell S - rstad#89052,Edgar A - PlayfulTerror#04926,2-1,,1,Ziatora!
5/9/2022 21:32:13,Connor H - Rehab628#72974,Jason M - experientialist#23057,2-0,,1,
5/9/2022 21:40:59,Pierre-Marc D - pmduguay#67919,Gordon C - Chocobro#30910,2-0,,1,
5/9/2022 22:57:05,Devin L - Dalopi#45146,Coleman N - avo#92320,2-0,,1,
5/9/2022 23:49:30,Jake C - the_man_mulcahey#74753,Edgar A - PlayfulTerror#04926,2-0,,1,
5/9/2022 23:53:49,John L - fightstrife#66069,Jeff H - Cletus Van Dam#26978,2-0,,1,
5/10/2022 0:07:58,Patrick M - FullestJ#22936,John M - theJOHNRAL#59630,2-0,,1,
5/10/2022 11:55:51,Joel L - Instinctive#21903,Jake C - the_man_mulcahey#74753,2-0,,1,ggs wp
5/10/2022 13:45:41,John L - fightstrife#66069,Rafael F - prudent#24319,2-1,,1,
5/10/2022 14:53:37,Joel L - Instinctive#21903,Chris R - Sinkwater#27508,2-1,,1,ggs wp
5/10/2022 15:40:17,Joel L - Instinctive#21903,Ericsson L - Dimmi#45280,2-0,,1,ggs wp
5/10/2022 15:41:49,Harry B - Midnight_0il#97781,Chris R - Sinkwater#27508,2-0,,1,
5/10/2022 16:26:17,Joel L - Instinctive#21903,Chris P - Joker01#66827,2-1,,1,ggs wp
5/10/2022 18:09:37,Ericsson L - Dimmi#45280,Rafael F - prudent#24319,2-1,,1,
5/10/2022 19:06:26,Rafael F - prudent#24319,Coleman N - avo#92320,2-1,,1,
5/10/2022 19:30:24,Rafael F - prudent#24319,Jordan P - chunkieluver53#92811,2-1,,1,
5/10/2022 19:53:32,Robby P - Locke_009#22200,Rafael F - prudent#24319,2-0,,1,
5/10/2022 20:12:57,Daniel M - HPWizard#40332,Jordan P - chunkieluver53#92811,2-0,,1,
5/10/2022 21:30:15,Ahu S - Wily_bandar#26808,Zach H - HackZolt#31077,2-0,,1,
5/10/2022 22:09:26,Ahu S - Wily_bandar#26808,Nicholas P - Ami3vil?#84889,2-1,,1,
5/10/2022 23:14:45,Sylvain T - Iquitos#15484,Ryan D - TheSlickness#10857,2-0,,1,Good games!
5/10/2022 23:15:58,Zach H - HackZolt#31077,Mitchel S - SpaghettiMitch#18619,2-0,,1,
5/11/2022 0:55:27,Mitchel S - SpaghettiMitch#18619,Ryan D - TheSlickness#10857,2-1,,1,epic game 3
5/11/2022 5:29:46,Helge B - turd_burglar#45671,Nick B - TheBlackchapel#76998,2-0,,1,
5/11/2022 6:06:26,Helge B - turd_burglar#45671,Daniel J - Insequent#82225,2-1,,1,
5/11/2022 11:14:49,Tim H - hanshotf1rst#51070,Jeff H - Cletus Van Dam#26978,2-0,,1,
5/11/2022 12:18:16,Nick Mc - finedontcare#64581,Adam S - wizma#29010,2-1,,1,
5/11/2022 12:36:56,Joel L - Instinctive#21903,Banting L - smittyw#95807,2-0,,1,ggs wp
5/11/2022 14:42:08,Cameron K - Camzillanator#66654,Doug Co - daceris#24713,2-1,,1,
5/11/2022 15:06:03,Harry B - Midnight_0il#97781,Cameron K - Camzillanator#66654,2-0,,1,
5/11/2022 16:39:14,Angus M - Sangreen#96305,John B - Vexingcarton#71473,2-1,,1,"Super close, ggs"
5/11/2022 17:01:19,Nick Mc - finedontcare#64581,Chris R - Sinkwater#27508,2-1,,1,
5/11/2022 17:32:44,Angus M - Sangreen#96305,Gabe C - Iamgabe#35305,2-0,,1,ggs
5/11/2022 18:12:22,Tim H - hanshotf1rst#51070,Gabe C - Iamgabe#35305,2-1,,1,
5/11/2022 18:18:15,Zach H - HackZolt#31077,Doug Co - daceris#24713,2-1,,1,
5/11/2022 19:03:44,Cody-Rayce MG - Rayce#56572,Damian S - ButCrackMagic#71223,2-1,,1,ggs
5/11/2022 20:34:35,John L - fightstrife#66069,Edgar A - PlayfulTerror#04926,2-0,,1,
5/11/2022 20:44:21,Ahu S - Wily_bandar#26808,Austin C - theCortine#41513,2-1,,1,
5/11/2022 21:16:48,Ryan D - TheSlickness#10857,Sean Sp - Talrand#06333,2-1,,1,
5/11/2022 21:38:53,Dante R - dantesper#59172,Jordan P - chunkieluver53#92811,2-0,,1,
5/11/2022 21:57:37,Edgar A - PlayfulTerror#04926,Mitchel S - SpaghettiMitch#18619,2-1,,1,ggs  
5/11/2022 21:59:18,Pierre-Marc D - pmduguay#67919,Deven W - Deven#51146,2-0,,1,
5/11/2022 22:13:36,John P - gokuorgohome#51511,Ryan W - MuttBunchies#61653,2-0,,1,
5/11/2022 22:48:11,Deven W - Deven#51146,Nick B - TheBlackchapel#76998,2-0,,1,
5/11/2022 23:06:56,John M - theJOHNRAL#59630,Justin P - Code Pigeon#84057,2-0,,1,
5/11/2022 23:33:59,Jaidin M - MnemonicDevice#38774,Nick B - TheBlackchapel#76998,2-0,,1,GGs! May this pack be good
5/11/2022 23:53:39,Olivier F - NephilimOli#21523,Justin P - Code Pigeon#84057,2-1,,1,
5/12/2022 0:34:47,John B - Vexingcarton#71473,Tim H - hanshotf1rst#51070,2-0,,1,
5/12/2022 1:21:37,John M - theJOHNRAL#59630,John B - Vexingcarton#71473,2-1,,1,
5/12/2022 12:02:30,Jeff H - Cletus Van Dam#26978,Chris R - Sinkwater#27508,2-0,,1,
5/12/2022 13:29:09,Chris P - Joker01#66827,Nelson K - accpi#18634,2-1,,1,
5/12/2022 13:55:25,Sean Sp - Talrand#06333,Brian R - admiral_ace#37121,2-1,,1,
5/12/2022 15:00:40,Spencer B - ThePensive#34256,Robby P - Locke_009#22200,2-0,,1,
5/12/2022 16:08:50,Sean Sp - Talrand#06333,Matt T - Malikari#85656,2-1,,1,
5/12/2022 16:49:56,Nelson K - accpi#18634,Spencer B - ThePensive#34256,2-0,,1,
5/12/2022 19:19:17,Sean Sp - Talrand#06333,Mike P - UnwieldyBiscuit#26471,2-0,,1,
5/12/2022 19:51:04,Edgar A - PlayfulTerror#04926,Spencer B - ThePensive#34256,2-0,,1,Goodgames
5/12/2022 20:52:39,Grey H - grensley#2960,Spencer B - ThePensive#34256,2-0,,1,
5/12/2022 21:31:34,Grey H - grensley#2960,Devin L - Dalopi#45146,2-0,,1,
5/12/2022 21:40:37,Deven W - Deven#51146,Jason M - experientialist#23057,2-0,,1,
5/12/2022 22:20:22,Zach H - HackZolt#31077,Bill D - Cato Phoenix#70805,2-0,,1,
5/12/2022 22:38:28,Matt T - Malikari#85656,Deven W - Deven#51146,2-1,,1,
5/12/2022 22:50:25,Shuo L - Tamamo#30654,Spencer B - ThePensive#34256,2-1,,1,
5/13/2022 8:06:26,Dante R - dantesper#59172,Cameron K - Camzillanator#66654,2-1,,1,
5/13/2022 11:32:22,Jaidin M - MnemonicDevice#38774,Nick Mc - finedontcare#64581,2-0,,1,Sorry for the mana screw!
5/13/2022 12:51:47,Jaidin M - MnemonicDevice#38774,Zach H - HackZolt#31077,2-0,,1,Sorry on game 1 for the miscalculation! GGS!
5/13/2022 13:21:49,Jordan P - chunkieluver53#92811,Sheldon D - downie#26773,2-1,,1,
5/13/2022 14:07:00,Ryan W - MuttBunchies#61653,Sheldon D - downie#26773,2-1,,1,
5/13/2022 14:19:58,Jason M - experientialist#23057,Bill D - Cato Phoenix#70805,2-1,,1,
5/13/2022 14:45:30,Doug Co - daceris#24713,Daniel J - Insequent#82225,2-0,,1,
5/13/2022 16:09:53,Austin C - theCortine#41513,Sheldon D - downie#26773,2-1,,1,
5/13/2022 17:31:56,Mike G - eatmecompletely#43399,Damian S - ButCrackMagic#71223,2-1,,1,
5/13/2022 17:41:21,Gordon C - Chocobro#30910,Richard K - preacher26#59445,2-1,,1,
5/13/2022 18:46:57,Jeremy E - Lhurgoyf#37289,Gordon C - Chocobro#30910,2-0,,1,
5/13/2022 19:05:49,Coleman N - avo#92320,Russell S - rstad#89052,2-1,,1,
5/13/2022 20:14:30,Damian S - ButCrackMagic#71223,Matt T - Malikari#85656,2-1,,1,
5/13/2022 20:17:00,Chris Y - Yorke on Games#66909,Sam G - drinsanity#06844,2-0,,1,Good games!
5/13/2022 20:18:52,Caleb G - Whynaut#28590,Jeremy E - Lhurgoyf#37289,2-0,,1,
5/13/2022 20:56:18,Mike G - eatmecompletely#43399,Zeke W - smarmyplatapus#30066,2-0,,1,
5/13/2022 20:59:40,Joel L - Instinctive#21903,Ade A - Blizz#50660,2-1,,1,ggs wp
5/13/2022 21:16:16,Ahu S - Wily_bandar#26808,Steve T - strout#45062,2-0,,1,
5/13/2022 21:17:32,Caleb G - Whynaut#28590,Nicholas P - Ami3vil?#84889,2-1,,1,
5/13/2022 21:56:18,Joe T - elasticity#07466,Nicholas P - Ami3vil?#84889,2-1,,1,
5/13/2022 22:28:23,Steve T - strout#45062,Nicholas P - Ami3vil?#84889,2-1,,1,
5/13/2022 22:46:01,Connor H - Rehab628#72974,Matt T - Malikari#85656,2-1,,1,
5/13/2022 23:02:14,Connor H - Rehab628#72974,Nik S - njs#50504,2-0,,1,
5/13/2022 23:07:05,Grey H - grensley#2960,Steve T - strout#45062,2-0,,1,
5/13/2022 23:28:55,Ade A - Blizz#50660,Sam G - drinsanity#06844,2-1,,1,
5/13/2022 23:34:05,Chris Y - Yorke on Games#66909,Connor H - Rehab628#72974,2-0,,1,
5/14/2022 0:07:01,Grey H - grensley#2960,Chris Y - Yorke on Games#66909,2-0,,1,
5/14/2022 0:28:34,Maxime R - Tasigurr#89921,Zeke W - smarmyplatapus#30066,2-1,,1,
5/14/2022 0:59:36,Maxime R - Tasigurr#89921,Grey H - grensley#2960,2-0,,1,
5/14/2022 1:15:48,Rafael F - prudent#24319,Mike G - eatmecompletely#43399,2-0,,1,
5/14/2022 1:41:27,Maxime R - Tasigurr#89921,Doug Co - daceris#24713,2-0,,1,
5/14/2022 2:15:00,Rafael F - prudent#24319,Doug Co - daceris#24713,2-0,,1,
5/14/2022 2:56:33,Carson C - carsoncaruso#98225,Maxime R - Tasigurr#89921,2-0,,1,
5/14/2022 3:43:19,Carson C - carsoncaruso#98225,Christopher G - oompaloompa#65002,2-0,,1,
5/14/2022 7:27:32,Adam S - wizma#29010,Nguyen L - TheFancyPenguin#82137,2-1,,1,"Great games, sorry about the lands!"
5/14/2022 7:44:06,Nguyen L - TheFancyPenguin#82137,Noel S - Stopgap#13873,2-0,,1,
5/14/2022 8:08:38,Oskar T - ossytubbi#87966,John M - theJOHNRAL#59630,2-0,,1,
5/14/2022 8:20:17,Nik S - njs#50504,Noel S - Stopgap#13873,2-0,,1,
5/14/2022 9:17:56,Rafael F - prudent#24319,Daniel M - HPWizard#40332,2-0,,1,
5/14/2022 9:45:02,Rafael F - prudent#24319,Nguyen L - TheFancyPenguin#82137,2-1,,1,
5/14/2022 9:55:31,Daniel M - HPWizard#40332,Nik S - njs#50504,2-0,,1,
5/14/2022 10:12:19,Rafael F - prudent#24319,Nick Mc - finedontcare#64581,2-0,,1,
5/14/2022 11:03:47,Sam G - drinsanity#06844,Serge T - Sergyboy514#39979,2-1,,1,
5/14/2022 11:32:23,Noel S - Stopgap#13873,Cody-Rayce MG - Rayce#56572,2-0,,1,
5/14/2022 12:01:24,David R - Roooster#49289,Russell S - rstad#89052,2-1,,1,Russell Rocks!!!
5/14/2022 12:12:15,Ryan W - MuttBunchies#61653,Nik S - njs#50504,2-0,,1,
5/14/2022 12:20:36,Chris Y - Yorke on Games#66909,Nick Mc - finedontcare#64581,2-1,,1,Close ones!
5/14/2022 12:26:17,Ben A - JankInTheTank#50714,Ryan W - MuttBunchies#61653,2-0,,1,Ascendacy is dumb
5/14/2022 12:52:12,Russell S - rstad#89052,Krzys H - FaceBeardMcBeard#24731,2-0,,1,
5/14/2022 13:03:06,Shane K - Malfunktion#31013,Sam G - drinsanity#06844,2-0,,1,
5/14/2022 13:20:23,Nguyen L - TheFancyPenguin#82137,Richard K - preacher26#59445,2-1,,1,
5/14/2022 13:51:43,Gordon C - Chocobro#30910,John L - fightstrife#66069,2-0,,1,
5/14/2022 14:31:32,Angus M - Sangreen#96305,Robby P - Locke_009#22200,2-1,,1,"super close, ggs!"
5/14/2022 14:57:47,Cody-Rayce MG - Rayce#56572,Helge B - turd_burglar#45671,2-0,,1,ggs! maybe youll get revenge next time
5/14/2022 16:20:39,Cody-Rayce MG - Rayce#56572,Patrick M - FullestJ#22936,2-0,,1,ggs lands brutal rng
5/14/2022 17:02:17,Marley L - BeautyAndTheGitrog#98732,Olivier F - NephilimOli#21523,2-1,,1,
5/14/2022 17:58:39,Paul G - TheDragon#61289,Michael M - Atombomb11991#07305,2-0,,1,
5/14/2022 18:25:44,Michael M - Atombomb11991#07305,Spencer B - ThePensive#34256,2-0,,1,
5/14/2022 18:58:51,John P - gokuorgohome#51511,Michael M - Atombomb11991#07305,2-1,,1,
5/14/2022 19:16:28,Daniel J - Insequent#82225,Jake C - the_man_mulcahey#74753,2-0,,1,
5/14/2022 19:21:18,Ade A - Blizz#50660,Nelson K - accpi#18634,2-1,,1,
5/14/2022 19:31:59,Maxime R - Tasigurr#89921,Zach H - HackZolt#31077,2-0,,1,
5/14/2022 19:59:07,Emmett F - Sepulchure#51526,Damian S - ButCrackMagic#71223,2-1,,1,
5/14/2022 20:04:12,Kyle W - EtherEngineer#51748,Ryan D - TheSlickness#10857,2-0,,1,
5/14/2022 20:05:05,Daniel J - Insequent#82225,Zach H - HackZolt#31077,2-1,,1,
5/14/2022 20:18:41,Damian S - ButCrackMagic#71223,Nguyen L - TheFancyPenguin#82137,2-1,,1,
5/14/2022 20:41:25,Kyle W - EtherEngineer#51748,Emmett F - Sepulchure#51526,2-1,,1,
5/14/2022 21:13:44,Jake C - the_man_mulcahey#74753,Nicholas P - Ami3vil?#84889,2-0,,1,
5/14/2022 21:31:33,Cody-Rayce MG - Rayce#56572,Olivier F - NephilimOli#21523,2-0,,1,ggs!
5/14/2022 22:36:11,Pierre-Marc D - pmduguay#67919,Ryan D - TheSlickness#10857,2-0,,1,
5/14/2022 23:45:00,Pierre-Marc D - pmduguay#67919,Ade A - Blizz#50660,2-1,,1,
5/15/2022 0:11:36,Ryan W - MuttBunchies#61653,Spencer B - ThePensive#34256,2-1,,1,
5/15/2022 0:12:30,Shuo L - Tamamo#30654,Sylvain T - Iquitos#15484,2-0,,1,
5/15/2022 0:27:39,Chris P - Joker01#66827,Christopher G - oompaloompa#65002,2-1,,1,
5/15/2022 0:50:57,Christopher G - oompaloompa#65002,Joe T - elasticity#07466,2-0,,1,
5/15/2022 0:51:33,Sean Sp - Talrand#06333,Daniel J - Insequent#82225,2-0,,1,
5/15/2022 9:14:52,Adam S - wizma#29010,Noel S - Stopgap#13873,2-1,,1,Brokers ascendency yikes!
5/15/2022 9:47:39,Martin E - Meep#87492,Krzys H - FaceBeardMcBeard#24731,2-0,,1,
5/15/2022 9:56:38,Jakub K - Terrence McKenna#95766,Oskar T - ossytubbi#87966,2-0,,1,
5/15/2022 10:03:34,Cody-Rayce MG - Rayce#56572,Robby P - Locke_009#22200,2-1,,1,ggs
5/15/2022 10:15:53,Martin E - Meep#87492,Brian R - admiral_ace#37121,2-0,,1,
5/15/2022 10:28:50,Krzys H - FaceBeardMcBeard#24731,Chris Y - Yorke on Games#66909,2-1,,1,
5/15/2022 11:19:21,Adam S - wizma#29010,Jakub K - Terrence McKenna#95766,2-1,,1,Ggs!
5/15/2022 11:43:06,Kyle W - EtherEngineer#51748,Robby P - Locke_009#22200,2-0,,1,
5/15/2022 11:53:19,Andrew A - Mapo Dofu#77365,Emmett F - Sepulchure#51526,2-1,,1,
5/15/2022 12:13:09,Ryan W - MuttBunchies#61653,Ahu S - Wily_bandar#26808,2-0,,1,
5/15/2022 12:26:29,Jakub K - Terrence McKenna#95766,Robby P - Locke_009#22200,2-0,,1,
5/15/2022 12:33:59,Jake C - the_man_mulcahey#74753,Andrew A - Mapo Dofu#77365,2-1,,1,
5/15/2022 13:04:44,Shane K - Malfunktion#31013,Ahu S - Wily_bandar#26808,2-0,,1,
5/15/2022 13:16:55,Zeke W - smarmyplatapus#30066,Nik S - njs#50504,2-0,,1,
5/15/2022 13:21:38,Kyle W - EtherEngineer#51748,Carson C - carsoncaruso#98225,2-1,,1,
5/15/2022 13:33:05,Shuo L - Tamamo#30654,Mike G - eatmecompletely#43399,2-0,,1,
5/15/2022 13:33:26,Daniel J - Insequent#82225,Martin E - Meep#87492,2-1,,1,
5/15/2022 13:38:44,Jordan P - chunkieluver53#92811,Jakub K - Terrence McKenna#95766,2-1,,1,
5/15/2022 13:58:53,Carson C - carsoncaruso#98225,Shuo L - Tamamo#30654,2-0,,1,
5/15/2022 14:08:02,Jordan P - chunkieluver53#92811,Caleb G - Whynaut#28590,2-0,,1,
5/15/2022 14:11:51,Nicholas K - Bionick#55161,Grey H - grensley#2960,2-1,,1,
5/15/2022 14:13:59,Adam S - wizma#29010,David R - Roooster#49289,2-0,,1,Good games!
5/15/2022 14:17:04,Kyle W - EtherEngineer#51748,Mike G - eatmecompletely#43399,2-1,,1,absolutely insane match with haymakers left and right. G2 I was down to 2 cards in library!!!
5/15/2022 14:30:38,Johnny M - Johnny#69519,Gordon C - Chocobro#30910,2-1,,1,
5/15/2022 14:46:23,David R - Roooster#49289,Robby P - Locke_009#22200,2-1,,1,GG ROBBY!
5/15/2022 14:51:48,Grey H - grensley#2960,Mike P - UnwieldyBiscuit#26471,2-1,,1,
5/15/2022 14:55:42,Gordon C - Chocobro#30910,Zeke W - smarmyplatapus#30066,2-0,,1,
5/15/2022 15:14:04,Paul G - TheDragon#61289,Helge B - turd_burglar#45671,2-1,,1,
5/15/2022 15:25:04,Nicholas K - Bionick#55161,Mike P - UnwieldyBiscuit#26471,2-0,,1,
5/15/2022 15:25:48,Shuo L - Tamamo#30654,Calvin Z - extrAme#05753,2-0,,1,
5/15/2022 15:37:11,Carson C - carsoncaruso#98225,Caleb G - Whynaut#28590,2-0,,1,
5/15/2022 15:59:39,Edgar A - PlayfulTerror#04926,Helge B - turd_burglar#45671,2-0,,1,GGS
5/15/2022 17:20:49,Nicholas K - Bionick#55161,Noel S - Stopgap#13873,2-0,,1,
5/15/2022 17:38:47,Caleb G - Whynaut#28590,Olivier F - NephilimOli#21523,2-0,,1,
5/15/2022 18:06:35,Jeremy E - Lhurgoyf#37289,Nicholas K - Bionick#55161,2-1,,1,"super close, ggs!"
5/15/2022 18:15:30,Serge T - Sergyboy514#39979,Joel L - Instinctive#21903,2-1,,1,
5/15/2022 18:17:52,Johnny M - Johnny#69519,Deven W - Deven#51146,2-1,,1,
5/15/2022 18:38:47,Jordan P - chunkieluver53#92811,Ade A - Blizz#50660,2-1,,1,
5/15/2022 18:52:59,Zach H - HackZolt#31077,Deven W - Deven#51146,2-1,,1,
5/15/2022 19:08:19,Jeremy E - Lhurgoyf#37289,John P - gokuorgohome#51511,2-0,,1,ggs!
5/15/2022 19:22:00,Serge T - Sergyboy514#39979,John B - Vexingcarton#71473,2-0,,1,
5/15/2022 20:02:28,Christopher G - oompaloompa#65002,John P - gokuorgohome#51511,2-1,,1,
5/15/2022 20:22:41,John B - Vexingcarton#71473,Damian S - ButCrackMagic#71223,2-1,,1,
5/15/2022 21:01:10,Sawyer T - soyboy#35469,Christopher G - oompaloompa#65002,2-1,,1,
5/15/2022 21:03:57,Adam S - wizma#29010,John B - Vexingcarton#71473,2-1,,1,"Wow, great games! "
5/15/2022 21:05:49,John P - gokuorgohome#51511,Deven W - Deven#51146,2-0,,1,
5/15/2022 21:22:08,Jordan P - chunkieluver53#92811,Jason M - experientialist#23057,2-0,,1,
5/15/2022 21:54:23,Connor H - Rehab628#72974,Sean Sp - Talrand#06333,2-1,,1,
5/15/2022 22:54:22,Pierre-Marc D - pmduguay#67919,Sean Sp - Talrand#06333,2-1,,1,
5/15/2022 23:12:21,Jeff H - Cletus Van Dam#26978,Connor H - Rehab628#72974,2-0,,1,
5/15/2022 23:12:24,John B - Vexingcarton#71473,Sylvain T - Iquitos#15484,2-1,,1,
5/15/2022 23:45:26,John B - Vexingcarton#71473,Justin P - Code Pigeon#84057,2-0,,1,
5/16/2022 0:12:57,Olivier F - NephilimOli#21523,Sean Sm - UnknownThursday#95034,2-1,,1,
5/16/2022 0:25:28,Calvin Z - extrAme#05753,Emmett F - Sepulchure#51526,2-1,,1,
5/16/2022 0:25:39,Jeff H - Cletus Van Dam#26978,Sylvain T - Iquitos#15484,2-0,,1,
5/16/2022 0:47:43,John B - Vexingcarton#71473,Sean Sm - UnknownThursday#95034,2-1,,1,
5/16/2022 2:15:16,Sean Sm - UnknownThursday#95034,John M - theJOHNRAL#59630,2-0,,1,
5/16/2022 6:26:02,Helge B - turd_burglar#45671,John M - theJOHNRAL#59630,2-0,,1,
5/16/2022 7:47:50,Paul G - TheDragon#61289,Krzys H - FaceBeardMcBeard#24731,2-0,,1,
5/16/2022 12:08:52,Krzys H - FaceBeardMcBeard#24731,Nick Mc - finedontcare#64581,2-0,,1,
5/16/2022 12:31:24,Ben A - JankInTheTank#50714,Marley L - BeautyAndTheGitrog#98732,2-1,,1,
5/16/2022 12:45:39,Joel L - Instinctive#21903,Martin E - Meep#87492,2-1,,1,gg wp
5/16/2022 12:48:36,Joe T - elasticity#07466,Nick Mc - finedontcare#64581,2-0,,1,
5/16/2022 13:09:40,Marley L - BeautyAndTheGitrog#98732,Harry B - Midnight_0il#97781,2-1,,1,Pack Manually Generated by Caleb
5/16/2022 13:09:40,Sawyer T - soyboy#35469,Tim H - hanshotf1rst#51070,2-0,,1,
5/16/2022 13:26:07,Nick Mc - finedontcare#64581,Zeke W - smarmyplatapus#30066,2-1,,1,
5/16/2022 13:49:08,Harry B - Midnight_0il#97781,Tim H - hanshotf1rst#51070,2-0,,1,
5/16/2022 14:08:07,Nick Mc - finedontcare#64581,John L - fightstrife#66069,2-0,,1,
5/16/2022 14:20:50,Tim H - hanshotf1rst#51070,Richard K - preacher26#59445,2-1,,1,
5/16/2022 14:23:13,John P - gokuorgohome#51511,Sean Sm - UnknownThursday#95034,2-1,,1,
5/16/2022 15:06:53,Nick Mc - finedontcare#64581,Joel L - Instinctive#21903,2-0,,1,
5/16/2022 16:06:00,Shane K - Malfunktion#31013,Joel L - Instinctive#21903,2-0,,1,
5/16/2022 17:53:55,Brian R - admiral_ace#37121,Angus M - Sangreen#96305,2-1,,1,
5/16/2022 18:34:45,Olivier F - NephilimOli#21523,Brian R - admiral_ace#37121,2-0,,1,
5/16/2022 19:35:53,Dante R - dantesper#59172,Tim H - hanshotf1rst#51070,2-1,,1,
5/16/2022 21:16:28,David R - Roooster#49289,Daniel M - HPWizard#40332,2-0,,1,Nice deck!
5/16/2022 21:45:24,Brian R - admiral_ace#37121,Austin C - theCortine#41513,2-0,,1,
5/16/2022 22:05:58,John M - theJOHNRAL#59630,David R - Roooster#49289,2-0,,1,
5/16/2022 22:15:31,Devin L - Dalopi#45146,Jay S - trainyaj#13755,2-1,,1,
5/16/2022 22:41:14,John M - theJOHNRAL#59630,Mike P - UnwieldyBiscuit#26471,2-1,,1,
5/16/2022 22:45:09,Nicholas K - Bionick#55161,Devin L - Dalopi#45146,2-1,,1,
5/16/2022 23:05:14,Jay S - trainyaj#13755,Serge T - Sergyboy514#39979,2-0,,1,
5/16/2022 23:29:33,Jeremy E - Lhurgoyf#37289,Maranda L - BlackCanary#59791,2-1,,1,
5/17/2022 0:06:11,Sean Sp - Talrand#06333,Grey H - grensley#2960,2-0,,1,
5/17/2022 10:15:28,Pierre-Marc D - pmduguay#67919,Paul G - TheDragon#61289,2-1,,1,
5/17/2022 10:51:43,Joe T - elasticity#07466,Paul G - TheDragon#61289,2-1,,1,
5/17/2022 11:26:09,Shane K - Malfunktion#31013,Erika P - CharmToy#24980,2-0,,1,
5/17/2022 14:06:15,Martin E - Meep#87492,Joe T - elasticity#07466,2-1,,1,
5/17/2022 14:39:34,Sawyer T - soyboy#35469,Jeff H - Cletus Van Dam#26978,2-1,,1,
5/17/2022 15:13:59,Richard K - preacher26#59445,Damien F - DamienF16#36049,2-0,,1,
5/17/2022 15:41:51,Austin C - theCortine#41513,Damien F - DamienF16#36049,2-1,,1,
5/17/2022 16:34:24,Damien F - DamienF16#36049,Ericsson L - Dimmi#45280,2-0,,1,
5/17/2022 17:05:00,Damien F - DamienF16#36049,Tim H - hanshotf1rst#51070,2-0,,1,
5/17/2022 18:29:29,Ryan D - TheSlickness#10857,Damien F - DamienF16#36049,2-1,,1,
5/17/2022 19:47:04,Jason M - experientialist#23057,Coleman N - avo#92320,2-0,,1,
5/17/2022 20:12:48,Mitchel S - SpaghettiMitch#18619,Dante R - dantesper#59172,2-1,,1,
5/17/2022 20:25:37,Calvin Z - extrAme#05753,Pierre-Marc D - pmduguay#67919,2-1,,1,
5/17/2022 20:38:04,Marley L - BeautyAndTheGitrog#98732,Mitchel S - SpaghettiMitch#18619,2-0,,1,
5/17/2022 21:21:45,Edgar A - PlayfulTerror#04926,Serge T - Sergyboy514#39979,2-1,,1,ggs
5/17/2022 21:24:59,Mitchel S - SpaghettiMitch#18619,Randy F - Ezrem#08922,2-0,,1,
5/17/2022 21:36:06,Andrew A - Mapo Dofu#77365,Olivier F - NephilimOli#21523,2-0,,1,Razor close 2-0. Amazing games.
5/17/2022 21:51:18,Nicholas P - Ami3vil?#84889,Jay S - trainyaj#13755,2-0,,1,GGs!
5/17/2022 22:04:50,Chris P - Joker01#66827,Randy F - Ezrem#08922,2-0,,1,bad shuffler :(
5/17/2022 22:14:02,Sean Sp - Talrand#06333,Jake C - the_man_mulcahey#74753,2-1,,1,
5/17/2022 22:19:15,Andrew A - Mapo Dofu#77365,Maranda L - BlackCanary#59791,2-0,,1,
5/17/2022 22:22:45,Mitchel S - SpaghettiMitch#18619,Jay S - trainyaj#13755,2-0,,1,
5/17/2022 22:39:10,Johnny M - Johnny#69519,Chris P - Joker01#66827,2-1,,1,
5/17/2022 23:22:16,Maranda L - BlackCanary#59791,Sheldon D - downie#26773,2-0,,1,
5/17/2022 23:35:12,Shane K - Malfunktion#31013,Jason M - experientialist#23057,2-0,,1,
5/18/2022 0:07:01,Sheldon D - downie#26773,Calvin Z - extrAme#05753,2-1,,1,
5/18/2022 0:14:47,Emmett F - Sepulchure#51526,Patrick M - FullestJ#22936,2-0,,1,
5/18/2022 0:56:59,Calvin Z - extrAme#05753,Doug Co - daceris#24713,2-0,,1,
5/18/2022 11:32:04,Dante R - dantesper#59172,Banting L - smittyw#95807,2-0,,1,
5/18/2022 12:28:06,Ryan D - TheSlickness#10857,Andrew A - Mapo Dofu#77365,2-1,,1,
5/18/2022 13:38:13,Sawyer T - soyboy#35469,Jaidin M - MnemonicDevice#38774,2-0,,1,
5/18/2022 14:11:15,Ryan D - TheSlickness#10857,Cameron K - Camzillanator#66654,2-0,,1,
5/18/2022 14:29:23,Randy F - Ezrem#08922,Helge B - turd_burglar#45671,2-1,,1,
5/18/2022 14:46:45,Randy F - Ezrem#08922,Harry B - Midnight_0il#97781,2-1,,1,
5/18/2022 15:16:58,Jaidin M - MnemonicDevice#38774,Patrick M - FullestJ#22936,2-0,,1,ggs!
5/18/2022 15:37:35,Harry B - Midnight_0il#97781,Richard K - preacher26#59445,2-0,,1,
5/18/2022 15:50:00,Sawyer T - soyboy#35469,Ben A - JankInTheTank#50714,2-1,,1,
5/18/2022 16:27:02,Randy F - Ezrem#08922,Oskar T - ossytubbi#87966,2-0,,1,
5/18/2022 16:33:18,Jaidin M - MnemonicDevice#38774,Ben A - JankInTheTank#50714,2-1,,1,Grindy 3rd game!
5/18/2022 17:19:36,Ben A - JankInTheTank#50714,Austin C - theCortine#41513,2-0,,1,
5/18/2022 17:48:52,Marley L - BeautyAndTheGitrog#98732,Richard K - preacher26#59445,2-0,,1,
5/18/2022 18:37:36,Justin P - Code Pigeon#84057,Mike P - UnwieldyBiscuit#26471,2-0,,1,
5/18/2022 20:24:39,Jay S - trainyaj#13755,Angus M - Sangreen#96305,2-0,,1,
5/18/2022 20:28:26,Coleman N - avo#92320,Daniel M - HPWizard#40332,2-0,,1,
5/18/2022 22:27:24,Shuo L - Tamamo#30654,Jordan P - chunkieluver53#92811,2-1,,1,
5/18/2022 22:52:01,Justin P - Code Pigeon#84057,Sean Sm - UnknownThursday#95034,2-0,,1,
5/18/2022 23:05:38,Devin L - Dalopi#45146,Jaidin M - MnemonicDevice#38774,2-1,,1,
5/18/2022 23:12:01,Jason M - experientialist#23057,Justin P - Code Pigeon#84057,2-0,,1,
5/18/2022 23:13:21,Jake C - the_man_mulcahey#74753,Sylvain T - Iquitos#15484,2-0,,1,
5/18/2022 23:35:21,Justin P - Code Pigeon#84057,Edgar A - PlayfulTerror#04926,2-0,,1,
5/19/2022 0:13:45,Jake C - the_man_mulcahey#74753,Jeff H - Cletus Van Dam#26978,2-0,,1,
5/19/2022 1:58:03,Sylvain T - Iquitos#15484,Spencer B - ThePensive#34256,2-1,,1,Nice games!
5/19/2022 11:26:07,Mitchel S - SpaghettiMitch#18619,Nelson K - accpi#18634,2-1,,1,
5/19/2022 11:38:56,Russell S - rstad#89052,Banting L - smittyw#95807,2-0,,1,
5/19/2022 12:19:43,Nelson K - accpi#18634,Johnny M - Johnny#69519,2-1,,1,
5/19/2022 17:21:44,Gabe C - Iamgabe#35305,Spencer B - ThePensive#34256,2-0,,1,
5/19/2022 17:49:24,Austin C - theCortine#41513,John L - fightstrife#66069,2-0,,1,
5/19/2022 18:14:12,Mitchel S - SpaghettiMitch#18619,Spencer B - ThePensive#34256,2-0,,1,
5/19/2022 18:16:48,Brian R - admiral_ace#37121,Sheldon D - downie#26773,2-0,,1,
5/19/2022 18:41:45,Jordan P - chunkieluver53#92811,John L - fightstrife#66069,2-1,,1,
5/19/2022 18:43:49,Ericsson L - Dimmi#45280,Bill D - Cato Phoenix#70805,2-0,,1,
5/19/2022 19:32:44,Angus M - Sangreen#96305,Ericsson L - Dimmi#45280,2-0,,1,ggs
5/19/2022 20:08:45,Sean Sp - Talrand#06333,Edgar A - PlayfulTerror#04926,2-1,,1,
5/19/2022 20:11:23,Johnny M - Johnny#69519,Cameron K - Camzillanator#66654,2-0,,1,
5/19/2022 20:12:53,Angus M - Sangreen#96305,Sheldon D - downie#26773,2-0,,1,ggs
5/19/2022 20:28:33,Michael M - Atombomb11991#07305,Dante R - dantesper#59172,2-0,,1,
5/19/2022 20:54:48,Michael M - Atombomb11991#07305,Cameron K - Camzillanator#66654,2-0,,1,
5/19/2022 20:56:34,Olivier F - NephilimOli#21523,Russell S - rstad#89052,2-0,,1,
5/19/2022 22:26:20,Matt T - Malikari#85656,Ahu S - Wily_bandar#26808,2-0,,1,
5/19/2022 23:35:12,Sheldon D - downie#26773,Matt T - Malikari#85656,2-1,,1,
5/20/2022 0:04:08,Jason M - experientialist#23057,Calvin Z - extrAme#05753,2-1,,1,
5/20/2022 6:44:47,Daniel J - Insequent#82225,Bill D - Cato Phoenix#70805,2-0,,1,
5/20/2022 7:17:06,Mats K - MakroGames#12872,Bill D - Cato Phoenix#70805,2-0,,1,
5/20/2022 11:06:29,Gabe C - Iamgabe#35305,Daniel M - HPWizard#40332,2-1,,1,
5/20/2022 11:25:38,Banting L - smittyw#95807,Bill D - Cato Phoenix#70805,2-1,,1,
5/20/2022 11:55:21,Gabe C - Iamgabe#35305,Austin C - theCortine#41513,2-1,,1,
5/20/2022 12:12:21,Doug Co - daceris#24713,Gabe C - Iamgabe#35305,2-0,,1,
5/20/2022 12:53:05,Jeff H - Cletus Van Dam#26978,Gabe C - Iamgabe#35305,2-1,,1,
5/20/2022 13:10:38,Doug Co - daceris#24713,Bill D - Cato Phoenix#70805,2-0,,1,
5/20/2022 13:22:21,Banting L - smittyw#95807,Sam G - drinsanity#06844,2-0,,1,
5/20/2022 14:40:27,Ben A - JankInTheTank#50714,Chris R - Sinkwater#27508,2-0,,1,
5/20/2022 15:04:47,Mats K - MakroGames#12872,Ben A - JankInTheTank#50714,2-0,,1,
5/20/2022 15:34:50,Maranda L - BlackCanary#59791,Chris R - Sinkwater#27508,2-1,,1,
5/20/2022 15:48:28,Zach H - HackZolt#31077,Banting L - smittyw#95807,2-0,,1,
5/20/2022 16:00:15,Chris R - Sinkwater#27508,Mats K - MakroGames#12872,2-0,,1,
5/20/2022 16:18:28,Cameron K - Camzillanator#66654,Devin L - Dalopi#45146,2-1,,1,
5/20/2022 16:30:36,Cameron K - Camzillanator#66654,Chris R - Sinkwater#27508,2-0,,1,
5/20/2022 16:36:39,Doug Co - daceris#24713,Devin L - Dalopi#45146,2-0,,1,
5/20/2022 16:37:12,Zach H - HackZolt#31077,Mats K - MakroGames#12872,2-0,,1,
5/20/2022 17:45:12,Sawyer T - soyboy#35469,Chris P - Joker01#66827,2-1,,1,
5/20/2022 18:10:16,Damian S - ButCrackMagic#71223,Sawyer T - soyboy#35469,2-0,,1,
5/20/2022 18:22:49,Nick Mc - finedontcare#64581,Maxime R - Tasigurr#89921,2-1,,1,
5/20/2022 18:40:40,Nick Mc - finedontcare#64581,Damian S - ButCrackMagic#71223,2-1,,1,
5/20/2022 18:41:27,Gordon C - Chocobro#30910,Mike G - eatmecompletely#43399,2-1,,1,
5/20/2022 18:42:55,Chris P - Joker01#66827,Coleman N - avo#92320,2-1,,1,
5/20/2022 19:14:02,Nick Mc - finedontcare#64581,Nguyen L - TheFancyPenguin#82137,2-1,,1,
5/20/2022 20:07:31,Spencer B - ThePensive#34256,Nguyen L - TheFancyPenguin#82137,2-1,,1,
5/20/2022 20:13:32,Sawyer T - soyboy#35469,Chris Y - Yorke on Games#66909,2-0,,1,
5/20/2022 20:40:01,Robby P - Locke_009#22200,Coleman N - avo#92320,2-1,,1,
5/20/2022 20:55:26,Russell S - rstad#89052,Spencer B - ThePensive#34256,2-1,,1,
5/20/2022 20:56:09,Ryan D - TheSlickness#10857,Damian S - ButCrackMagic#71223,2-0,,1,Inspiring Overseer....?!?
5/20/2022 20:59:43,Olivier F - NephilimOli#21523,Mike P - UnwieldyBiscuit#26471,2-0,,1,
5/20/2022 21:00:51,Chris Y - Yorke on Games#66909,Ade A - Blizz#50660,2-0,,1,GGs!
5/20/2022 21:30:10,Nicholas K - Bionick#55161,Mike P - UnwieldyBiscuit#26471,2-1,,1,
5/20/2022 21:37:58,Robby P - Locke_009#22200,John M - theJOHNRAL#59630,2-1,,1,
5/20/2022 21:40:54,John P - gokuorgohome#51511,Jay S - trainyaj#13755,2-1,,1,
5/20/2022 22:29:32,Cody-Rayce MG - Rayce#56572,Nicholas K - Bionick#55161,2-0,,1,ggs!!
5/20/2022 22:39:16,Sawyer T - soyboy#35469,Emmett F - Sepulchure#51526,2-1,,1,
5/20/2022 22:40:08,Jay S - trainyaj#13755,Connor H - Rehab628#72974,2-1,,1,
5/20/2022 22:56:26,Sean Sp - Talrand#06333,Michael M - Atombomb11991#07305,2-1,,1,
5/20/2022 23:11:23,Emmett F - Sepulchure#51526,Sylvain T - Iquitos#15484,2-0,,1,
5/20/2022 23:26:03,Caleb G - Whynaut#28590,Christopher G - oompaloompa#65002,2-0,,1,
5/21/2022 0:00:04,Zeke W - smarmyplatapus#30066,Rafael F - prudent#24319,2-1,,1,that last game was ridiculous
5/21/2022 0:05:43,Maxime R - Tasigurr#89921,Caleb G - Whynaut#28590,2-1,,1,
5/21/2022 0:41:40,Nicholas K - Bionick#55161,Sean Sp - Talrand#06333,2-1,,1,
5/21/2022 1:13:51,Justin P - Code Pigeon#84057,Maxime R - Tasigurr#89921,2-1,,1,
5/21/2022 1:34:14,Damian S - ButCrackMagic#71223,Maxime R - Tasigurr#89921,2-0,,1,
5/21/2022 2:04:17,Daniel M - HPWizard#40332,Rafael F - prudent#24319,2-0,,1,
5/21/2022 2:13:08,Gordon C - Chocobro#30910,Zeke W - smarmyplatapus#30066,2-0,,1,
5/21/2022 2:51:49,Paul G - TheDragon#61289,Gordon C - Chocobro#30910,2-1,,1,
5/21/2022 3:17:52,Carson C - carsoncaruso#98225,Rafael F - prudent#24319,2-1,,1,
5/21/2022 7:04:52,Paul G - TheDragon#61289,Noel S - Stopgap#13873,2-1,,1,
5/21/2022 7:35:34,Noel S - Stopgap#13873,Zeke W - smarmyplatapus#30066,2-0,,1,
5/21/2022 9:12:40,Paul G - TheDragon#61289,Brian R - admiral_ace#37121,2-0,,1,
5/21/2022 9:45:07,Andrew A - Mapo Dofu#77365,Noel S - Stopgap#13873,2-0,,1,
5/21/2022 10:12:17,Brian R - admiral_ace#37121,Rafael F - prudent#24319,2-0,,1,
5/21/2022 10:34:14,Jakub K - Terrence McKenna#95766,Adam S - wizma#29010,2-1,,1,Great Games 
5/21/2022 10:42:06,Robby P - Locke_009#22200,Joe T - elasticity#07466,2-1,,1,
5/21/2022 10:44:39,Kyle W - EtherEngineer#51748,Caleb G - Whynaut#28590,2-0,,1,
5/21/2022 11:11:56,Brian R - admiral_ace#37121,Shuo L - Tamamo#30654,2-1,,1,
5/21/2022 11:13:52,Caleb G - Whynaut#28590,Martin E - Meep#87492,2-0,,1,
5/21/2022 11:14:08,Randy F - Ezrem#08922,Robby P - Locke_009#22200,2-1,,1,
5/21/2022 11:28:45,Joel L - Instinctive#21903,Kyle W - EtherEngineer#51748,2-1,,1,ggs tough games wp
5/21/2022 11:35:51,Caleb G - Whynaut#28590,Serge T - Sergyboy514#39979,2-0,,1,
5/21/2022 11:39:17,Randy F - Ezrem#08922,Paul G - TheDragon#61289,2-0,,1,
5/21/2022 11:54:18,Cody-Rayce MG - Rayce#56572,Serge T - Sergyboy514#39979,2-0,,1,ggs
5/21/2022 12:15:24,Andrew A - Mapo Dofu#77365,Jason M - experientialist#23057,2-0,,1,
5/21/2022 12:16:57,Damian S - ButCrackMagic#71223,Randy F - Ezrem#08922,2-0,,1,
5/21/2022 12:18:15,Emmett F - Sepulchure#51526,Joel L - Instinctive#21903,2-1,,1,
5/21/2022 13:27:58,Kyle W - EtherEngineer#51748,Carson C - carsoncaruso#98225,2-1,,1,
5/21/2022 14:17:09,Devin L - Dalopi#45146,Adam S - wizma#29010,2-1,,1,
5/21/2022 14:19:47,Carson C - carsoncaruso#98225,Emmett F - Sepulchure#51526,2-1,,1,GGs! Super close
5/21/2022 14:39:01,Christopher G - oompaloompa#65002,Joel L - Instinctive#21903,2-1,,1,
5/21/2022 14:44:18,Carson C - carsoncaruso#98225,Maxime R - Tasigurr#89921,2-1,,1,
5/21/2022 15:16:24,Oskar T - ossytubbi#87966,Robby P - Locke_009#22200,2-1,,1,
5/21/2022 15:25:20,Carson C - carsoncaruso#98225,Gordon C - Chocobro#30910,2-1,,1,
5/21/2022 15:39:53,Jake C - the_man_mulcahey#74753,Devin L - Dalopi#45146,2-1,,1,ggs well played
5/21/2022 16:12:55,Michael M - Atombomb11991#07305,Devin L - Dalopi#45146,2-0,,1,
5/21/2022 16:22:28,Christopher G - oompaloompa#65002,Olivier F - NephilimOli#21523,2-0,,1,
5/21/2022 16:27:01,Oskar T - ossytubbi#87966,Mats K - MakroGames#12872,2-1,,1,
5/21/2022 16:46:43,Martin E - Meep#87492,Richard K - preacher26#59445,2-0,,1,
5/21/2022 16:52:34,Sean Sm - UnknownThursday#95034,Helge B - turd_burglar#45671,2-1,,1,
5/21/2022 17:34:27,Kyle W - EtherEngineer#51748,Sterling R - silversire#93731,2-1,,1,
5/21/2022 17:47:21,Paul G - TheDragon#61289,Olivier F - NephilimOli#21523,2-1,,1,
5/21/2022 17:49:07,Ryan D - TheSlickness#10857,Christopher G - oompaloompa#65002,2-0,,1,Great games!
5/21/2022 17:57:53,Coleman N - avo#92320,Sterling R - silversire#93731,2-0,,1,
5/21/2022 18:01:05,Noel S - Stopgap#13873,Mitchel S - SpaghettiMitch#18619,2-1,,1,
5/21/2022 19:15:05,Grey H - grensley#2960,Nicholas K - Bionick#55161,2-0,,1,
5/21/2022 19:46:50,Chris P - Joker01#66827,Gordon C - Chocobro#30910,2-0,,1,
5/21/2022 20:31:11,Russell S - rstad#89052,Coleman N - avo#92320,2-0,,1,
5/21/2022 20:56:17,Russell S - rstad#89052,Olivier F - NephilimOli#21523,2-0,,1,
5/21/2022 21:04:04,Joel L - Instinctive#21903,Maranda L - BlackCanary#59791,2-1,,1,ggs wp
5/21/2022 22:35:53,Ryan D - TheSlickness#10857,Ade A - Blizz#50660,2-1,,1,
5/21/2022 23:27:47,Krzys H - FaceBeardMcBeard#24731,Sylvain T - Iquitos#15484,2-0,,1,
5/22/2022 1:46:04,Sawyer T - soyboy#35469,Michael M - Atombomb11991#07305,2-0,,1,
5/22/2022 3:14:16,Helge B - turd_burglar#45671,Michael M - Atombomb11991#07305,2-0,,1,
5/22/2022 11:05:51,Ryan D - TheSlickness#10857,Johnny M - Johnny#69519,2-0,,1,
5/22/2022 11:37:04,Shuo L - Tamamo#30654,Serge T - Sergyboy514#39979,2-1,,1,
5/22/2022 12:05:20,Kyle W - EtherEngineer#51748,Serge T - Sergyboy514#39979,2-0,,1,
5/22/2022 14:30:36,Nicholas P - Ami3vil?#84889,Johnny M - Johnny#69519,2-1,,1,GGs!
5/22/2022 14:55:22,John P - gokuorgohome#51511,Rafael F - prudent#24319,2-1,,1,
5/22/2022 18:09:04,Adam S - wizma#29010,Maranda L - BlackCanary#59791,2-1,,1,"Really excellent, well played games! Iâ€™m sorry about the nail-biting loss, we both deserved a win there "
5/22/2022 18:48:35,Jakub K - Terrence McKenna#95766,Mike P - UnwieldyBiscuit#26471,2-0,,1,
5/22/2022 19:19:42,Mitchel S - SpaghettiMitch#18619,Mike P - UnwieldyBiscuit#26471,2-0,,,
5/22/2022 19:24:51,Brian R - admiral_ace#37121,Jeremy E - Lhurgoyf#37289,2-1,,1,
5/22/2022 19:38:31,Jakub K - Terrence McKenna#95766,Russell S - rstad#89052,2-1,,1,
5/22/2022 19:52:34,Coleman N - avo#92320,Marley L - BeautyAndTheGitrog#98732,2-1,,1,
5/22/2022 20:57:27,Christopher G - oompaloompa#65002,Brian R - admiral_ace#37121,2-0,,1,
5/22/2022 21:18:26,Richard K - preacher26#59445,Chris P - Joker01#66827,2-1,,1,
5/22/2022 21:53:26,Jay S - trainyaj#13755,Marley L - BeautyAndTheGitrog#98732,2-0,,1,
5/22/2022 21:56:28,Devin L - Dalopi#45146,Johnny M - Johnny#69519,2-1,,1,
5/22/2022 22:04:14,Mitchel S - SpaghettiMitch#18619,John M - theJOHNRAL#59630,2-1,,1,
5/22/2022 22:35:37,John M - theJOHNRAL#59630,Connor H - Rehab628#72974,2-0,,1,
5/22/2022 23:12:55,Randy F - Ezrem#08922,Jake C - the_man_mulcahey#74753,2-1,,1,"Super fun Matches, and chat!"
5/22/2022 23:23:31,Chris Y - Yorke on Games#66909,Connor H - Rehab628#72974,2-1,,1,Jaxis!!
5/22/2022 23:29:46,Russell S - rstad#89052,Jeff H - Cletus Van Dam#26978,2-0,,1,
5/22/2022 23:45:05,Nicholas K - Bionick#55161,Jeremy E - Lhurgoyf#37289,2-1,,1,great match as always!
5/23/2022 0:36:13,Jeremy E - Lhurgoyf#37289,Chris Y - Yorke on Games#66909,2-1,,1,classic grifters vs cats matchup
5/23/2022 0:44:52,Cody-Rayce MG - Rayce#56572,Jeff H - Cletus Van Dam#26978,2-1,,1,ggs! close ones
5/23/2022 1:09:02,Doug Co - daceris#24713,Mitchel S - SpaghettiMitch#18619,2-0,,1,
5/23/2022 3:08:22,Justin P - Code Pigeon#84057,Joel L - Instinctive#21903,2-1,,1,
5/23/2022 3:11:58,Chris P - Joker01#66827,Zeke W - smarmyplatapus#30066,2-0,,1,
5/23/2022 11:10:59,Richard K - preacher26#59445,Ryan W - MuttBunchies#61653,2-1,,1,
5/23/2022 11:33:07,Sam G - drinsanity#06844,Pierre-Marc D - pmduguay#67919,2-0,,1,
5/23/2022 11:55:17,Matt T - Malikari#85656,Chris Y - Yorke on Games#66909,2-1,,1,
5/23/2022 12:24:59,Austin C - theCortine#41513,Mitchel S - SpaghettiMitch#18619,2-0,,1,
5/23/2022 12:45:32,Daniel J - Insequent#82225,Pierre-Marc D - pmduguay#67919,2-1,,1,
5/23/2022 12:46:58,Matt T - Malikari#85656,Jeremy E - Lhurgoyf#37289,2-0,,1,
5/23/2022 13:07:58,Ryan W - MuttBunchies#61653,Nicholas P - Ami3vil?#84889,2-1,,1,
5/23/2022 13:26:38,Harry B - Midnight_0il#97781,Daniel J - Insequent#82225,2-1,,1,
5/23/2022 13:44:57,Austin C - theCortine#41513,Sam G - drinsanity#06844,2-0,,1,
5/23/2022 14:30:33,Daniel J - Insequent#82225,Martin E - Meep#87492,2-1,,1,
5/23/2022 14:39:11,Ryan W - MuttBunchies#61653,Angus M - Sangreen#96305,2-0,,1,
5/23/2022 14:44:26,Jeremy E - Lhurgoyf#37289,Sam G - drinsanity#06844,2-0,,1,ggs
5/23/2022 15:15:28,Emmett F - Sepulchure#51526,John P - gokuorgohome#51511,2-1,,1,
5/23/2022 15:17:39,Ben A - JankInTheTank#50714,Damien F - DamienF16#36049,2-0,,1,
5/23/2022 15:41:11,Jake C - the_man_mulcahey#74753,Dante R - dantesper#59172,2-1,,1,
5/23/2022 15:41:46,Krzys H - FaceBeardMcBeard#24731,Angus M - Sangreen#96305,2-1,,1,
5/23/2022 15:44:50,Damien F - DamienF16#36049,Nicholas P - Ami3vil?#84889,2-0,,1,
5/23/2022 15:48:35,John P - gokuorgohome#51511,Shane K - Malfunktion#31013,2-0,,1,
5/23/2022 16:00:22,Jordan P - chunkieluver53#92811,Damien F - DamienF16#36049,2-0,,1,
5/23/2022 16:16:58,Ben A - JankInTheTank#50714,Angus M - Sangreen#96305,2-0,,1,Pack generated manually by Caleb
5/23/2022 16:16:59,Dante R - dantesper#59172,Krzys H - FaceBeardMcBeard#24731,2-0,,1,
5/23/2022 16:34:40,Harry B - Midnight_0il#97781,Nicholas P - Ami3vil?#84889,2-0,,,
5/23/2022 16:37:34,Damien F - DamienF16#36049,John P - gokuorgohome#51511,2-1,,1,
5/23/2022 16:52:43,Damien F - DamienF16#36049,Harry B - Midnight_0il#97781,2-0,,1,
5/23/2022 16:58:45,Adam S - wizma#29010,Tim H - hanshotf1rst#51070,2-0,,1,Good games 
5/23/2022 17:30:51,Jordan P - chunkieluver53#92811,Sam G - drinsanity#06844,2-1,,1,
5/23/2022 18:42:58,Richard K - preacher26#59445,John B - Vexingcarton#71473,2-1,,1,
5/23/2022 19:27:24,John B - Vexingcarton#71473,Jason M - experientialist#23057,2-0,,1,
5/23/2022 19:55:14,John B - Vexingcarton#71473,Ryan W - MuttBunchies#61653,2-0,,1,
5/23/2022 20:02:12,Jakub K - Terrence McKenna#95766,Jordan P - chunkieluver53#92811,2-1,,1,
5/23/2022 20:34:01,Jordan P - chunkieluver53#92811,Michael M - Atombomb11991#07305,2-0,,1,
5/23/2022 22:02:26,Jay S - trainyaj#13755,Pierre-Marc D - pmduguay#67919,2-0,,1,
5/23/2022 22:08:59,Angus M - Sangreen#96305,Coleman N - avo#92320,2-1,,1,ggs
5/23/2022 23:00:09,Pierre-Marc D - pmduguay#67919,Grey H - grensley#2960,2-1,,1,
5/23/2022 23:35:26,Doug Co - daceris#24713,Sean Sm - UnknownThursday#95034,2-1,,1,
5/24/2022 0:01:57,Cody-Rayce MG - Rayce#56572,Ericsson L - Dimmi#45280,2-0,,1,great Matches
5/24/2022 0:32:23,Shane K - Malfunktion#31013,Sean Sm - UnknownThursday#95034,2-0,,1,
5/24/2022 0:49:13,Doug Co - daceris#24713,Ericsson L - Dimmi#45280,2-0,,1,
5/24/2022 5:06:42,John M - theJOHNRAL#59630,Helge B - turd_burglar#45671,2-0,,1,
5/24/2022 12:38:44,Andrew A - Mapo Dofu#77365,Mike G - eatmecompletely#43399,2-1,,1,
5/24/2022 12:57:37,Pierre-Marc D - pmduguay#67919,Chris R - Sinkwater#27508,2-0,,1,
5/24/2022 13:57:26,Martin E - Meep#87492,Chris R - Sinkwater#27508,2-1,,1,
5/24/2022 14:42:27,Chris R - Sinkwater#27508,Krzys H - FaceBeardMcBeard#24731,2-0,,1,
5/24/2022 14:42:28,Sam G - drinsanity#06844,John B - Vexingcarton#71473,2-0,,1,
5/24/2022 14:51:10,Martin E - Meep#87492,Mike G - eatmecompletely#43399,2-1,,1,
5/24/2022 15:00:00,Joe T - elasticity#07466,Chris R - Sinkwater#27508,2-0,,1,
5/24/2022 15:05:29,Mike G - eatmecompletely#43399,Harry B - Midnight_0il#97781,2-0,,1,
5/24/2022 15:42:44,Cameron K - Camzillanator#66654,John B - Vexingcarton#71473,2-1,,1,
5/24/2022 17:00:52,Marley L - BeautyAndTheGitrog#98732,Shane K - Malfunktion#31013,2-1,,1,
5/24/2022 18:23:03,Ericsson L - Dimmi#45280,Jaidin M - MnemonicDevice#38774,2-0,,1,
5/24/2022 20:17:11,Ericsson L - Dimmi#45280,Edgar A - PlayfulTerror#04926,2-0,,1,
5/24/2022 20:51:11,Cody-Rayce MG - Rayce#56572,Edgar A - PlayfulTerror#04926,2-0,,1,ggs wp!
5/24/2022 22:29:15,Johnny M - Johnny#69519,Maranda L - BlackCanary#59791,2-0,,1,4x mulls...
5/24/2022 22:59:20,Austin C - theCortine#41513,Ade A - Blizz#50660,2-0,,1,
5/24/2022 23:36:23,Edgar A - PlayfulTerror#04926,Joe T - elasticity#07466,2-0,,1,gg's
5/24/2022 23:41:22,Maranda L - BlackCanary#59791,John M - theJOHNRAL#59630,2-0,,1,
5/24/2022 23:47:45,Mike G - eatmecompletely#43399,Sheldon D - downie#26773,2-1,,1,
5/25/2022 0:19:55,Maranda L - BlackCanary#59791,Sean Sm - UnknownThursday#95034,2-1,,1,
5/25/2022 0:57:16,Ericsson L - Dimmi#45280,Jeff H - Cletus Van Dam#26978,2-0,,1,
5/25/2022 12:48:54,Andrew A - Mapo Dofu#77365,Ben A - JankInTheTank#50714,2-0,,1,
5/25/2022 14:28:49,Shuo L - Tamamo#30654,Oskar T - ossytubbi#87966,2-1,,1,
5/25/2022 15:55:11,Justin P - Code Pigeon#84057,Cameron K - Camzillanator#66654,2-1,,1,
5/25/2022 16:26:18,Jake C - the_man_mulcahey#74753,Justin P - Code Pigeon#84057,2-1,,1,
5/25/2022 17:01:53,Patrick M - FullestJ#22936,Mats K - MakroGames#12872,2-1,,1,
5/25/2022 17:25:50,Jake C - the_man_mulcahey#74753,Marley L - BeautyAndTheGitrog#98732,2-1,,1,
5/25/2022 17:38:48,Ryan D - TheSlickness#10857,Mats K - MakroGames#12872,2-0,,1,
5/25/2022 17:56:16,Calvin Z - extrAme#05753,Marley L - BeautyAndTheGitrog#98732,2-1,,1,
5/25/2022 19:43:59,Nik S - njs#50504,Matt T - Malikari#85656,2-0,,1,
5/25/2022 19:57:38,Chris P - Joker01#66827,Shane K - Malfunktion#31013,2-1,,1,
5/25/2022 20:08:44,Shuo L - Tamamo#30654,Devin L - Dalopi#45146,2-1,,1,
5/25/2022 20:39:24,Shuo L - Tamamo#30654,Edgar A - PlayfulTerror#04926,2-1,,1,
5/25/2022 21:09:31,Coleman N - avo#92320,Nik S - njs#50504,2-0,,1,
5/25/2022 21:55:14,Jay S - trainyaj#13755,Joe T - elasticity#07466,2-1,,1,
5/25/2022 22:19:44,Ericsson L - Dimmi#45280,Zeke W - smarmyplatapus#30066,2-1,,1,nervewracking games! GG super fun // originally reported 2-0 - JM
5/25/2022 23:01:55,Jason M - experientialist#23057,Edgar A - PlayfulTerror#04926,2-0,,1,
5/25/2022 23:23:51,Johnny M - Johnny#69519,Patrick M - FullestJ#22936,2-1,,1,
5/25/2022 23:31:38,Sheldon D - downie#26773,Nik S - njs#50504,2-1,,1,
5/26/2022 0:16:02,Steve T - strout#45062,Patrick M - FullestJ#22936,2-1,,1,
5/26/2022 0:54:07,Jeff H - Cletus Van Dam#26978,Steve T - strout#45062,2-1,,1,
5/26/2022 1:37:45,Steve T - strout#45062,Sheldon D - downie#26773,2-1,,1,
5/26/2022 11:44:35,Sean Sp - Talrand#06333,Nguyen L - TheFancyPenguin#82137,2-0,,,
5/26/2022 13:23:23,Andrew A - Mapo Dofu#77365,Olivier F - NephilimOli#21523,2-1,,1,Mana screw wins feel bad :(
5/26/2022 16:04:52,Doug Co - daceris#24713,Dante R - dantesper#59172,2-0,,1,
5/26/2022 17:11:25,Dante R - dantesper#59172,Ben A - JankInTheTank#50714,2-0,,1,
5/26/2022 18:35:00,Justin P - Code Pigeon#84057,Gabe C - Iamgabe#35305,2-0,,1,
5/26/2022 18:44:00,Ericsson L - Dimmi#45280,Ade A - Blizz#50660,2-1,,1,
5/26/2022 19:49:50,Edgar A - PlayfulTerror#04926,Calvin Z - extrAme#05753,2-0,,1,gg's
5/26/2022 19:51:40,Oskar T - ossytubbi#87966,Ade A - Blizz#50660,2-0,,1,
5/26/2022 19:54:27,Adam S - wizma#29010,Gabe C - Iamgabe#35305,2-1,,1,Good games! (Originally entered as Adam vs Adam) 
5/26/2022 21:13:19,Nik S - njs#50504,David R - Roooster#49289,2-0,,1,
5/26/2022 21:35:18,Matt T - Malikari#85656,Austin C - theCortine#41513,2-0,,1,
5/26/2022 21:37:01,Nik S - njs#50504,Zach H - HackZolt#31077,2-0,,1,
5/26/2022 21:54:59,Joe T - elasticity#07466,Sheldon D - downie#26773,2-0,,1,
5/26/2022 22:08:10,David R - Roooster#49289,Patrick M - FullestJ#22936,2-1,,1,Great OP!
5/26/2022 22:27:45,Zach H - HackZolt#31077,David R - Roooster#49289,2-0,,1,
5/26/2022 22:43:13,Sylvain T - Iquitos#15484,Daniel M - HPWizard#40332,2-0,,1,
5/26/2022 22:58:01,Matt T - Malikari#85656,Jason M - experientialist#23057,2-1,,1,
5/26/2022 23:23:33,Sean Sm - UnknownThursday#95034,Sheldon D - downie#26773,2-1,,1,
5/27/2022 0:10:12,Zach H - HackZolt#31077,Sylvain T - Iquitos#15484,2-0,,1,
5/27/2022 0:41:07,Steve T - strout#45062,Zach H - HackZolt#31077,2-0,,1,
5/27/2022 1:28:40,Steve T - strout#45062,Sylvain T - Iquitos#15484,2-1,,,
5/27/2022 7:16:21,Daniel J - Insequent#82225,Daniel M - HPWizard#40332,2-1,,1,
5/27/2022 7:56:41,Daniel J - Insequent#82225,Noel S - Stopgap#13873,2-0,,1,
5/27/2022 10:40:09,Randy F - Ezrem#08922,Tim H - hanshotf1rst#51070,2-1,,1,
5/27/2022 12:19:08,Spencer B - ThePensive#34256,Angus M - Sangreen#96305,2-1,,1,
5/27/2022 13:00:36,Jaidin M - MnemonicDevice#38774,Sean Sp - Talrand#06333,2-0,,1,Double plasma jockey does the trick
5/27/2022 13:43:41,Krzys H - FaceBeardMcBeard#24731,Mats K - MakroGames#12872,2-1,,1,
5/27/2022 13:47:54,Matt T - Malikari#85656,Jaidin M - MnemonicDevice#38774,2-1,,1,
5/27/2022 14:45:51,Helge B - turd_burglar#45671,Jaidin M - MnemonicDevice#38774,2-0,,1,
5/27/2022 15:04:35,Helge B - turd_burglar#45671,Doug Co - daceris#24713,2-0,,1,
5/27/2022 16:37:25,Chris R - Sinkwater#27508,Cameron K - Camzillanator#66654,2-0,,,Manually generated
5/27/2022 16:58:11,Chris P - Joker01#66827,Patrick M - FullestJ#22936,2-0,,1,
5/27/2022 17:01:46,Steve T - strout#45062,Oskar T - ossytubbi#87966,2-0,,1,
5/27/2022 17:57:47,Emmett F - Sepulchure#51526,Carson C - carsoncaruso#98225,2-0,,1,
5/27/2022 18:07:26,Steve T - strout#45062,Jakub K - Terrence McKenna#95766,2-1,,1,
5/27/2022 19:05:34,Caleb G - Whynaut#28590,Jakub K - Terrence McKenna#95766,2-0,,1,
5/27/2022 19:06:34,Daniel J - Insequent#82225,Carson C - carsoncaruso#98225,2-1,,1,
5/27/2022 19:16:34,Olivier F - NephilimOli#21523,Sawyer T - soyboy#35469,2-1,,1,
5/27/2022 19:57:20,Andrew A - Mapo Dofu#77365,Ryan D - TheSlickness#10857,2-0,,1,
5/27/2022 20:01:20,Maxime R - Tasigurr#89921,Zach H - HackZolt#31077,2-0,,1,
5/27/2022 20:11:57,Chris Y - Yorke on Games#66909,Caleb G - Whynaut#28590,2-1,,1,2x Limos!!
5/27/2022 21:34:25,Krzys H - FaceBeardMcBeard#24731,Spencer B - ThePensive#34256,2-0,,,
5/27/2022 22:06:10,Maxime R - Tasigurr#89921,Brian R - admiral_ace#37121,2-1,,1,
5/27/2022 22:43:31,Justin P - Code Pigeon#84057,Ryan D - TheSlickness#10857,2-1,,1,
5/27/2022 22:46:45,Caleb G - Whynaut#28590,Coleman N - avo#92320,2-0,,1,
5/27/2022 23:18:19,Caleb G - Whynaut#28590,Brian R - admiral_ace#37121,2-0,,1,
5/27/2022 23:23:58,Devin L - Dalopi#45146,Russell S - rstad#89052,2-1,,1,
5/27/2022 23:35:58,Chris Y - Yorke on Games#66909,Krzys H - FaceBeardMcBeard#24731,2-0,,,
5/27/2022 23:40:58,Cody-Rayce MG - Rayce#56572,Nicholas K - Bionick#55161,2-1,,1,ggs plasma jockeys >.<
5/27/2022 23:46:35,Connor H - Rehab628#72974,Maxime R - Tasigurr#89921,2-1,,1,
5/27/2022 23:51:12,Caleb G - Whynaut#28590,Justin P - Code Pigeon#84057,2-0,,1,
5/28/2022 0:12:03,Devin L - Dalopi#45146,Nicholas K - Bionick#55161,2-1,,1,
5/28/2022 0:22:22,Russell S - rstad#89052,Chris Y - Yorke on Games#66909,2-0,,1,
5/28/2022 0:44:00,Calvin Z - extrAme#05753,Nicholas K - Bionick#55161,2-1,,1,
5/28/2022 0:48:35,Maxime R - Tasigurr#89921,Michael M - Atombomb11991#07305,2-0,,1,
5/28/2022 0:50:14,Justin P - Code Pigeon#84057,Devin L - Dalopi#45146,2-1,,1,
5/28/2022 1:10:29,Adam S - wizma#29010,Nicholas K - Bionick#55161,2-1,,,Amazing curve out Game 2!
5/28/2022 1:12:10,Coleman N - avo#92320,Chris Y - Yorke on Games#66909,2-1,,1,
5/28/2022 1:20:35,Justin P - Code Pigeon#84057,Michael M - Atombomb11991#07305,2-0,,1,
5/28/2022 2:35:34,Michael M - Atombomb11991#07305,Paul G - TheDragon#61289,2-0,,1,
5/28/2022 3:19:02,Michael M - Atombomb11991#07305,Martin E - Meep#87492,2-0,,1,
5/28/2022 4:51:39,Maxime R - Tasigurr#89921,Paul G - TheDragon#61289,2-0,,1,
5/28/2022 7:39:12,Noel S - Stopgap#13873,Nik S - njs#50504,2-0,,1,
5/28/2022 9:34:01,Noel S - Stopgap#13873,Brian R - admiral_ace#37121,2-0,,1,
5/28/2022 10:22:27,Brian R - admiral_ace#37121,Paul G - TheDragon#61289,2-1,,1,
5/28/2022 10:57:41,Johnny M - Johnny#69519,Paul G - TheDragon#61289,2-1,,1,
5/28/2022 11:18:30,Paul G - TheDragon#61289,Kyle W - EtherEngineer#51748,2-1,,1,
5/28/2022 11:22:36,Sam G - drinsanity#06844,Doug Co - daceris#24713,2-1,,1,
5/28/2022 12:31:09,Nik S - njs#50504,Robby P - Locke_009#22200,2-0,,1,
5/28/2022 12:32:20,Richard K - preacher26#59445,Shuo L - Tamamo#30654,2-0,,1,
5/28/2022 12:45:41,Mike G - eatmecompletely#43399,Jeremy E - Lhurgoyf#37289,2-1,,1,
5/28/2022 13:25:58,Calvin Z - extrAme#05753,Robby P - Locke_009#22200,2-0,,,
5/28/2022 15:24:20,Andrew A - Mapo Dofu#77365,Shuo L - Tamamo#30654,2-1,,1,
5/28/2022 15:34:02,Richard K - preacher26#59445,Jake C - the_man_mulcahey#74753,2-1,,1,
5/28/2022 15:39:20,Ade A - Blizz#50660,Chris P - Joker01#66827,2-1,,1,
5/28/2022 16:12:33,Shuo L - Tamamo#30654,Jason M - experientialist#23057,2-0,,1,
5/28/2022 16:42:36,Edgar A - PlayfulTerror#04926,Doug Co - daceris#24713,2-0,,1,GG's
5/28/2022 17:09:19,Jason M - experientialist#23057,Jake C - the_man_mulcahey#74753,2-1,,1,
5/28/2022 17:36:48,Damian S - ButCrackMagic#71223,Martin E - Meep#87492,2-0,,1,
5/28/2022 17:50:36,Doug Co - daceris#24713,Jason M - experientialist#23057,2-1,,1,
5/28/2022 17:57:29,Ryan D - TheSlickness#10857,Sam G - drinsanity#06844,2-0,,1,
5/28/2022 18:17:03,Sam G - drinsanity#06844,Edgar A - PlayfulTerror#04926,2-0,,1,
5/28/2022 18:42:25,Ade A - Blizz#50660,Christopher G - oompaloompa#65002,2-0,,1,
5/28/2022 18:58:49,Olivier F - NephilimOli#21523,Kyle W - EtherEngineer#51748,2-1,,1,
5/28/2022 20:30:04,Doug Co - daceris#24713,Marley L - BeautyAndTheGitrog#98732,2-0,,1,
5/28/2022 21:16:12,Sawyer T - soyboy#35469,Kyle W - EtherEngineer#51748,2-0,,1,
5/28/2022 21:37:01,Olivier F - NephilimOli#21523,Marley L - BeautyAndTheGitrog#98732,2-1,,,
5/28/2022 22:10:55,Kyle W - EtherEngineer#51748,Jason M - experientialist#23057,2-1,,,
5/28/2022 22:27:18,Jay S - trainyaj#13755,Connor H - Rehab628#72974,2-0,,1,
5/28/2022 22:35:54,Carson C - carsoncaruso#98225,Kyle W - EtherEngineer#51748,2-0,,1,
5/28/2022 23:55:23,Jake C - the_man_mulcahey#74753,Calvin Z - extrAme#05753,2-1,,1,
5/29/2022 0:00:42,Gordon C - Chocobro#30910,Ryan D - TheSlickness#10857,2-0,,1,
5/29/2022 0:47:19,Calvin Z - extrAme#05753,Damian S - ButCrackMagic#71223,2-0,,1,
5/29/2022 1:45:23,Joel L - Instinctive#21903,Ade A - Blizz#50660,2-0,,1,ggs wp
5/29/2022 2:22:14,Helge B - turd_burglar#45671,Joel L - Instinctive#21903,2-1,,1,
5/29/2022 8:13:54,Noel S - Stopgap#13873,Richard K - preacher26#59445,2-1,,1,
5/29/2022 9:57:20,Angus M - Sangreen#96305,Helge B - turd_burglar#45671,2-1,,1,ggs!
5/29/2022 11:18:53,Rafael F - prudent#24319,Coleman N - avo#92320,2-1,,1,
5/29/2022 11:40:52,Martin E - Meep#87492,Sawyer T - soyboy#35469,2-0,,1,
5/29/2022 11:57:04,Ryan W - MuttBunchies#61653,Michael M - Atombomb11991#07305,2-1,,,
5/29/2022 12:37:10,Jordan P - chunkieluver53#92811,John P - gokuorgohome#51511,2-1,,1,
5/29/2022 12:38:51,Coleman N - avo#92320,Daniel M - HPWizard#40332,2-0,,,
5/29/2022 12:39:51,Nik S - njs#50504,Harry B - Midnight_0il#97781,2-1,,1,
5/29/2022 13:26:52,Shuo L - Tamamo#30654,John P - gokuorgohome#51511,2-1,,1,
5/29/2022 13:29:37,Richard K - preacher26#59445,Harry B - Midnight_0il#97781,2-1,,1,
5/29/2022 13:44:18,Rafael F - prudent#24319,Chris P - Joker01#66827,2-1,,1,
5/29/2022 13:49:22,Gordon C - Chocobro#30910,Calvin Z - extrAme#05753,2-0,,,Manually generated stash pack for @gordon c
5/29/2022 14:02:01,Harry B - Midnight_0il#97781,John P - gokuorgohome#51511,2-0,,1,
5/29/2022 14:07:58,Martin E - Meep#87492,Mitchel S - SpaghettiMitch#18619,2-0,,1,
5/29/2022 14:28:39,Harry B - Midnight_0il#97781,Shuo L - Tamamo#30654,2-1,,1,
5/29/2022 14:47:21,Coleman N - avo#92320,Ade A - Blizz#50660,2-0,,,
5/29/2022 14:55:02,Olivier F - NephilimOli#21523,Gordon C - Chocobro#30910,2-1,,1,
5/29/2022 15:20:07,Mitchel S - SpaghettiMitch#18619,Harry B - Midnight_0il#97781,2-1,,1,
5/29/2022 17:20:33,Adam S - wizma#29010,John B - Vexingcarton#71473,2-0,,1,Good games!
5/29/2022 18:22:15,Jordan P - chunkieluver53#92811,Mike G - eatmecompletely#43399,2-0,,1,
5/29/2022 18:39:05,Ericsson L - Dimmi#45280,Nik S - njs#50504,2-1,,1,close ones!
5/29/2022 18:39:25,John P - gokuorgohome#51511,Austin C - theCortine#41513,2-0,,1,
5/29/2022 19:56:29,Maranda L - BlackCanary#59791,Ryan W - MuttBunchies#61653,2-1,,1,
5/29/2022 20:26:54,Chris Y - Yorke on Games#66909,Jordan P - chunkieluver53#92811,2-1,,1,
5/29/2022 22:12:33,Nik S - njs#50504,Andrew A - Mapo Dofu#77365,2-1,,1,
5/29/2022 22:30:15,Emmett F - Sepulchure#51526,Connor H - Rehab628#72974,2-0,,1,
5/30/2022 1:03:21,Sheldon D - downie#26773,Jake C - the_man_mulcahey#74753,2-0,,1,
5/30/2022 1:26:25,Sean Sm - UnknownThursday#95034,Rafael F - prudent#24319,2-0,,1,
5/30/2022 1:54:47,Ericsson L - Dimmi#45280,Sheldon D - downie#26773,2-0,,1,
5/30/2022 13:23:07,Justin P - Code Pigeon#84057,Matt T - Malikari#85656,2-0,,1,
5/30/2022 14:46:28,Cody-Rayce MG - Rayce#56572,Randy F - Ezrem#08922,2-1,,1,great games 
5/30/2022 15:21:21,Sean Sm - UnknownThursday#95034,Randy F - Ezrem#08922,2-0,,1,
5/30/2022 15:39:06,Rafael F - prudent#24319,Helge B - turd_burglar#45671,2-1,,1,
5/30/2022 15:51:16,Cody-Rayce MG - Rayce#56572,John B - Vexingcarton#71473,2-1,,1,ggs wp
5/30/2022 16:45:55,Jeremy E - Lhurgoyf#37289,John B - Vexingcarton#71473,2-1,,1,gl in the next one!
5/30/2022 22:21:13,Emmett F - Sepulchure#51526,Jay S - trainyaj#13755,2-0,,1,
5/30/2022 22:22:10,Sam G - drinsanity#06844,Gordon C - Chocobro#30910,2-1,,1,
5/30/2022 23:03:50,Jay S - trainyaj#13755,John M - theJOHNRAL#59630,2-0,,1,
5/30/2022 23:20:35,Ericsson L - Dimmi#45280,Johnny M - Johnny#69519,2-0,,1,
5/30/2022 23:44:49,John M - theJOHNRAL#59630,Doug Co - daceris#24713,2-1,,1,
5/30/2022 23:45:51,Adam S - wizma#29010,Edgar A - PlayfulTerror#04926,2-1,,1,Game 2 was wild! Good games!
5/31/2022 0:05:05,Ericsson L - Dimmi#45280,Jeremy E - Lhurgoyf#37289,2-0,,1,
5/31/2022 0:25:01,Sawyer T - soyboy#35469,Johnny M - Johnny#69519,2-1,,1,
5/31/2022 0:54:33,Jake C - the_man_mulcahey#74753,Ericsson L - Dimmi#45280,2-0,,1,
5/31/2022 10:07:23,Cody-Rayce MG - Rayce#56572,Jeff H - Cletus Van Dam#26978,2-1,,1,great games!
5/31/2022 10:50:32,Rafael F - prudent#24319,Jeff H - Cletus Van Dam#26978,2-0,,1,
5/31/2022 11:48:33,Andrew A - Mapo Dofu#77365,Jeff H - Cletus Van Dam#26978,2-0,,1,The shuffler screwed them.  Stuck on two lands both games :(
5/31/2022 15:02:56,Pierre-Marc D - pmduguay#67919,Helge B - turd_burglar#45671,2-0,,1,
5/31/2022 17:30:12,Emmett F - Sepulchure#51526,Noel S - Stopgap#13873,2-1,,1,
5/31/2022 18:29:03,Emmett F - Sepulchure#51526,Ryan W - MuttBunchies#61653,2-0,,1,
5/31/2022 18:33:11,Maranda L - BlackCanary#59791,David R - Roooster#49289,2-1,,1,
5/31/2022 20:58:49,Maranda L - BlackCanary#59791,Chris R - Sinkwater#27508,2-0,,1,
5/31/2022 21:52:07,Dante R - dantesper#59172,Zach H - HackZolt#31077,2-0,,1,
5/31/2022 21:59:53,David R - Roooster#49289,Jay S - trainyaj#13755,2-0,,1,GG's!
5/31/2022 22:29:15,Zach H - HackZolt#31077,Mitchel S - SpaghettiMitch#18619,2-0,,1,
5/31/2022 22:33:18,Sean Sp - Talrand#06333,Pierre-Marc D - pmduguay#67919,2-0,,1,
5/31/2022 22:57:46,Olivier F - NephilimOli#21523,Patrick M - FullestJ#22936,2-0,,1,
5/31/2022 23:01:42,Sean Sp - Talrand#06333,Johnny M - Johnny#69519,2-1,,1,
5/31/2022 23:23:38,Sean Sp - Talrand#06333,Sean Sm - UnknownThursday#95034,2-0,,1,
6/1/2022 0:26:20,Cody-Rayce MG - Rayce#56572,Mike G - eatmecompletely#43399,2-0,,1,great games!!
6/1/2022 0:38:52,Daniel J - Insequent#82225,John M - theJOHNRAL#59630,2-0,,1,
6/1/2022 7:29:16,Oskar T - ossytubbi#87966,Sam G - drinsanity#06844,2-0,,1,
6/1/2022 10:35:40,Pierre-Marc D - pmduguay#67919,Oskar T - ossytubbi#87966,2-0,,1,
6/1/2022 13:17:15,Joel L - Instinctive#21903,Shane K - Malfunktion#31013,2-0,,1,ggs wp
6/1/2022 14:10:35,Ben A - JankInTheTank#50714,Martin E - Meep#87492,2-1,,1,
6/1/2022 14:18:51,Daniel J - Insequent#82225,Joel L - Instinctive#21903,2-0,,1,
6/1/2022 14:57:51,Richard K - preacher26#59445,Pierre-Marc D - pmduguay#67919,2-1,,1,
6/1/2022 15:45:19,Dante R - dantesper#59172,Pierre-Marc D - pmduguay#67919,2-1,,1,
6/1/2022 16:25:52,Dante R - dantesper#59172,Sean Sp - Talrand#06333,2-0,,1,
6/1/2022 17:07:47,Sawyer T - soyboy#35469,Jakub K - Terrence McKenna#95766,2-0,,1,
6/1/2022 17:47:33,Matt T - Malikari#85656,David R - Roooster#49289,2-0,,1,
6/1/2022 18:18:10,Matt T - Malikari#85656,Shane K - Malfunktion#31013,2-1,,1,
6/1/2022 18:57:15,Ryan W - MuttBunchies#61653,David R - Roooster#49289,2-0,,1,
6/1/2022 19:05:26,Russell S - rstad#89052,Jakub K - Terrence McKenna#95766,2-0,,1,
6/1/2022 19:46:58,Ryan W - MuttBunchies#61653,Randy F - Ezrem#08922,2-1,,1,
6/1/2022 19:54:15,Jeremy E - Lhurgoyf#37289,Oskar T - ossytubbi#87966,2-0,,1,
6/1/2022 20:20:24,Randy F - Ezrem#08922,Jakub K - Terrence McKenna#95766,2-0,,1,
6/1/2022 20:21:46,Damian S - ButCrackMagic#71223,Jordan P - chunkieluver53#92811,2-1,,1,
6/1/2022 20:45:16,Oskar T - ossytubbi#87966,Joe T - elasticity#07466,2-0,,1,
6/1/2022 21:25:44,Connor H - Rehab628#72974,Jordan P - chunkieluver53#92811,2-0,,1,
6/1/2022 21:52:27,Adam S - wizma#29010,Connor H - Rehab628#72974,2-0,,1,"Good games, see you next league!"
6/1/2022 22:03:39,Jay S - trainyaj#13755,John P - gokuorgohome#51511,2-1,,1,
6/2/2022 11:29:11,Sean Sm - UnknownThursday#95034,Joel L - Instinctive#21903,2-1,,1,
6/2/2022 12:05:36,Chris P - Joker01#66827,Randy F - Ezrem#08922,2-1,,1,
6/2/2022 12:44:54,Dante R - dantesper#59172,Ben A - JankInTheTank#50714,2-1,,1,
6/2/2022 13:43:39,Andrew A - Mapo Dofu#77365,Maranda L - BlackCanary#59791,2-0,,1,Wild match!
6/2/2022 15:15:33,Nick Mc - finedontcare#64581,Angus M - Sangreen#96305,2-0,,1,
6/2/2022 15:57:37,Chris P - Joker01#66827,Angus M - Sangreen#96305,2-1,,1,
6/2/2022 16:17:24,Nick Mc - finedontcare#64581,Joe T - elasticity#07466,2-1,,1,
6/2/2022 16:50:08,Steve T - strout#45062,Russell S - rstad#89052,2-1,,1,
6/2/2022 17:10:21,Steve T - strout#45062,Nick Mc - finedontcare#64581,2-1,,1,
6/2/2022 17:38:19,Richard K - preacher26#59445,Shane K - Malfunktion#31013,2-1,,1,
6/2/2022 17:42:08,Steve T - strout#45062,Ben A - JankInTheTank#50714,2-0,,1,
6/2/2022 17:50:51,Angus M - Sangreen#96305,Maranda L - BlackCanary#59791,2-0,,1,ggs!
6/2/2022 19:08:02,Zach H - HackZolt#31077,Austin C - theCortine#41513,2-1,,1,
6/2/2022 20:45:36,Dante R - dantesper#59172,Damian S - ButCrackMagic#71223,2-1,,1,
6/2/2022 20:46:00,Jordan P - chunkieluver53#92811,Ryan D - TheSlickness#10857,2-0,,1,
6/2/2022 21:07:02,Nick Mc - finedontcare#64581,Damian S - ButCrackMagic#71223,2-1,,1,
6/2/2022 22:58:34,Johnny M - Johnny#69519,Jaidin M - MnemonicDevice#38774,2-0,,1,
6/3/2022 0:35:38,Christopher G - oompaloompa#65002,Jeremy E - Lhurgoyf#37289,2-1,,1,
6/3/2022 1:10:51,Christopher G - oompaloompa#65002,Steve T - strout#45062,2-0,,1,
6/3/2022 9:44:44,Ryan W - MuttBunchies#61653,Austin C - theCortine#41513,2-0,,1,
6/3/2022 10:16:35,Zeke W - smarmyplatapus#30066,Jaidin M - MnemonicDevice#38774,2-1,,1,
6/3/2022 11:11:20,Jaidin M - MnemonicDevice#38774,Angus M - Sangreen#96305,2-0,,1,Jaxis looooop
6/3/2022 12:34:56,Chris P - Joker01#66827,Zeke W - smarmyplatapus#30066,2-0,,1,
6/3/2022 13:01:52,Ben A - JankInTheTank#50714,Shane K - Malfunktion#31013,2-0,,1,
6/3/2022 13:24:52,Jaidin M - MnemonicDevice#38774,Zach H - HackZolt#31077,2-1,,1,Sorry for color screw!
6/3/2022 14:38:31,Matt T - Malikari#85656,Ben A - JankInTheTank#50714,2-0,,1,
6/3/2022 15:25:55,Matt T - Malikari#85656,Dante R - dantesper#59172,2-1,,1,
6/3/2022 16:44:08,Matt T - Malikari#85656,Joe T - elasticity#07466,2-1,,1,
6/3/2022 17:07:24,Jaidin M - MnemonicDevice#38774,Russell S - rstad#89052,2-1,,1,
6/3/2022 17:41:35,Damian S - ButCrackMagic#71223,Daniel J - Insequent#82225,2-1,,1,
6/3/2022 17:50:38,Ryan D - TheSlickness#10857,Paul G - TheDragon#61289,2-0,,1,
6/3/2022 18:04:25,Sawyer T - soyboy#35469,Maxime R - Tasigurr#89921,2-1,,1,
6/3/2022 18:25:42,Martin E - Meep#87492,Matt T - Malikari#85656,2-1,,1,
6/3/2022 18:45:09,Maxime R - Tasigurr#89921,Jordan P - chunkieluver53#92811,2-0,,1,
6/3/2022 18:49:01,Sawyer T - soyboy#35469,Jeremy E - Lhurgoyf#37289,2-0,,1,
6/3/2022 20:02:55,Andrew A - Mapo Dofu#77365,Chris Y - Yorke on Games#66909,2-1,,1,
6/3/2022 20:14:53,Maxime R - Tasigurr#89921,Jay S - trainyaj#13755,2-0,,1,
6/3/2022 21:26:47,Emmett F - Sepulchure#51526,Jay S - trainyaj#13755,2-0,,1,
6/3/2022 22:04:56,Sawyer T - soyboy#35469,Jay S - trainyaj#13755,2-1,,1,
6/3/2022 22:22:57,Chris Y - Yorke on Games#66909,Adam S - wizma#29010,2-1,,1,5/5 Jewel Thief
6/3/2022 22:23:49,Justin P - Code Pigeon#84057,Emmett F - Sepulchure#51526,2-1,,1,
6/3/2022 23:00:51,Maxime R - Tasigurr#89921,Chris Y - Yorke on Games#66909,2-0,,1,
6/3/2022 23:24:35,Justin P - Code Pigeon#84057,Olivier F - NephilimOli#21523,2-0,,1,
6/4/2022 0:12:48,Justin P - Code Pigeon#84057,Steve T - strout#45062,2-1,,1,
6/4/2022 0:30:34,Rafael F - prudent#24319,Olivier F - NephilimOli#21523,2-0,,1,
6/4/2022 1:47:06,Sawyer T - soyboy#35469,Damian S - ButCrackMagic#71223,2-0,,1,
6/4/2022 9:50:40,Caleb G - Whynaut#28590,Martin E - Meep#87492,2-1,,1,
6/4/2022 11:17:02,Oskar T - ossytubbi#87966,Pierre-Marc D - pmduguay#67919,2-0,,1,
6/4/2022 12:03:06,Kyle W - EtherEngineer#51748,Caleb G - Whynaut#28590,2-1,,1,
6/4/2022 12:23:30,Oskar T - ossytubbi#87966,Nik S - njs#50504,2-0,,1,
6/4/2022 12:23:45,Rafael F - prudent#24319,Pierre-Marc D - pmduguay#67919,2-1,,1,
6/4/2022 12:32:43,Kyle W - EtherEngineer#51748,Adam S - wizma#29010,2-0,,1,
6/4/2022 12:55:36,Caleb G - Whynaut#28590,Pierre-Marc D - pmduguay#67919,2-1,,1,
6/4/2022 16:18:41,Maxime R - Tasigurr#89921,Kyle W - EtherEngineer#51748,2-1,,1,
6/4/2022 16:51:30,Kyle W - EtherEngineer#51748,Jordan P - chunkieluver53#92811,2-0,,1,
6/4/2022 20:47:48,Ryan D - TheSlickness#10857,Jake C - the_man_mulcahey#74753,2-0,,1,
6/4/2022 21:19:21,Jake C - the_man_mulcahey#74753,Andrew A - Mapo Dofu#77365,2-0,,1,
6/4/2022 21:51:52,Daniel J - Insequent#82225,Johnny M - Johnny#69519,2-0,,1,
6/4/2022 22:49:10,Daniel J - Insequent#82225,Sawyer T - soyboy#35469,2-0,,1,
6/4/2022 23:38:01,Jeremy E - Lhurgoyf#37289,Rafael F - prudent#24319,2-0,,1,
6/5/2022 0:08:39,Rafael F - prudent#24319,Daniel J - Insequent#82225,2-0,,1,
6/5/2022 1:25:38,Shuo L - Tamamo#30654,Justin P - Code Pigeon#84057,2-1,,1,
6/5/2022 2:11:27,Sean Sm - UnknownThursday#95034,Mike G - eatmecompletely#43399,2-0,,1,
6/5/2022 10:16:48,Rafael F - prudent#24319,Brian R - admiral_ace#37121,2-0,,1,
6/5/2022 12:49:59,Martin E - Meep#87492,Joel L - Instinctive#21903,2-0,,1,
6/5/2022 13:48:55,Shuo L - Tamamo#30654,Richard K - preacher26#59445,2-0,,1,
6/5/2022 16:29:29,Oskar T - ossytubbi#87966,Jordan P - chunkieluver53#92811,2-0,,1,
6/5/2022 17:05:34,Shuo L - Tamamo#30654,Oskar T - ossytubbi#87966,2-0,,1,
6/5/2022 17:44:16,Caleb G - Whynaut#28590,Jake C - the_man_mulcahey#74753,2-1,,1,
6/5/2022 18:04:17,Emmett F - Sepulchure#51526,Ryan W - MuttBunchies#61653,2-0,,1,
6/5/2022 18:27:45,Ryan W - MuttBunchies#61653,Jeremy E - Lhurgoyf#37289,2-0,,1,
6/5/2022 18:32:43,Emmett F - Sepulchure#51526,Shuo L - Tamamo#30654,2-0,,1,
6/5/2022 19:02:35,Ryan W - MuttBunchies#61653,Richard K - preacher26#59445,2-0,,1,
6/5/2022 21:19:55,Ryan D - TheSlickness#10857,Johnny M - Johnny#69519,2-0,,1,
6/5/2022 22:53:42,Christopher G - oompaloompa#65002,Caleb G - Whynaut#28590,2-1,,1,
6/5/2022 23:38:23,Mitchel S - SpaghettiMitch#18619,Ryan D - TheSlickness#10857,2-0,,1,
6/6/2022 12:17:27,Andrew A - Mapo Dofu#77365,Nick Mc - finedontcare#64581,2-1,,1,
6/6/2022 12:58:51,John P - gokuorgohome#51511,Nick Mc - finedontcare#64581,2-0,,1,
6/6/2022 13:59:38,John P - gokuorgohome#51511,Martin E - Meep#87492,2-1,,1,
6/6/2022 16:19:32,Chris P - Joker01#66827,Matt T - Malikari#85656,2-1,,1,
6/6/2022 16:50:59,Chris P - Joker01#66827,Dante R - dantesper#59172,2-0,,1,
6/6/2022 17:17:12,Matt T - Malikari#85656,John P - gokuorgohome#51511,2-0,,1,
6/6/2022 20:24:40,Richard K - preacher26#59445,Johnny M - Johnny#69519,2-0,,1,
6/7/2022 0:51:53,Cody-Rayce MG - Rayce#56572,Ericsson L - Dimmi#45280,2-0,,1,ggs
6/7/2022 1:44:17,Ericsson L - Dimmi#45280,Sean Sm - UnknownThursday#95034,2-0,,1,
6/7/2022 13:07:30,Cody-Rayce MG - Rayce#56572,Harry B - Midnight_0il#97781,2-0,,1,ggs
6/7/2022 13:30:50,Shane K - Malfunktion#31013,Andrew A - Mapo Dofu#77365,2-1,,1,
6/7/2022 14:07:51,Adam S - wizma#29010,Harry B - Midnight_0il#97781,2-1,,1,"Great games, good luck!"
6/7/2022 14:25:10,Mitchel S - SpaghettiMitch#18619,Harry B - Midnight_0il#97781,2-0,,1,
6/7/2022 14:56:12,Martin E - Meep#87492,Mitchel S - SpaghettiMitch#18619,2-0,,1,
6/7/2022 15:40:45,Cody-Rayce MG - Rayce#56572,Dante R - dantesper#59172,2-1,,1,ggs
6/7/2022 15:49:36,Mitchel S - SpaghettiMitch#18619,Jaidin M - MnemonicDevice#38774,2-1,,1,
6/7/2022 16:12:43,Oskar T - ossytubbi#87966,Sam G - drinsanity#06844,2-0,,1,
6/7/2022 16:44:52,Cody-Rayce MG - Rayce#56572,Carson C - carsoncaruso#98225,2-0,,1,ggs
6/7/2022 16:47:48,Sean Sm - UnknownThursday#95034,Oskar T - ossytubbi#87966,2-0,,1,
6/7/2022 17:02:56,Carson C - carsoncaruso#98225,Dante R - dantesper#59172,2-1,,1,
6/7/2022 17:20:06,Adam S - wizma#29010,Carson C - carsoncaruso#98225,2-0,,1,Great games!
6/7/2022 17:31:30,Andrew A - Mapo Dofu#77365,Ericsson L - Dimmi#45280,2-0,,1,
6/7/2022 18:41:12,Christopher G - oompaloompa#65002,Cody-Rayce MG - Rayce#56572,2-1,,1,
6/7/2022 19:06:02,Devin L - Dalopi#45146,Coleman N - avo#92320,2-0,,1,
6/7/2022 20:14:04,Joel L - Instinctive#21903,Devin L - Dalopi#45146,2-1,,1,ggs wp
6/7/2022 21:02:33,Ryan D - TheSlickness#10857,Joel L - Instinctive#21903,2-0,,1,DEATHMATCH
6/8/2022 0:22:50,Randy F - Ezrem#08922,Mitchel S - SpaghettiMitch#18619,2-1,,1,INTENSE!
6/8/2022 15:25:50,Chris P - Joker01#66827,Shane K - Malfunktion#31013,2-0,,1,Manually added by AndrewA
6/8/2022 16:56:00,Richard K - preacher26#59445,Sean Sm - UnknownThursday#95034,2-1,,1,Manually Added by Caleb 
6/8/2022 16:57:00,Jaidin M - MnemonicDevice#38774,Ryan W - MuttBunchies#61653,2-1,,1,Manually added by Chris Y
6/8/2022 16:58:00,Jaidin M - MnemonicDevice#38774,Joe T - elasticity#07466,2-1,,1,Manually added by Chris Y
6/8/2022 16:59:00,Randy F - Ezrem#08922,Zach H - HackZolt#31077,2-1,,1,Manually added by Chris Y
,,,,,,
,,,,,,
,,,,,,
,,,,,,
,,,,,,
,,,,,,
,,,,,,
,,,,,,
,,,,,,
,,,,,,
,,,,,,
,,,,,,
,,,,,,
,,,,,,
,,,,,,
,,,,,,
,,,,,,
,,,,,,
,,,,,,
,,,,,,
,,,,,,
,,,,,,
,,,,,,
,,,,,,
,,,,,,
,,,,,,
,,,,,,
,,,,,,
,,,,,,
,,,,,,
,,,,,,
,,,,,,
,,,,,,
,,,,,,
,,,,,,
,,,,,,
,,,,,,
,,,,,,
,,,,,,
,,,,,,
,,,,,,
,,,,,,
,,,,,,
,,,,,,
,,,,,,
,,,,,,
,,,,,,
,,,,,,
,,,,,,TEST from scratch
,,,,,,TEST from scrach
,,,,,,TEST
,,,,,,TEST
,,,,,,TEST
,,,,,,TEST w/macros
,,,,,,TEST w/macros
,,,,,,TEST w/macros
,,,,,,TESTsort
,,,,,,TEST w/reformat
6/8/2022 23:04:10,Russell S - rstad#89052,Shuo L - Tamamo#30654,2-1,,1,
6/8/2022 23:13:07,Emmett F - Sepulchure#51526,Christopher G - oompaloompa#65002,2-1,,1,
6/9/2022 1:17:05,Christopher G - oompaloompa#65002,Carson C - carsoncaruso#98225,2-1,,1,
6/9/2022 10:55:07,Adam S - wizma#29010,Randy F - Ezrem#08922,2-0,,1,Great games! See you next season!
6/9/2022 13:01:59,Russell S - rstad#89052,Sean Sp - Talrand#06333,2-1,,1,
6/9/2022 14:02:11,Shane K - Malfunktion#31013,Jaidin M - MnemonicDevice#38774,2-0,,1,
6/9/2022 16:48:15,Chris P - Joker01#66827,Russell S - rstad#89052,2-0,,1,
6/9/2022 17:24:51,Chris P - Joker01#66827,Sean Sp - Talrand#06333,2-1,,1,
6/9/2022 18:07:09,Russell S - rstad#89052,Shane K - Malfunktion#31013,2-0,,1,
6/9/2022 19:57:25,Christopher G - oompaloompa#65002,Joe T - elasticity#07466,2-0,,1,
6/9/2022 20:01:26,Kyle W - EtherEngineer#51748,Justin P - Code Pigeon#84057,2-0,,1,ggs
6/9/2022 23:44:36,Doug Co - daceris#24713,Russell S - rstad#89052,2-1,,1,
6/9/2022 23:45:44,Steve T - strout#45062,Sean Sp - Talrand#06333,2-1,,1,
6/10/2022 1:19:48,Steve T - strout#45062,Doug Co - daceris#24713,2-1,,1,
6/10/2022 2:12:53,Daniel J - Insequent#82225,Steve T - strout#45062,2-1,,1,Sorry boss.
6/10/2022 12:22:11,Zach H - HackZolt#31077,Doug Co - daceris#24713,2-0,,1,"Good games, Doug was a great OP"
6/10/2022 12:44:23,Christopher G - oompaloompa#65002,Matt T - Malikari#85656,2-1,,1,
6/10/2022 13:07:56,Zach H - HackZolt#31077,Adam S - wizma#29010,2-0,,1,"Fun games, duelist is a dumb magic card"
6/10/2022 13:38:38,Daniel J - Insequent#82225,Zach H - HackZolt#31077,2-1,,1,
6/10/2022 14:07:56,Nick Mc - finedontcare#64581,Daniel J - Insequent#82225,2-1,,1,
6/10/2022 15:01:44,Sean Sp - Talrand#06333,Ericsson L - Dimmi#45280,2-0,,1,
6/10/2022 15:44:09,Sean Sp - Talrand#06333,Dante R - dantesper#59172,2-0,,1,
6/10/2022 16:12:40,Sean Sp - Talrand#06333,Jake C - the_man_mulcahey#74753,2-1,,1,
6/10/2022 16:26:46,Nick Mc - finedontcare#64581,Dante R - dantesper#59172,2-1,,1,
6/10/2022 17:35:23,Chris P - Joker01#66827,Martin E - Meep#87492,2-0,,1,
6/10/2022 18:37:49,Caleb G - Whynaut#28590,Emmett F - Sepulchure#51526,2-1,,1,
6/10/2022 18:42:39,Christopher G - oompaloompa#65002,Sawyer T - soyboy#35469,2-0,,1,
6/10/2022 19:38:53,Christopher G - oompaloompa#65002,Caleb G - Whynaut#28590,2-1,,1,
6/10/2022 19:46:57,Sawyer T - soyboy#35469,Daniel J - Insequent#82225,2-0,,1,
6/10/2022 20:09:18,Emmett F - Sepulchure#51526,Christopher G - oompaloompa#65002,2-0,,1,
6/10/2022 20:56:28,Caleb G - Whynaut#28590,Daniel J - Insequent#82225,2-1,,1,
6/10/2022 21:30:09,Ryan D - TheSlickness#10857,Maxime R - Tasigurr#89921,2-0,,1,
6/10/2022 22:20:07,Christopher G - oompaloompa#65002,Maxime R - Tasigurr#89921,2-0,,1,
6/10/2022 22:38:49,Steve T - strout#45062,Andrew A - Mapo Dofu#77365,2-1,,1,
6/10/2022 22:50:17,Emmett F - Sepulchure#51526,Maxime R - Tasigurr#89921,2-0,,1,
6/10/2022 23:23:53,Cody-Rayce MG - Rayce#56572,Steve T - strout#45062,2-1,,1,ggs
6/10/2022 23:29:10,Daniel J - Insequent#82225,Ryan D - TheSlickness#10857,2-0,,1,
6/10/2022 23:57:50,Sawyer T - soyboy#35469,Shuo L - Tamamo#30654,2-0,,1,
6/11/2022 0:34:30,Emmett F - Sepulchure#51526,Steve T - strout#45062,2-1,,1,If you come for the Don you better not miss
6/11/2022 9:58:33,Cody-Rayce MG - Rayce#56572,Kyle W - EtherEngineer#51748,2-1,,1,ggs
6/11/2022 10:22:04,Kyle W - EtherEngineer#51748,Christopher G - oompaloompa#65002,2-1,,1,
6/11/2022 12:10:03,Kyle W - EtherEngineer#51748,Rafael F - prudent#24319,2-1,,1,"Super close match, ggs"
6/11/2022 12:44:53,Steve T - strout#45062,Sean Sp - Talrand#06333,2-1,,1,
6/11/2022 12:52:30,Ericsson L - Dimmi#45280,Adam S - wizma#29010,2-0,,1,
6/11/2022 13:22:41,Ericsson L - Dimmi#45280,Steve T - strout#45062,2-0,,1,
6/11/2022 15:19:57,Emmett F - Sepulchure#51526,Shuo L - Tamamo#30654,2-0,,1,
6/11/2022 16:55:08,Ryan W - MuttBunchies#61653,Cody-Rayce MG - Rayce#56572,2-1,,1,
6/11/2022 17:28:41,Chris P - Joker01#66827,Cody-Rayce MG - Rayce#56572,2-0,,1,
6/11/2022 18:14:57,Chris P - Joker01#66827,Ryan W - MuttBunchies#61653,2-0,,1,
6/11/2022 18:36:46,Chris P - Joker01#66827,Daniel J - Insequent#82225,2-0,,1,
6/11/2022 23:17:12,Cody-Rayce MG - Rayce#56572,Justin P - Code Pigeon#84057,2-0,,1,ggs wp
6/12/2022 1:08:50,Justin P - Code Pigeon#84057,Sawyer T - soyboy#35469,2-1,,1,
6/12/2022 2:52:53,Ericsson L - Dimmi#45280,Matt T - Malikari#85656,2-1,,1,
6/12/2022 8:09:08,Adam S - wizma#29010,Richard K - preacher26#59445,2-0,,1,Thanks for the games! 
6/12/2022 12:48:01,Ericsson L - Dimmi#45280,Caleb G - Whynaut#28590,2-0,,1,
6/12/2022 20:38:36,Kyle W - EtherEngineer#51748,Andrew A - Mapo Dofu#77365,2-0,,1,ggs
6/12/2022 21:20:54,Adam S - wizma#29010,Andrew A - Mapo Dofu#77365,2-1,,1,"Three lands, fuck this game!"
6/12/2022 21:45:56,Kyle W - EtherEngineer#51748,Adam S - wizma#29010,2-0,,1,ggs
6/12/2022 22:48:27,Ericsson L - Dimmi#45280,Justin P - Code Pigeon#84057,2-0,,1,
6/14/2022 21:43:37,Ericsson L - Dimmi#45280,Andrew A - Mapo Dofu#77365,2-0,,1,"GGs, thanks for everything you've done for the community"
6/14/2022 23:11:01,Chris P - Joker01#66827,Caleb G - Whynaut#28590,2-0,,1,
6/15/2022 21:53:14,Sawyer T - soyboy#35469,Adam S - wizma#29010,2-0,,1,
6/15/2022 22:49:19,Sean Sp - Talrand#06333,Andrew A - Mapo Dofu#77365,2-0,,1,