Timestamp,Winner Name,Loser Name,Result,Punishment Pack,Pack Generated,Notes,Punishment Pack,,Winner Colour Pair,Loser Colour Pair,Punishment Pack,,Punishment Pack choice?
,,,,,,,,,,,,,
,,,,,,,,,,,,,
,,,,,,,,,,,,,
,,,,,,,,,,,,,
,,,,,,,,,,,,,
,,,,,,,,,,,,,
,,,,,,,,,,,,,
9/8/2023 17:30:04,Maranda L - BlackCanary#59791,Cody-Rayce MG - Rayce#56572,2-0,,1,,MOM,,,,,,
9/8/2023 17:30:23,Ryan D - TheSlickness#10857,Justin P - Code Pigeon#84057,2-0,,1,,MOM,,,,,,
9/8/2023 17:48:52,Caleb G - Whynaut#28590,Oskar T - Ossytubbi#87966,2-1,,1,,WOE,,,,,,
9/8/2023 17:52:07,Steve T - strout#45062,Johnny M - Johnny#69519,2-0,,1,GGs!,WOE,,,,,,
9/8/2023 18:11:39,Justin P - Code Pigeon#84057,Emmett F - Sepulchure#51526,2-1,,1,,WOE,,,,,,
9/8/2023 18:14:00,Johnny M - Johnny#69519,Oskar T - Ossytubbi#87966,2-0,,1,,WOE,,,,,,
9/8/2023 18:25:58,Caleb G - Whynaut#28590,Ryan D - TheSlickness#10857,2-1,,1,,WOE,,,,,,
9/8/2023 18:28:12,Steve T - strout#45062,Warren M - LinkThePlaneswalker33#61905,2-1,,1,GGs!,WOE,,,,,,
9/8/2023 18:43:50,Russell S - rstad#89052,Cody-Rayce MG - Rayce#56572,2-0,,1,üçñ,MOM,,,,,,
9/8/2023 18:52:25,Jeremy E - Lhurgoyf#37289,Emmett F - Sepulchure#51526,2-0,,1,,MOM,,,,,,
9/8/2023 19:04:25,Justin P - Code Pigeon#84057,Lotte P - Lotte #93345,2-0,,1,,MOM,,,,,,
9/8/2023 19:34:41,Dan A - BEATDOWNBRINGA#04779,Justin P - Code Pigeon#84057,2-1,,1,,MOM,,,,,,
9/8/2023 19:40:05,Jack H - Rakic#98298,Edgar A - PlayfulTerror#04926,2-0,,1,,WOE,,,,,,
9/8/2023 19:52:51,Lotte P - Lotte #93345,Emmett F - Sepulchure#51526,2-0,,1,,MOM,,,,,,
9/8/2023 20:01:50,Damian S - ButCrackMagic#71223,Caleb G - Whynaut#28590,2-1,,1,,WOE,,,,,,
9/8/2023 20:10:13,Kevin I - kni1993#29285,Justin P - Code Pigeon#84057,2-1,,1,,MOM,,,,,,
9/8/2023 20:41:02,Jack H - Rakic#98298,Kevin I - kni1993#29285,2-1,,1,,WOE,,,,,,
9/8/2023 21:00:45,Kevin I - kni1993#29285,Damian S - ButCrackMagic#71223,2-0,,1,,WOE,,,,,,
9/8/2023 21:17:38,Jack H - Rakic#98298,Caleb G - Whynaut#28590,2-0,,1,,WOE,,,,,,
9/8/2023 21:40:33,Ryan D - TheSlickness#10857,Eric S - Smitte#94855,2-0,,1,,WOE,,,,,,
9/8/2023 21:59:09,Dan A - BEATDOWNBRINGA#04779,Vera L - zhanidias#55352,2-0,,1,,WOE,,,,,,
9/8/2023 22:31:33,Maranda L - BlackCanary#59791,Emmett F - Sepulchure#51526,2-1,,1,,WOE,,,,,,
9/8/2023 22:39:39,Eric S - Smitte#94855,Johnny M - Johnny#69519,2-1,,1,,WOE,,,,,,
9/8/2023 22:42:51,Sawyer T - soyboy#35469,Phillip M - Fat_kitty#63794,2-0,,1,,WOE,,,,,,
9/8/2023 22:56:58,Caleb G - Whynaut#28590,Nick L - NextLevelNick#79827,2-0,,1,,WOE,,,,,,
9/8/2023 23:08:34,Sawyer T - soyboy#35469,Cayden T - DontMessWithMyCards#65625,2-0,,1,,WOE,,,,,,
9/8/2023 23:57:08,Jack H - Rakic#98298,Dustin D - Bloone#16018,2-1,,1,,WOE,,,,,,
9/9/2023 1:05:59,Pedro D - Goombassa#17203,Warren M - LinkThePlaneswalker33#61905,2-1,,1,GGs,WOE,,,,,,
9/9/2023 1:11:13,Evan C - PeasOfCrab#00133,Jaidin M - MnemonicDevice#38774,2-0,,1,,WOE,,,,,,
9/9/2023 1:39:39,Damian S - ButCrackMagic#71223,Jack H - Rakic#98298,2-1,,1,,WOE,,,,,,
9/9/2023 9:34:54,Paul G - TheDragon#61289,Kevin C - Keviiiiin#67886,2-0,,1,,WOE,,,,,,
9/9/2023 10:03:27,Johnny M - Johnny#69519,Kevin C - Keviiiiin#67886,2-1,,1,,WOE,,,,,,
9/9/2023 10:37:37,Lotte P - Lotte #93345,Kevin C - Keviiiiin#67886,2-0,,1,,WOE,,,,,,
9/9/2023 10:50:54,Rafael F - Prudent#24319,Oskar T - Ossytubbi#87966,2-1,,1,,WOE,,,,,,
9/9/2023 11:37:39,Nik S - njsiii#50504,Dan A - BEATDOWNBRINGA#04779,2-1,,1,,WOE,,,,,,
9/9/2023 11:57:35,Dustin D - Bloone#16018,Kevin C - Keviiiiin#67886,2-1,,1,,WOE,,,,,,
9/9/2023 11:58:18,Lotte P - Lotte #93345,Oskar T - Ossytubbi#87966,2-1,,1,,WOE,,,,,,
9/9/2023 12:18:16,Dustin D - Bloone#16018,Dan A - BEATDOWNBRINGA#04779,2-0,,1,,WOE,,,,,,
9/9/2023 12:24:02,Ryan W - MuttBunchies#61653,Jordan P - Chunkieluver53#92811,2-1,,1,,WOE,,,,,,
9/9/2023 12:34:32,Wyatt C - hotdolphin#30769,Kevin C - Keviiiiin#67886,2-1,,1,,WOE,,,,,,
9/9/2023 13:04:23,Wyatt C - hotdolphin#30769,Dan A - BEATDOWNBRINGA#04779,2-0,,1,,WOE,,,,,,
9/9/2023 13:38:48,Lotte P - Lotte #93345,Nick L - NextLevelNick#79827,2-1,,1,,WOE,,,,,,
9/9/2023 13:46:34,Noah B - Sisco#71800,Dustin D - Bloone#16018,2-1,,1,,WOE,,,,,,
9/9/2023 13:49:07,Nik S - njsiii#50504,Jeremy E - Lhurgoyf#37289,2-0,,1,,WOE,,,,,,
9/9/2023 14:14:16,Dustin D - Bloone#16018,Ryan W - MuttBunchies#61653,2-0,,1,,WOE,,,,,,
9/9/2023 14:46:53,Wyatt C - hotdolphin#30769,Daniel G - FriskyHobbit#43185,2-1,,1,,WOE,,,,,,
9/9/2023 15:07:44,Richard K - preacher26#59445,Rafael F - Prudent#24319,2-1,,1,,WOE,,,,,,
9/9/2023 15:13:18,Adam S - wizma#29010,Jon M - It'sMagic#46950,2-0,,1,Welcome to the league!,WOE,,,,,,
9/9/2023 15:15:57,Wyatt C - hotdolphin#30769,Cayden T - DontMessWithMyCards#65625,2-0,,1,,WOE,,,,,,
9/9/2023 15:42:58,Rafael F - Prudent#24319,Daniel G - FriskyHobbit#43185,2-0,,1,,WOE,,,,,,
9/9/2023 15:48:24,Cayden T - DontMessWithMyCards#65625,Paul G - TheDragon#61289,2-0,,1,,MOM,,,,,,
9/9/2023 15:54:04,Wyatt C - hotdolphin#30769,James S - Zoid#33631,2-0,,1,,MOM,,,,,,
9/9/2023 16:23:35,Noah B - Sisco#71800,Ron C - Lennor#52740,2-0,,1,,WOE,,,,,,
9/9/2023 16:24:11,Paul G - TheDragon#61289,Daniel G - FriskyHobbit#43185,2-0,,1,,WOE,,,,,,
9/9/2023 16:58:45,Pierre-Marc D - pmduguay#67919,Evan C - PeasOfCrab#00133,2-1,,1,,MOM,,,,,,
9/9/2023 17:04:13,Daniel G - FriskyHobbit#43185,Cayden T - DontMessWithMyCards#65625,2-1,,1,,WOE,,,,,,
9/9/2023 17:12:10,Sawyer T - soyboy#35469,Noah B - Sisco#71800,2-1,,1,,WOE,,,,,,
9/9/2023 17:29:16,Daniel G - FriskyHobbit#43185,Shuo L - tamamo#30654,2-1,,1,,ELD,,,,,,
9/9/2023 17:37:32,James S - Zoid#33631,Cayden T - DontMessWithMyCards#65625,2-0,,1,,WOE,,,,,,
9/9/2023 18:15:45,Reed P - bigfingsnake#86869,Adam S - wizma#29010,2-1,,1,,MOM,,,,,,
9/9/2023 20:23:29,Nik S - njsiii#50504,Joe T - elasticity#07466,2-0,,1,,WOE,,,,,,
9/9/2023 21:22:32,Kevin I - kni1993#29285,Pierre-Marc D - pmduguay#67919,2-1,,1,,WOE,,,,,,
9/9/2023 21:36:27,Noah B - Sisco#71800,Caleb K - BlackEcho#09078,2-0,,1,,WOE,,,,,,
9/9/2023 21:44:34,Zeke W - smarmyplatapus#30066,Joe T - elasticity#07466,2-0,,1,ggs!,WOE,,,,,,
9/9/2023 21:59:31,Pierre-Marc D - pmduguay#67919,Zach C - ZachCarr#31881,2-1,,1,,WOE,,,,,,
9/9/2023 22:29:47,Joe T - elasticity#07466,Adam S - wizma#29010,2-0,,1,,MOM,,,,,,
9/9/2023 22:50:39,Zach C - ZachCarr#31881,Cody-Rayce MG - Rayce#56572,2-0,,1,,MOM,,,,,,
9/9/2023 22:59:46,Joe T - elasticity#07466,Kyle C - AFKyle#29319,2-1,,1,,WOE,,,,,,
9/9/2023 23:35:16,Reed P - bigfingsnake#86869,Joe T - elasticity#07466,2-1,,1,,WOE,,,,,,
9/9/2023 23:45:06,Pedro D - Goombassa#17203,Jeremy E - Lhurgoyf#37289,2-1,,1,GGs,WOE,,,,,,
9/10/2023 0:03:54,Bob P - HIT#08120,Evan C - PeasOfCrab#00133,2-0,,1,,MOM,,,,,,
9/10/2023 1:26:31,Nicholas K - Bionick#55161,Joaquin E - DiabolicMachine#23891,2-0,,1,Drought :(,MOM,,,,,,
9/10/2023 2:52:24,Evan C - PeasOfCrab#00133,Nick L - NextLevelNick#79827,2-1,,1,,WOE,,,,,,
9/10/2023 3:15:09,Evan C - PeasOfCrab#00133,Ben G - perrako#88435,2-0,,1,,WOE,,,,,,
9/10/2023 9:00:23,Nik S - njsiii#50504,Zach C - ZachCarr#31881,2-0,,1,,WOE,,,,,,
9/10/2023 9:10:13,Cody-Rayce MG - Rayce#56572,John R - Ged#72302,2-1,,1,ggs super close,WOE,,,,,,
9/10/2023 9:53:50,Ron C - Lennor#52740,Cody-Rayce MG - Rayce#56572,2-1,,1,Gg,MOM,,,,,,
9/10/2023 11:13:45,Paul G - TheDragon#61289,Kevin I - kni1993#29285,2-1,,1,,WOE,,,,,,
9/10/2023 11:37:52,Jondrion J - jondrion#40531,Ron C - Lennor#52740,2-0,,1,,MOM,,,,,,
9/10/2023 13:45:56,Thijn H - Thi-Jin#83537,Philip B - Plipster#75000,2-1,,1,,WOE,,,,,,
9/10/2023 14:49:29,Nick L - NextLevelNick#79827,Joaquin E - DiabolicMachine#23891,2-1,,1,,MOM,,,,,,
9/10/2023 14:54:40,Richard K - preacher26#59445,Vera L - zhanidias#55352,2-0,,1,,WOE,,,,,,
9/10/2023 15:06:54,Nick L - NextLevelNick#79827,Adam S - wizma#29010,2-0,,1,,MOM,,,,,,
9/10/2023 15:18:52,John P - gokuorgohome#51511,Jon M - It'sMagic#46950,2-1,,1,,WOE,,,,,,
9/10/2023 15:24:28,Steve T - strout#45062,Bob P - HIT#08120,2-1,,1,GGs!,MOM,,,,,,
9/10/2023 15:45:10,John P - gokuorgohome#51511,Vera L - zhanidias#55352,2-1,,1,,WOE,,,,,,
9/10/2023 15:48:12,Caleb K - BlackEcho#09078,Sawyer T - soyboy#35469,2-1,,1,,MOM,,,,,,
9/10/2023 17:30:25,Jacob V - Drysle#29533,Tony G - YnotRock#76764,2-1,,1,,ELD,,,,,,
9/10/2023 18:20:25,Jacob V - Drysle#29533,Thijn H - Thi-Jin#83537,2-1,,1,,WOE,,,,,,
9/10/2023 18:44:35,Emmett F - Sepulchure#51526,Shuo L - tamamo#30654,2-0,,1,,WOE,,,,,,
9/10/2023 19:24:37,Jeremy E - Lhurgoyf#37289,Shuo L - tamamo#30654,2-1,,1,,WOE,,,,,,
9/10/2023 20:05:10,Russell S - rstad#89052,Mitchel S - SpaghettiMitch#18619,2-1,,1,,MOM,,,,,,
9/10/2023 20:38:42,Maranda L - BlackCanary#59791,Joaquin E - DiabolicMachine#23891,2-1,,1,,WOE,,,,,,
9/10/2023 21:13:57,John P - gokuorgohome#51511,Maranda L - BlackCanary#59791,2-0,,1,,WOE,,,,,,
9/10/2023 22:04:54,Maranda L - BlackCanary#59791,Caleb K - BlackEcho#09078,2-1,,1,,WOE,,,,,,
9/10/2023 22:47:38,Steve T - strout#45062,Nik S - njsiii#50504,2-0,,1,GGs!,WOE,,,,,,
9/10/2023 23:06:46,Pierre-Marc D - pmduguay#67919,Michael M - Atombomb11991#07305,2-1,,1,,WOE,,,,,,
9/10/2023 23:43:52,Philip B - Plipster#75000,Nicholas K - Bionick#55161,2-0,,1,,WOE,,,,,,
9/11/2023 0:39:07,Philip B - Plipster#75000,Sawyer T - soyboy#35469,2-1,,1,,WOE,,,,,,
9/11/2023 1:39:28,Philip B - Plipster#75000,Robert M - LaughItUp#38462,2-1,,1,,WOE,,,,,,
9/11/2023 2:00:53,Ben G - perrako#88435,Philip B - Plipster#75000,2-0,,1,,WOE,,,,,,
9/11/2023 2:29:34,Ben G - perrako#88435,Robert M - LaughItUp#38462,2-1,,1,,WOE,,,,,,
9/11/2023 11:36:20,Pedro D - Goombassa#17203,Austin C - theCortine#41513,2-1,,1,GGs,WOE,,,,,,
9/11/2023 12:00:06,Thijn H - Thi-Jin#83537,Pedro D - Goombassa#17203,2-0,,1,,WOE,,,,,,
9/11/2023 12:19:03,John R - Ged#72302,Austin C - theCortine#41513,2-1,,1,ggs despite the mana issues.,WOE,,,,,,
9/11/2023 12:53:16,Thijn H - Thi-Jin#83537,Caleb K - BlackEcho#09078,2-0,,1,,WOE,,,,,,
9/11/2023 13:41:38,John P - gokuorgohome#51511,Thijn H - Thi-Jin#83537,2-1,,1,,WOE,,,,,,
9/11/2023 16:57:41,Tony G - YnotRock#76764,Jeremy E - Lhurgoyf#37289,2-0,,1,,MOM,,,,,,
9/11/2023 17:27:04,Jondrion J - jondrion#40531,Chris Y - Yorke on Games#66909,2-1,,1,,MOM,,,,,,
9/11/2023 17:55:32,Chris Y - Yorke on Games#66909,Chris P - Joker01#66827,2-0,,1,The Exile Zone!,WOE,,,,,,
9/11/2023 18:00:33,Johnny M - Johnny#69519,Reed P - bigfingsnake#86869,2-0,,1,Total banger,WOE,,,,,,
9/11/2023 18:31:45,Chris Y - Yorke on Games#66909,Reed P - bigfingsnake#86869,2-0,,1,Fight spells!,WOE,,,,,,
9/11/2023 18:46:58,Rafael F - Prudent#24319,Cayden T - DontMessWithMyCards#65625,2-0,,1,Let the flyers reign supreme!,WOE,resubmitted correct result,,,,,
9/11/2023 18:54:23,Jordan M - JMTron#46639,Edgar A - PlayfulTerror#04926,2-0,,1,,WOE,,,,,,
9/11/2023 19:50:33,Chris Y - Yorke on Games#66909,Juan Q - JuanCu#95616,2-0,,1,"Rough start, but GGs!",MOM,,,,,,
9/11/2023 20:13:29,Chris Y - Yorke on Games#66909,Phillip M - Fat_kitty#63794,2-0,,1,Feature match folies!,WOE,,,,,,
9/11/2023 20:38:13,Juan Q - JuanCu#95616,Zeke W - smarmyplatapus#30066,2-1,,1,,BRO,,,,,,
9/11/2023 20:58:16,Ben G - perrako#88435,Robert S - ricklepick#65878,2-1,,1,,WOE,,,,,,
9/11/2023 21:04:10,Phillip M - Fat_kitty#63794,Zeke W - smarmyplatapus#30066,2-0,,1,,BRO,,,,,,
9/11/2023 21:11:36,Adam S - wizma#29010,John P - gokuorgohome#51511,2-0,,1,Good games!!,WOE,,,,,,
9/11/2023 21:37:52,Juan Q - JuanCu#95616,Zach G - ShardZ#61812,2-0,,1,,WOE,,,,,,
9/11/2023 21:51:06,Noah B - Sisco#71800,Bob P - HIT#08120,2-0,,1,,MOM,,,,,,
9/11/2023 21:58:21,Mitchel S - SpaghettiMitch#18619,Phillip M - Fat_kitty#63794,2-0,,1,,WOE,,,,,,
9/11/2023 22:21:40,Juan Q - JuanCu#95616,Miguel B - Ethereus#60108,2-0,,1,,WOE,,,,,,
9/11/2023 22:34:41,Ron C - Lennor#52740,Caleb K - BlackEcho#09078,2-0,,1,Gg,WOE,,,,,,
9/11/2023 22:46:24,Joaquin E - DiabolicMachine#23891,Mike P - UnwieldyBiscuit#26471,2-1,,1,,WOE,,,,,,
9/11/2023 22:55:04,Ryan D - TheSlickness#10857,Steve T - strout#45062,2-1,,1,,WOE,,,,,,
9/11/2023 23:03:51,Chris P - Joker01#66827,Reed P - bigfingsnake#86869,2-0,,1,,WOE,,,,,,
9/11/2023 23:31:11,Jacob V - Drysle#29533,Mitchel S - SpaghettiMitch#18619,2-1,,1,,MOM,,,,,,
9/12/2023 0:09:50,Jacob V - Drysle#29533,Bob P - HIT#08120,2-0,,1,,WOE,,,,,,
9/12/2023 1:26:55,Pedro D - Goombassa#17203,Vera L - zhanidias#55352,2-0,,1,GGs,WOE,,,,,,
9/12/2023 14:39:04,Ben G - perrako#88435,Jaidin M - MnemonicDevice#38774,2-1,,1,,WOE,,,,,,
9/12/2023 16:35:44,Jordan M - JMTron#46639,John R - Ged#72302,2-0,,1,,WOE,,,,,,
9/12/2023 17:58:01,Damian S - ButCrackMagic#71223,James S - Zoid#33631,2-0,,1,,WOE,,,,,,
9/12/2023 18:58:26,James S - Zoid#33631,Jordan P - Chunkieluver53#92811,2-0,,1,,WOE,,,,,,
9/12/2023 19:29:02,James S - Zoid#33631,Edgar A - PlayfulTerror#04926,2-1,,1,,MOM,,,,,,
9/12/2023 19:39:26,Jordan M - JMTron#46639,Robert S - ricklepick#65878,2-0,,1,,WOE,,,,,,
9/12/2023 19:48:45,Nicholas K - Bionick#55161,Mike P - UnwieldyBiscuit#26471,2-0,,1,ggs,WOE,,,,,,
9/12/2023 20:28:51,Nicholas K - Bionick#55161,Devin L - Dalopi#45146,2-1,,1,,WOE,,,,,,
9/12/2023 20:29:33,Mitchel S - SpaghettiMitch#18619,Jordan M - JMTron#46639,2-0,,1,,WOE,,,,,,
9/12/2023 21:09:02,Devin L - Dalopi#45146,Mike P - UnwieldyBiscuit#26471,2-1,,1,,WOE,,,,,,
9/12/2023 21:17:26,Mitchel S - SpaghettiMitch#18619,Robert S - ricklepick#65878,2-0,,1,,WOE,,,,,,
9/12/2023 21:44:03,Juan Q - JuanCu#95616,Bob P - HIT#08120,2-1,,1,,WOE,,,,,,
9/12/2023 21:47:05,Sean Sp - Talrand#06333,Nicholas K - Bionick#55161,2-1,,1,,WOE,,,,,,
9/12/2023 22:10:38,Sean Sp - Talrand#06333,Mike P - UnwieldyBiscuit#26471,2-1,,1,,WOE,,,,,,
9/12/2023 22:25:59,Robert S - ricklepick#65878,Devin L - Dalopi#45146,2-0,,1,Great game!,WOE,,,,,,
9/12/2023 22:34:53,Damian S - ButCrackMagic#71223,Rafael F - Prudent#24319,2-1,,1,,WOE,,,,,,
9/12/2023 22:46:20,Michael M - Atombomb11991#07305,Sean Sp - Talrand#06333,2-1,,1,,WOE,,,,,,
9/12/2023 22:50:59,Joaquin E - DiabolicMachine#23891,Kyle C - AFKyle#29319,2-0,,1,,WOE,,,,,,
9/12/2023 23:07:03,Eric S - Smitte#94855,Drake M - KoMODO#43282,2-0,,1,,WOE,,,,,,
9/12/2023 23:20:32,Kyle C - AFKyle#29319,Jacob V - Drysle#29533,2-0,,1,,WOE,,,,,,
9/12/2023 23:23:50,Jordan M - JMTron#46639,Russell S - rstad#89052,2-0,,1,,WOE,,,,,,
9/13/2023 0:06:34,Sylvain T - Iquitos#15484,Drake M - KoMODO#43282,2-1,,1,GGS!,MOM,,,,,,
9/13/2023 11:03:17,Pierre-Marc D - pmduguay#67919,Jondrion J - jondrion#40531,2-0,,1,,WOE,,,,,,
9/13/2023 11:55:39,Jondrion J - jondrion#40531,Jon M - It'sMagic#46950,2-0,,1,,WOE,,,,,,
9/13/2023 12:41:08,Austin C - theCortine#41513,Jondrion J - jondrion#40531,2-0,,1,,WOE,,,,,,
9/13/2023 16:39:49,Richard K - preacher26#59445,Phillip M - Fat_kitty#63794,2-0,,1,,MOM,,,,,,
9/13/2023 16:58:44,Jon M - It'sMagic#46950,Jaidin M - MnemonicDevice#38774,2-1,,1,,MOM,,,,,,
9/13/2023 18:19:04,Paul G - TheDragon#61289,Chris R - Sinkwater#27508,2-0,,1,,WOE,,,,,,
9/13/2023 19:07:45,Wei C - Azayaka#83352,Robert S - ricklepick#65878,2-0,,1,,WOE,,,,,,
9/13/2023 19:33:32,Wei C - Azayaka#83352,Edgar A - PlayfulTerror#04926,2-0,,1,,WOE,,,,,,
9/13/2023 20:03:38,Robert M - LaughItUp#38462,Jordan P - Chunkieluver53#92811,2-1,,1,,WOE,,,,,,
9/13/2023 20:09:38,Michael M - Atombomb11991#07305,Wei C - Azayaka#83352,2-0,,1,,MOM,,,,,,
9/13/2023 20:46:01,Robert M - LaughItUp#38462,Wei C - Azayaka#83352,2-0,,1,,MOM,,,,,,
9/13/2023 20:47:19,Ryan W - MuttBunchies#61653,Drake M - KoMODO#43282,2-0,,1,,MOM,,,,,,
9/13/2023 21:13:35,Ryan W - MuttBunchies#61653,Robert M - LaughItUp#38462,2-1,,1,,ELD,,,,,,
9/13/2023 21:23:25,Wei C - Azayaka#83352,Richard K - preacher26#59445,2-0,,1,,MOM,,,,,,
9/13/2023 21:35:09,Drake M - KoMODO#43282,Zach G - ShardZ#61812,2-0,,1,,WOE,,,,,,
9/13/2023 22:22:03,Miguel B - Ethereus#60108,Chris R - Sinkwater#27508,2-1,,1,,WOE,,,,,,
9/13/2023 23:23:57,Eric S - Smitte#94855,Ron C - Lennor#52740,2-1,,1,,MOM,,,,,,
9/14/2023 1:24:33,Miguel B - Ethereus#60108,Vera L - zhanidias#55352,2-1,,1,,WOE,,,,,,
9/14/2023 12:57:35,John R - Ged#72302,Ryan D - TheSlickness#10857,2-1,,1,ggs,WOE,,,,,,
9/14/2023 15:25:10,Russell S - rstad#89052,Jon M - It'sMagic#46950,2-0,,1,,WOE,,,,,,
9/14/2023 18:56:06,Austin C - theCortine#41513,Jordan P - Chunkieluver53#92811,2-1,,1,,WOE,,,,,,
9/14/2023 19:44:28,Zach C - ZachCarr#31881,Zach G - ShardZ#61812,2-0,,1,,WOE,,,,,,
9/14/2023 20:09:08,Edgar A - PlayfulTerror#04926,Miguel B - Ethereus#60108,2-1,,1,Good games,WOE,,,,,,
9/14/2023 20:27:06,Zach C - ZachCarr#31881,Russell S - rstad#89052,2-0,,1,,WOE,,,,,,
9/14/2023 21:26:09,Chris R - Sinkwater#27508,Jason M - Experientialist#23057,2-0,,1,,WOE,,,,,,
9/14/2023 21:48:23,Chris R - Sinkwater#27508,Zach G - ShardZ#61812,2-0,,1,,WOE,,,,,,
9/14/2023 22:31:43,Chris R - Sinkwater#27508,Christopher G - oompaloompa#65002,2-0,,1,,MOM,,,,,,
9/14/2023 23:20:51,Christopher G - oompaloompa#65002,Chris P - Joker01#66827,2-1,,1,,WOE,,,,,,
9/14/2023 23:23:07,Zach G - ShardZ#61812,Sylvain T - Iquitos#15484,2-0,,1,,WOE,,,,,,
9/15/2023 0:05:19,Christopher G - oompaloompa#65002,Sylvain T - Iquitos#15484,2-1,,1,,WOE,,,,,,
9/15/2023 12:14:35,Tony G - YnotRock#76764,Eric S - Smitte#94855,2-1,,1,,MOM,,,,,,
9/15/2023 12:45:22,Tony G - YnotRock#76764,John R - Ged#72302,2-0,,1,,WOE,,,,,,
9/15/2023 13:51:03,Sean Sp - Talrand#06333,Warren M - LinkThePlaneswalker33#61905,2-1,,1,,WOE,,,,,,
9/15/2023 16:18:07,Tony G - YnotRock#76764,Shuo L - tamamo#30654,2-1,,1,,WOE,,,,,,
9/15/2023 17:06:17,Warren M - LinkThePlaneswalker33#61905,Shuo L - tamamo#30654,2-1,,1,,WOE,,,,,,
9/15/2023 17:29:15,Justin P - Code Pigeon#84057,Lotte P - Lotte #93345,2-0,,1,,MOM,,,,,,
9/15/2023 17:47:47,Caleb G - Whynaut#28590,Justin P - Code Pigeon#84057,2-1,,1,,MOM,,,,,,
9/15/2023 17:51:38,Paul G - TheDragon#61289,Wei C - Azayaka#83352,2-1,,1,,MOM,,,,,,
9/15/2023 17:55:14,Zach C - ZachCarr#31881,Cody-Rayce MG - Rayce#56572,2-0,,1,,MOM,,,,,,
9/15/2023 18:04:31,Warren M - LinkThePlaneswalker33#61905,Juan Q - JuanCu#95616,2-1,,1,,MOM,,,,,,
9/15/2023 18:10:50,Jon M - It'sMagic#46950,Caleb G - Whynaut#28590,2-0,,1,,MOM,,,,,,
9/15/2023 18:40:46,Chris P - Joker01#66827,Justin P - Code Pigeon#84057,2-1,,1,,MOM,,,,,,
9/15/2023 18:47:36,Juan Q - JuanCu#95616,Caleb G - Whynaut#28590,2-1,,1,,MOM,,,,,,
9/15/2023 19:28:10,Justin P - Code Pigeon#84057,Shuo L - tamamo#30654,2-0,,1,,WOE,,,,,,
9/15/2023 20:00:04,Caleb G - Whynaut#28590,Shuo L - tamamo#30654,2-0,,1,,WOE,,,,,,
9/15/2023 20:31:00,Philip B - Plipster#75000,Caleb G - Whynaut#28590,2-1,,1,,MOM,,,,,,
9/15/2023 20:34:47,Nik S - njsiii#50504,Wyatt C - hotdolphin#30769,2-0,,1,,WOE,,,,,,
9/15/2023 21:37:58,Zach C - ZachCarr#31881,Bob P - HIT#08120,2-1,,1,,MOM,,,,,,
9/15/2023 21:45:58,Justin P - Code Pigeon#84057,Dustin D - Bloone#16018,2-1,,1,,WOE,,,,,,
9/15/2023 22:30:27,Damian S - ButCrackMagic#71223,Dustin D - Bloone#16018,2-1,,1,,WOE,,,,,,
9/15/2023 22:53:59,Zach C - ZachCarr#31881,Jacob V - Drysle#29533,2-0,,1,,WOE,,,,,,
9/15/2023 23:10:21,Noah B - Sisco#71800,Drake M - KoMODO#43282,2-1,,1,,MOM,,,,,,
9/15/2023 23:22:26,Dustin D - Bloone#16018,Steve T - strout#45062,2-1,,1,,WOE,,,,,,
9/15/2023 23:46:26,Steve T - strout#45062,Drake M - KoMODO#43282,2-0,,1,GGs!,MOM,,,,,,
9/16/2023 0:27:34,Emmett F - Sepulchure#51526,Jaidin M - MnemonicDevice#38774,2-0,,1,,MOM,,,,,,
9/16/2023 0:32:16,Sean Sp - Talrand#06333,Drake M - KoMODO#43282,2-1,,1,,MOM,,,,,,
9/16/2023 0:49:02,Jack H - Rakic#98298,Warren M - LinkThePlaneswalker33#61905,2-1,,1,,MOM,,,,,,
9/16/2023 0:58:48,Christopher G - oompaloompa#65002,Sean Sp - Talrand#06333,2-0,,1,,WOE,,,,,,
9/16/2023 1:22:15,Drake M - KoMODO#43282,Emmett F - Sepulchure#51526,2-1,,1,,MOM,,,,,,
9/16/2023 1:50:07,Jack H - Rakic#98298,Damian S - ButCrackMagic#71223,2-0,,1,,WOE,,,,,,
9/16/2023 7:46:45,Nik S - njsiii#50504,Oskar T - Ossytubbi#87966,2-1,,1,,WOE,,,,,,
9/16/2023 11:19:04,Nik S - njsiii#50504,Kevin C - Keviiiiin#67886,2-1,,1,,WOE,,,,,,
9/16/2023 12:24:47,Emmett F - Sepulchure#51526,Jon M - It'sMagic#46950,2-0,,1,,WOE,,,,,,
9/16/2023 12:33:43,Ron C - Lennor#52740,Dustin D - Bloone#16018,2-1,,1,,WOE,,,,,,
9/16/2023 13:22:17,Warren M - LinkThePlaneswalker33#61905,Drake M - KoMODO#43282,2-0,,1,,MOM,,,,,,
9/16/2023 13:40:16,Jeremy E - Lhurgoyf#37289,Oskar T - Ossytubbi#87966,2-0,,1,,WOE,,,,,,
9/16/2023 14:19:46,Mitchel S - SpaghettiMitch#18619,Philip B - Plipster#75000,2-0,,1,,WOE,,,,,,
9/16/2023 14:46:14,Drake M - KoMODO#43282,Jack H - Rakic#98298,2-1,,1,,WOE,,,,,,
9/16/2023 14:50:34,Wyatt C - hotdolphin#30769,Mitchel S - SpaghettiMitch#18619,2-1,,1,,MOM,,,,,,
9/16/2023 14:51:54,Jacob V - Drysle#29533,Jon M - It'sMagic#46950,2-1,,1,,WOE,,,,,,
9/16/2023 15:44:52,Russell S - rstad#89052,Wyatt C - hotdolphin#30769,2-0,,1,,WOE,,,,,,
9/16/2023 16:51:05,Adam S - wizma#29010,Lotte P - Lotte #93345,2-0,,1,Great games!,MOM,,,,,,
9/16/2023 16:54:08,Mitchel S - SpaghettiMitch#18619,Michael M - Atombomb11991#07305,2-0,,1,,WOE,,,,,,
9/16/2023 17:03:34,Jeremy E - Lhurgoyf#37289,Philip B - Plipster#75000,2-1,,1,,WOE,,,,,,
9/16/2023 17:43:53,Lotte P - Lotte #93345,Cody-Rayce MG - Rayce#56572,2-0,,1,,MOM,,,,,,
9/16/2023 18:25:31,Jack H - Rakic#98298,Lotte P - Lotte #93345,2-0,,1,,MOM,,,,,,
9/16/2023 19:29:28,Juan Q - JuanCu#95616,Miguel B - Ethereus#60108,2-0,,1,,WOE,,,,,,
9/16/2023 20:02:42,Ron C - Lennor#52740,Miguel B - Ethereus#60108,2-0,,1,,WOE,,,,,,
9/16/2023 20:19:11,Warren M - LinkThePlaneswalker33#61905,Juan Q - JuanCu#95616,2-1,,1,,MOM,,,,,,
9/16/2023 20:56:11,Jacob V - Drysle#29533,Ryan W - MuttBunchies#61653,2-0,,1,,WOE,,,,,,
9/16/2023 21:36:01,Kevin I - kni1993#29285,Zach G - ShardZ#61812,2-1,,1,,MOM,,,,,,
9/16/2023 21:45:04,Ryan W - MuttBunchies#61653,Jordan P - Chunkieluver53#92811,2-1,,1,,WOE,,,,,,
9/16/2023 22:21:37,Adam S - wizma#29010,Ron C - Lennor#52740,2-1,,1,Bitterblossom! Yargle!,MOM,,,,,,
9/16/2023 23:15:07,Mitchel S - SpaghettiMitch#18619,Christopher G - oompaloompa#65002,2-1,,1,,MOM,,,,,,
9/17/2023 0:05:11,Robert M - LaughItUp#38462,Sawyer T - soyboy#35469,2-1,,1,,MOM,,,,,,
9/17/2023 0:05:35,Warren M - LinkThePlaneswalker33#61905,Zach G - ShardZ#61812,2-0,,1,,WOE,,,,,,
9/17/2023 0:39:25,Adam S - wizma#29010,Christopher G - oompaloompa#65002,2-1,,1,"Great games, very close!",MOM,,,,,,
9/17/2023 1:40:12,Paul G - TheDragon#61289,Robert M - LaughItUp#38462,2-0,,1,,MOM,,,,,,
9/17/2023 10:29:03,Dan A - BEATDOWNBRINGA#04779,Eric S - Smitte#94855,2-1,,1,,MOM,,,,,,
9/17/2023 11:15:40,Nik S - njsiii#50504,Jeremy E - Lhurgoyf#37289,2-1,,1,,MOM,,,,,,
9/17/2023 13:33:44,James S - Zoid#33631,Kevin I - kni1993#29285,2-0,,1,,BRO,,,,,,
9/17/2023 14:30:32,Jondrion J - jondrion#40531,Jacob V - Drysle#29533,2-0,,1,,MOM,,,,,,
9/17/2023 15:03:35,Jondrion J - jondrion#40531,Caleb K - BlackEcho#09078,2-1,,1,,WOE,,,,,,
9/17/2023 15:25:58,James S - Zoid#33631,Zach G - ShardZ#61812,2-0,,1,,WOE,,,,,,
9/17/2023 16:45:30,Jeremy E - Lhurgoyf#37289,Jacob V - Drysle#29533,2-1,,1,,MOM,,,,,,
9/17/2023 19:04:24,Jeremy E - Lhurgoyf#37289,Chris Y - Yorke on Games#66909,2-0,,1,,MOM,,,,,,
9/17/2023 19:53:25,Michael M - Atombomb11991#07305,Nick L - NextLevelNick#79827,2-1,,1,,WOE,,,,,,
9/17/2023 20:15:04,John R - Ged#72302,Kevin I - kni1993#29285,2-0,,1,ggs.,DMU,,,,,,
9/17/2023 20:32:11,Juan Q - JuanCu#95616,Nick L - NextLevelNick#79827,2-0,,1,,WOE,,,,,,
9/17/2023 20:55:59,Chris Y - Yorke on Games#66909,Daniel G - FriskyHobbit#43185,2-0,,1,GGs!,WOE,,,,,,
9/17/2023 21:31:24,Tony G - YnotRock#76764,Chris Y - Yorke on Games#66909,2-0,,1,,MOM,,,,,,
9/17/2023 21:34:40,Caleb K - BlackEcho#09078,Pierre-Marc D - pmduguay#67919,2-0,,1,,WOE,,,,,,
9/17/2023 21:41:05,Devin L - Dalopi#45146,Daniel G - FriskyHobbit#43185,2-1,,1,,MOM,,,,,,
9/17/2023 22:03:16,Tony G - YnotRock#76764,Chris R - Sinkwater#27508,2-1,,1,,WOE,,,,,,
9/17/2023 22:04:48,Cody-Rayce MG - Rayce#56572,Pierre-Marc D - pmduguay#67919,2-0,,1,,MOM,,,,,,
9/17/2023 22:11:03,Zach C - ZachCarr#31881,Dan A - BEATDOWNBRINGA#04779,2-1,,1,,MOM,,,,,,
9/17/2023 22:44:14,Chris R - Sinkwater#27508,Pierre-Marc D - pmduguay#67919,2-0,,1,,MOM,,,,,,
9/17/2023 22:46:55,Zach C - ZachCarr#31881,Nik S - njsiii#50504,2-1,,1,,MOM,,,,,,
9/17/2023 22:55:07,Zeke W - smarmyplatapus#30066,Sylvain T - Iquitos#15484,2-0,,1,,WOE,,,,,,
9/17/2023 23:09:25,Chris Y - Yorke on Games#66909,Dan A - BEATDOWNBRINGA#04779,2-1,,1,MOM FTW!,MOM,,,,,,
9/17/2023 23:37:57,Zeke W - smarmyplatapus#30066,Johnny M - Johnny#69519,2-1,,1,,WOE,,,,,,
9/18/2023 0:30:42,Pedro D - Goombassa#17203,Nick L - NextLevelNick#79827,2-0,,1,GGs,WOE,,,,,,
9/18/2023 0:31:47,Cody-Rayce MG - Rayce#56572,Zeke W - smarmyplatapus#30066,2-1,,1,ggs,BRO,,,,,,
9/18/2023 1:07:09,Pedro D - Goombassa#17203,Sawyer T - soyboy#35469,2-0,,1,GGs,MOM,,,,,,
9/18/2023 6:17:57,Thijn H - Thi-Jin#83537,Paul G - TheDragon#61289,2-1,,1,,MOM,,,,,,
9/18/2023 7:53:46,Jondrion J - jondrion#40531,Paul G - TheDragon#61289,2-0,,1,"Succes nog verder, hopelijk minder mulligans!",MOM,,,,,,
9/18/2023 8:50:10,Kevin I - kni1993#29285,Jondrion J - jondrion#40531,2-0,,1,,MOM,,,,,,
9/18/2023 11:16:04,Pierre-Marc D - pmduguay#67919,Jon M - It'sMagic#46950,2-1,,1,,MOM,,,,,,
9/18/2023 11:56:14,John P - gokuorgohome#51511,Joaquin E - DiabolicMachine#23891,2-0,,1,,WOE,,,,,,
9/18/2023 12:45:42,Paul G - TheDragon#61289,Joaquin E - DiabolicMachine#23891,2-1,,1,,MOM,,,,,,
9/18/2023 13:04:09,Thijn H - Thi-Jin#83537,John P - gokuorgohome#51511,2-1,,1,,WOE,,,,,,
9/18/2023 14:22:25,John R - Ged#72302,Jon M - It'sMagic#46950,2-0,,1,ggs,WOE,,,,,,
9/18/2023 15:46:08,Cody-Rayce MG - Rayce#56572,Joaquin E - DiabolicMachine#23891,2-1,,1,ggs w p,MOM,,,,,,
9/18/2023 15:55:16,Chris P - Joker01#66827,John P - gokuorgohome#51511,2-1,,1,,WOE,,,,,,
9/18/2023 16:56:31,Sean Sp - Talrand#06333,Richard K - preacher26#59445,2-1,,1,,MOM,,,,,,
9/18/2023 17:05:41,Dustin D - Bloone#16018,John P - gokuorgohome#51511,2-0,,1,,WOE,,,,,,
9/18/2023 17:42:57,Richard K - preacher26#59445,Cayden T - DontMessWithMyCards#65625,2-1,,1,,WOE,,,,,,
9/18/2023 17:43:33,Johnny M - Johnny#69519,Michael M - Atombomb11991#07305,2-1,,1,,WOE,,,,,,
9/18/2023 18:01:05,Rafael F - Prudent#24319,Kevin C - Keviiiiin#67886,2-1,,1,Woe Strong!,WOE,,,,,,
9/18/2023 18:04:06,Sean Sp - Talrand#06333,Chris R - Sinkwater#27508,2-1,,1,,WOE,,,,,,
9/18/2023 18:23:42,Johnny M - Johnny#69519,John P - gokuorgohome#51511,2-1,,1,,WOE,,,,,,
9/18/2023 18:30:35,Kevin C - Keviiiiin#67886,Cayden T - DontMessWithMyCards#65625,2-0,,1,,WOE,,,,,,
9/18/2023 19:01:36,Edgar A - PlayfulTerror#04926,Kevin C - Keviiiiin#67886,2-1,,1,GG's,WOE,,,,,,
9/18/2023 19:34:40,Ben G - perrako#88435,Caleb K - BlackEcho#09078,2-0,,1,Nail biter!,WOE,,,,,,
9/18/2023 19:38:28,Kevin C - Keviiiiin#67886,Damian S - ButCrackMagic#71223,2-0,,1,,MOM,,,,,,
9/18/2023 19:40:52,Wyatt C - hotdolphin#30769,Miguel B - Ethereus#60108,2-1,,1,,WOE,,,,,,
9/18/2023 20:10:35,Kevin I - kni1993#29285,Chris R - Sinkwater#27508,2-1,,1,,WOE,,,,,,
9/18/2023 20:18:49,Wyatt C - hotdolphin#30769,Pedro D - Goombassa#17203,2-0,,1,,WOE,,,,,,
9/18/2023 20:59:36,Adam S - wizma#29010,Chris Y - Yorke on Games#66909,2-0,,1,Almost Gruffed!,MOM,,,,,,
9/18/2023 21:04:48,Pedro D - Goombassa#17203,Devin L - Dalopi#45146,2-1,,1,GGs,WOE,,,,,,
9/18/2023 21:12:23,Tony G - YnotRock#76764,Phillip M - Fat_kitty#63794,2-1,,1,,WOE,,,,,,
9/18/2023 21:24:13,Jordan M - JMTron#46639,Chris R - Sinkwater#27508,2-1,,1,,WOE,,,,,,
9/18/2023 21:45:23,Miguel B - Ethereus#60108,Phillip M - Fat_kitty#63794,2-1,,1,,WOE,,,,,,
9/18/2023 22:00:13,Emmett F - Sepulchure#51526,James S - Zoid#33631,2-1,,1,,MOM,,,,,,
9/18/2023 22:18:12,Damian S - ButCrackMagic#71223,James S - Zoid#33631,2-0,,1,,MOM,,,,,,
9/18/2023 22:21:31,Emmett F - Sepulchure#51526,Nicholas K - Bionick#55161,2-0,,1,,WOE,,,,,,
9/18/2023 22:35:00,Chris P - Joker01#66827,Damian S - ButCrackMagic#71223,2-0,,1,,MOM,,,,,,
9/18/2023 22:41:35,Jack H - Rakic#98298,Mitchel S - SpaghettiMitch#18619,2-1,,1,,MOM,,,,,,
9/18/2023 22:44:12,Kyle C - AFKyle#29319,Sylvain T - Iquitos#15484,2-0,,1,,WOE,,,,,,
9/18/2023 22:56:46,James S - Zoid#33631,Nicholas K - Bionick#55161,2-0,,1,,WOE,,,,,,
9/18/2023 23:05:12,Pedro D - Goombassa#17203,Kyle C - AFKyle#29319,2-0,,1,GGs,DMU,,,,,,
9/18/2023 23:13:26,Miguel B - Ethereus#60108,Chris P - Joker01#66827,2-0,,1,,WOE,,,,,,
9/18/2023 23:38:12,Evan C - PeasOfCrab#00133,Kyle C - AFKyle#29319,2-1,,1,,WOE,,,,,,
9/19/2023 0:11:06,Jordan M - JMTron#46639,Kyle C - AFKyle#29319,2-0,,1,,BRO,,,,,,
9/19/2023 0:13:56,Sawyer T - soyboy#35469,Evan C - PeasOfCrab#00133,2-1,,1,,MOM,,,,,,
9/19/2023 0:45:13,Johnny M - Johnny#69519,Kyle C - AFKyle#29319,2-1,,1,random pack,ONE,,,,,,
9/19/2023 1:07:06,Sylvain T - Iquitos#15484,Evan C - PeasOfCrab#00133,2-1,,1,fun games!,MOM,,,,,,
9/19/2023 1:25:26,Wei C - Azayaka#83352,Miguel B - Ethereus#60108,2-0,,1,,WOE,,,,,,
9/19/2023 2:08:25,Evan C - PeasOfCrab#00133,Johnny M - Johnny#69519,2-1,,1,,WOE,,,,,,
9/19/2023 10:04:44,Oskar T - Ossytubbi#87966,Sylvain T - Iquitos#15484,2-0,,1,,WOE,,,,,,
9/19/2023 11:07:45,Rafael F - Prudent#24319,Oskar T - Ossytubbi#87966,2-1,,1,Some super tight games there gg,WOE,,,,,,
9/19/2023 14:09:48,Reed P - bigfingsnake#86869,Warren M - LinkThePlaneswalker33#61905,2-1,,1,,MOM,,,,,,
9/19/2023 15:24:24,Jordan M - JMTron#46639,Steve T - strout#45062,2-0,,1,,WOE,,,,,,
9/19/2023 17:58:35,Wei C - Azayaka#83352,Robert M - LaughItUp#38462,2-0,,1,,MOM,,,,,,
9/19/2023 18:24:08,Robert M - LaughItUp#38462,Edgar A - PlayfulTerror#04926,2-0,,1,,WOE,,,,,,
9/19/2023 18:33:16,Rafael F - Prudent#24319,Russell S - rstad#89052,2-1,,1,I am obediant now,MOM,,,,,,
9/19/2023 18:33:28,Eric S - Smitte#94855,Sawyer T - soyboy#35469,2-0,,1,,MOM,,,,,,
9/19/2023 19:30:01,Nicholas K - Bionick#55161,Mike P - UnwieldyBiscuit#26471,2-0,,1,,WOE,,,,,,
9/19/2023 19:34:52,Reed P - bigfingsnake#86869,Robert M - LaughItUp#38462,2-1,,1,,MOM,,,,,,
9/19/2023 19:43:57,Sean Sp - Talrand#06333,Nicholas K - Bionick#55161,2-0,,1,,WOE,,,,,,
9/19/2023 19:57:46,Reed P - bigfingsnake#86869,Daniel G - FriskyHobbit#43185,2-1,,1,,MOM,,,,,,
9/19/2023 20:13:31,Sean Sp - Talrand#06333,Mike P - UnwieldyBiscuit#26471,2-0,,1,,WOE,,,,,,
9/19/2023 20:33:29,Michael M - Atombomb11991#07305,Jordan P - Chunkieluver53#92811,2-1,,1,,WOE,,,,,,
9/19/2023 21:13:40,Daniel G - FriskyHobbit#43185,Tony G - YnotRock#76764,2-1,,1,,WOE,,,,,,
9/19/2023 21:31:25,Joaquin E - DiabolicMachine#23891,Daniel G - FriskyHobbit#43185,2-1,,1,,MOM,,,,,,
9/19/2023 21:42:50,Bob P - HIT#08120,Ryan D - TheSlickness#10857,2-1,,1,,WOE,,,,,,
9/19/2023 22:10:05,Eric S - Smitte#94855,Bob P - HIT#08120,2-1,,1,,ELD,,,,,,
9/19/2023 22:25:17,Richard K - preacher26#59445,Wei C - Azayaka#83352,2-0,,1,,MOM,,,,,,
9/19/2023 23:23:46,Ryan D - TheSlickness#10857,Wei C - Azayaka#83352,2-0,,1,,MOM,,,,,,
9/19/2023 23:49:49,Kyle C - AFKyle#29319,Caleb K - BlackEcho#09078,2-1,,1,,WOE,,,,,,
9/20/2023 0:46:46,Philip B - Plipster#75000,Kyle C - AFKyle#29319,2-1,,1,,ONE,,,,,,
9/20/2023 0:57:54,Ben G - perrako#88435,Noah B - Sisco#71800,2-0,,1,,WOE,,,,,,
9/20/2023 1:06:32,Reed P - bigfingsnake#86869,Philip B - Plipster#75000,2-0,,1,,WOE,,,,,,
9/20/2023 1:33:39,Sawyer T - soyboy#35469,Ben G - perrako#88435,2-1,,1,,WOE,,,,,,
9/20/2023 9:35:09,Adam S - wizma#29010,Thijn H - Thi-Jin#83537,2-1,,1,Great games!,WOE,,,,,,
9/20/2023 10:39:55,Tony G - YnotRock#76764,Thijn H - Thi-Jin#83537,2-1,,1,,WOE,,,,,,
9/20/2023 12:13:10,Thijn H - Thi-Jin#83537,Ryan D - TheSlickness#10857,2-1,,1,,WOE,,,,,,
9/20/2023 16:40:35,Jondrion J - jondrion#40531,Richard K - preacher26#59445,2-0,,1,,MOM,,,,,,
9/20/2023 19:31:10,Ben G - perrako#88435,John R - Ged#72302,2-0,,1,,WOE,,,,,,
9/20/2023 19:51:01,Michael M - Atombomb11991#07305,Eric S - Smitte#94855,2-1,,1,,MOM,,,,,,
9/20/2023 20:17:40,Ryan W - MuttBunchies#61653,John R - Ged#72302,2-1,,1,,WOE,,,,,,
9/20/2023 20:24:24,Devin L - Dalopi#45146,Nicholas K - Bionick#55161,2-0,,1,,WOE,,,,,,
9/20/2023 20:31:08,Reed P - bigfingsnake#86869,Ron C - Lennor#52740,2-0,,1,,MOM,,,,,,
9/20/2023 20:31:46,Mike P - UnwieldyBiscuit#26471,Jordan P - Chunkieluver53#92811,2-1,,1,,WOE,,,,,,
9/20/2023 21:03:46,Ron C - Lennor#52740,Ryan W - MuttBunchies#61653,2-0,,1,,WOE,,,,,,
9/20/2023 21:04:27,Mike P - UnwieldyBiscuit#26471,Devin L - Dalopi#45146,2-1,,1,,WOE,,,,,,
9/20/2023 21:39:52,Edgar A - PlayfulTerror#04926,Jordan P - Chunkieluver53#92811,2-0,,1,ggs,WOE,,,,,,
9/20/2023 22:00:23,Joaquin E - DiabolicMachine#23891,Edgar A - PlayfulTerror#04926,2-0,,1,,DMU,,,,,,
9/20/2023 22:03:21,Evan C - PeasOfCrab#00133,Zeke W - smarmyplatapus#30066,2-1,,1,,BRO,,,,,,
9/20/2023 22:16:56,Ryan W - MuttBunchies#61653,Devin L - Dalopi#45146,2-0,,1,,WOE,,,,,,
9/20/2023 23:03:28,Devin L - Dalopi#45146,Russell S - rstad#89052,2-0,,1,,MOM,,,,,,
9/20/2023 23:34:39,Sylvain T - Iquitos#15484,Jordan M - JMTron#46639,2-0,,1,,WOE,,,,,,
9/21/2023 0:37:52,Jordan M - JMTron#46639,Devin L - Dalopi#45146,2-0,,1,,WOE,,,,,,
9/21/2023 0:45:59,Noah B - Sisco#71800,Sylvain T - Iquitos#15484,2-1,,1,,WOE,,,,,,
9/21/2023 10:03:26,Austin C - theCortine#41513,Sylvain T - Iquitos#15484,2-0,,1,,WOE,,,,,,
9/21/2023 12:36:19,Austin C - theCortine#41513,Ryan W - MuttBunchies#61653,2-1,,1,,WOE,,,,,,
9/21/2023 13:09:26,John R - Ged#72302,Austin C - theCortine#41513,2-0,,1,ggs,WOE,,,,,,
9/21/2023 13:53:21,Ryan D - TheSlickness#10857,Ben G - perrako#88435,2-1,,1,,WOE,,,,,,
9/21/2023 14:02:30,Chris P - Joker01#66827,Austin C - theCortine#41513,2-0,,1,,WOE,,,,,,
9/21/2023 17:02:10,Ryan D - TheSlickness#10857,Maranda L - BlackCanary#59791,2-1,,1,,MOM,,,,,,
9/21/2023 17:55:11,Maranda L - BlackCanary#59791,Russell S - rstad#89052,2-1,,1,,MOM,,,,,,
9/21/2023 20:01:01,Maranda L - BlackCanary#59791,Edgar A - PlayfulTerror#04926,2-0,,1,,WOE,,,,,,
9/21/2023 20:28:46,Christopher G - oompaloompa#65002,Zach G - ShardZ#61812,2-0,,1,,MOM,,,,,,
9/21/2023 21:10:31,Maranda L - BlackCanary#59791,Phillip M - Fat_kitty#63794,2-0,,1,,WOE,,,,,,
9/21/2023 21:26:13,Dan A - BEATDOWNBRINGA#04779,Russell S - rstad#89052,2-0,,1,,MOM,,,,,,
9/21/2023 22:08:30,Dan A - BEATDOWNBRINGA#04779,Zach G - ShardZ#61812,2-1,,1,,WOE,,,,,,
9/21/2023 22:47:52,Joe T - elasticity#07466,Noah B - Sisco#71800,2-1,,1,,BRO,,,,,,
9/21/2023 22:51:40,Pierre-Marc D - pmduguay#67919,Bob P - HIT#08120,2-0,,1,,WOE,,,,,,
9/21/2023 23:16:44,Bob P - HIT#08120,Noah B - Sisco#71800,2-0,,1,,BRO,,,,,,
9/21/2023 23:20:03,Pierre-Marc D - pmduguay#67919,Joe T - elasticity#07466,2-1,,1,,WOE,,,,,,
9/21/2023 23:35:57,Pierre-Marc D - pmduguay#67919,Cayden T - DontMessWithMyCards#65625,2-0,,1,,WOE,,,,,,
9/21/2023 23:50:53,Joe T - elasticity#07466,Zeke W - smarmyplatapus#30066,2-0,,1,,BRO,,,,,,
9/22/2023 10:32:21,Zeke W - smarmyplatapus#30066,Christopher G - oompaloompa#65002,2-1,,1,"resubmit, wrong opponent - JM",MOM,,,,,,
9/22/2023 12:28:27,Rafael F - Prudent#24319,Steve T - strout#45062,2-1,,1,,WOE,,,,,,
9/22/2023 12:57:26,Jaidin M - MnemonicDevice#38774,Chris P - Joker01#66827,2-1,,1,,WOE,,,,,,
9/22/2023 13:57:08,Jaidin M - MnemonicDevice#38774,Joe T - elasticity#07466,2-1,,1,,WOE,,,,,,
9/22/2023 14:24:15,Steve T - strout#45062,Shuo L - tamamo#30654,2-1,,1,GGs!,MOM,,,,,,
9/22/2023 14:39:01,Jaidin M - MnemonicDevice#38774,Rafael F - Prudent#24319,2-0,,1,,WOE,,,,,,
9/22/2023 15:35:35,Jaidin M - MnemonicDevice#38774,Shuo L - tamamo#30654,2-1,,1,,MOM,,,,,,
9/22/2023 16:07:55,Eric S - Smitte#94855,Joe T - elasticity#07466,2-1,,1,,WOE,,,,,,
9/22/2023 17:43:26,Evan C - PeasOfCrab#00133,Cody-Rayce MG - Rayce#56572,2-1,,1,,MOM,,,,,,
9/22/2023 17:49:57,Paul G - TheDragon#61289,Philip B - Plipster#75000,2-1,,1,,WOE,,,,,,
9/22/2023 18:09:38,Evan C - PeasOfCrab#00133,Juan Q - JuanCu#95616,2-1,,1,,MOM,,,,,,
9/22/2023 18:40:27,Jordan M - JMTron#46639,Juan Q - JuanCu#95616,2-0,,1,,MOM,,,,,,
9/22/2023 18:46:09,John P - gokuorgohome#51511,Richard K - preacher26#59445,2-1,,1,,MOM,,,,,,
9/22/2023 18:49:17,Philip B - Plipster#75000,Evan C - PeasOfCrab#00133,2-1,,1,,MOM,,,,,,
9/22/2023 19:24:09,Dan A - BEATDOWNBRINGA#04779,Phillip M - Fat_kitty#63794,2-1,,1,,MOM,,,,,,
9/22/2023 19:31:16,Evan C - PeasOfCrab#00133,Jordan M - JMTron#46639,2-0,,1,,WOE,,,,,,
9/22/2023 19:49:35,Evan C - PeasOfCrab#00133,Damian S - ButCrackMagic#71223,2-0,,1,,MOM,,,,,,
9/22/2023 19:51:28,Richard K - preacher26#59445,Juan Q - JuanCu#95616,2-1,,1,,MOM,,,,,,
9/22/2023 19:56:30,Rafael F - Prudent#24319,John P - gokuorgohome#51511,2-0,,1,,WOE,,,,,,
9/22/2023 20:07:00,Sawyer T - soyboy#35469,Ron C - Lennor#52740,2-1,,1,,WOE,,,,,,
9/22/2023 20:31:21,Damian S - ButCrackMagic#71223,Philip B - Plipster#75000,2-1,,1,,WOE,,,,,,
9/22/2023 20:32:41,Kevin I - kni1993#29285,Rafael F - Prudent#24319,2-1,,1,,WOE,,,,,,
9/22/2023 20:55:49,Juan Q - JuanCu#95616,Joe T - elasticity#07466,2-0,,1,,MOM,,,,,,
9/22/2023 21:39:55,Nik S - njsiii#50504,Joe T - elasticity#07466,2-1,,1,,MOM,,,,,,
9/22/2023 22:03:10,Phillip M - Fat_kitty#63794,Ryan D - TheSlickness#10857,2-1,,1,,WOE,,,,,,
9/22/2023 22:25:37,Cody-Rayce MG - Rayce#56572,Juan Q - JuanCu#95616,2-0,,1,gggs wp,MOM,,,,,,
9/22/2023 23:10:49,Jeremy E - Lhurgoyf#37289,Wyatt C - hotdolphin#30769,2-0,,1,,WOE,,,,,,
9/22/2023 23:36:12,Joe T - elasticity#07466,Noah B - Sisco#71800,2-1,,1,,MOM,,,,,,
9/22/2023 23:36:53,Bob P - HIT#08120,Jeremy E - Lhurgoyf#37289,2-1,,1,,MOM,,,,,,
9/23/2023 0:16:04,Justin P - Code Pigeon#84057,Pedro D - Goombassa#17203,2-1,,1,,WOE,,,,,,
9/23/2023 0:43:14,Damian S - ButCrackMagic#71223,Justin P - Code Pigeon#84057,2-0,,1,,MOM,,,,,,
9/23/2023 0:53:01,Sawyer T - soyboy#35469,Noah B - Sisco#71800,2-1,,1,,MOM,,,,,,
9/23/2023 1:22:27,Christopher G - oompaloompa#65002,Dan A - BEATDOWNBRINGA#04779,2-0,,1,,MOM,,,,,,
9/23/2023 1:39:18,Sawyer T - soyboy#35469,Damian S - ButCrackMagic#71223,2-1,,1,,MOM,,,,,,
9/23/2023 3:45:38,Dan A - BEATDOWNBRINGA#04779,Philip B - Plipster#75000,2-1,,1,,WOE,,,,,,
9/23/2023 7:52:48,Kevin I - kni1993#29285,Thijn H - Thi-Jin#83537,2-1,,1,,WOE,,,,,,
9/23/2023 8:34:59,James S - Zoid#33631,Bob P - HIT#08120,2-1,,1,,MOM,,,,,,
9/23/2023 11:49:23,Jon M - It'sMagic#46950,Chris Y - Yorke on Games#66909,2-1,,1,,MOM,,,,,,
9/23/2023 12:32:25,Johnny M - Johnny#69519,Dan A - BEATDOWNBRINGA#04779,2-1,,1,,MOM,,,,,,
9/23/2023 13:39:48,Jack H - Rakic#98298,Jeremy E - Lhurgoyf#37289,2-0,,1,,MOM,,,,,,
9/23/2023 14:22:39,Ben G - perrako#88435,Joe T - elasticity#07466,2-0,,1,,MOM,,,,,,
9/23/2023 14:38:36,Jack H - Rakic#98298,Kevin I - kni1993#29285,2-0,,1,,WOE,,,,,,
9/23/2023 15:08:44,John P - gokuorgohome#51511,Ben G - perrako#88435,2-0,,1,,WOE,,,,,,
9/23/2023 15:46:23,Mike P - UnwieldyBiscuit#26471,Nicholas K - Bionick#55161,2-1,,1,,WOE,,,,,,
9/23/2023 16:22:47,John P - gokuorgohome#51511,Joe T - elasticity#07466,2-0,,1,,MOM,,,,,,
9/23/2023 16:44:28,Jack H - Rakic#98298,John P - gokuorgohome#51511,2-0,,1,,WOE,,,,,,
9/23/2023 17:06:19,Nik S - njsiii#50504,Noah B - Sisco#71800,2-0,,1,,MOM,,,,,,
9/23/2023 17:48:17,Noah B - Sisco#71800,Jacob V - Drysle#29533,2-1,,1,,MOM,,,,,,
9/23/2023 17:53:17,Jack H - Rakic#98298,Joaquin E - DiabolicMachine#23891,2-1,,1,,MOM,,,,,,
9/23/2023 18:24:37,Johnny M - Johnny#69519,Pedro D - Goombassa#17203,2-0,,1,,WOE,,,,,,
9/23/2023 19:14:58,Jack H - Rakic#98298,Pedro D - Goombassa#17203,2-1,,1,,WOE,,,,,,
9/23/2023 20:31:57,Zach G - ShardZ#61812,Warren M - LinkThePlaneswalker33#61905,2-0,,1,,ELD,,,,,,
9/23/2023 20:47:51,Pierre-Marc D - pmduguay#67919,Pedro D - Goombassa#17203,2-1,,1,,WOE,,,,,,
9/23/2023 22:17:41,Johnny M - Johnny#69519,Steve T - strout#45062,2-1,,1,,WOE,,,,,,
9/24/2023 0:20:30,Bob P - HIT#08120,Cody-Rayce MG - Rayce#56572,2-1,,1,,MOM,,,,,,
9/24/2023 0:59:36,Caleb K - BlackEcho#09078,Justin P - Code Pigeon#84057,2-1,,1,,MOM,,,,,,
9/24/2023 9:18:50,Zach C - ZachCarr#31881,Adam S - wizma#29010,2-0,,1,,MOM,,,,,,
9/24/2023 11:14:17,Dustin D - Bloone#16018,Zach C - ZachCarr#31881,2-0,,1,,WOE,,,,,,
9/24/2023 11:33:01,Michael M - Atombomb11991#07305,Wyatt C - hotdolphin#30769,2-0,,1,,WOE,,,,,,
9/24/2023 11:42:19,Nik S - njsiii#50504,Dustin D - Bloone#16018,2-0,,1,,WOE,,,,,,
9/24/2023 12:38:54,Thijn H - Thi-Jin#83537,Jacob V - Drysle#29533,2-0,,1,,MOM,,,,,,
9/24/2023 12:39:52,Zach C - ZachCarr#31881,James S - Zoid#33631,2-0,,1,,MOM,,,,,,
9/24/2023 13:09:16,Russell S - rstad#89052,Thijn H - Thi-Jin#83537,2-0,,1,,WOE,,,,,,
9/24/2023 13:11:53,Jacob V - Drysle#29533,James S - Zoid#33631,2-0,,1,,WOE,,,,,,
9/24/2023 14:36:40,Dan A - BEATDOWNBRINGA#04779,Zach G - ShardZ#61812,2-0,,1,,WOE,,,,,,
9/24/2023 15:45:20,John R - Ged#72302,Mike P - UnwieldyBiscuit#26471,2-1,,1,,WOE,,,,,,
9/24/2023 16:20:28,Mike P - UnwieldyBiscuit#26471,James S - Zoid#33631,2-1,,1,,WOE,,,,,,
9/24/2023 16:51:14,Jacob V - Drysle#29533,Philip B - Plipster#75000,2-0,,1,,WOE,,,,,,
9/24/2023 20:32:50,Nicholas K - Bionick#55161,Michael M - Atombomb11991#07305,2-1,,1,,WOE,,,,,,
9/24/2023 21:05:46,Zach C - ZachCarr#31881,Nicholas K - Bionick#55161,2-0,,1,,WOE,,,,,,
9/24/2023 21:11:18,Jaidin M - MnemonicDevice#38774,Kyle C - AFKyle#29319,2-0,,1,,DMU,,,,,,
9/24/2023 21:15:26,Michael M - Atombomb11991#07305,Richard K - preacher26#59445,2-0,,1,,MOM,,,,,,
9/24/2023 21:16:24,Daniel G - FriskyHobbit#43185,Russell S - rstad#89052,2-1,,1,,MOM,,,,,,
9/24/2023 22:22:37,Daniel G - FriskyHobbit#43185,Richard K - preacher26#59445,2-1,,1,,MOM,,,,,,
9/24/2023 23:03:13,Bob P - HIT#08120,Chris Y - Yorke on Games#66909,2-1,,1,,MOM,,,,,,
9/24/2023 23:11:15,Daniel G - FriskyHobbit#43185,Pedro D - Goombassa#17203,2-0,,1,,WOE,,,,,,
9/25/2023 0:12:26,Jeremy E - Lhurgoyf#37289,Johnny M - Johnny#69519,2-1,,1,,WOE,,,,,,
9/25/2023 0:25:54,Ron C - Lennor#52740,Caleb K - BlackEcho#09078,2-1,,1,,WOE,,,,,,
9/25/2023 0:44:38,Chris Y - Yorke on Games#66909,Johnny M - Johnny#69519,2-0,,1,Azorius Mirror,WOE,,,,,,
9/25/2023 2:05:23,Shuo L - tamamo#30654,Chris Y - Yorke on Games#66909,2-1,,1,,BRO,,,,,,
9/25/2023 10:26:21,Thijn H - Thi-Jin#83537,Jaidin M - MnemonicDevice#38774,2-1,,1,,MOM,,,,,,
9/25/2023 11:28:51,Wyatt C - hotdolphin#30769,Cody-Rayce MG - Rayce#56572,2-1,,1,,MOM,,,,,,
9/25/2023 12:09:46,Caleb G - Whynaut#28590,Jondrion J - jondrion#40531,2-0,,1,,WOE,,,,,,
9/25/2023 12:51:08,Richard K - preacher26#59445,Caleb G - Whynaut#28590,2-0,,1,,MOM,,,,,,
9/25/2023 13:53:18,Joaquin E - DiabolicMachine#23891,Paul G - TheDragon#61289,2-0,,1,,MOM,,,,,,
9/25/2023 14:39:51,Joaquin E - DiabolicMachine#23891,Eric S - Smitte#94855,2-1,,1,,WOE,,,,,,
9/25/2023 15:40:18,Richard K - preacher26#59445,Paul G - TheDragon#61289,2-1,,1,,MOM,,,,,,
9/25/2023 16:30:40,Jondrion J - jondrion#40531,Paul G - TheDragon#61289,2-1,,1,,MOM,,,,,,
9/25/2023 16:47:45,Richard K - preacher26#59445,Lotte P - Lotte #93345,2-0,,1,,MOM,,,,,,
9/25/2023 17:07:39,Paul G - TheDragon#61289,Zach G - ShardZ#61812,2-0,,1,,WOE,,,,,,
9/25/2023 17:36:15,Thijn H - Thi-Jin#83537,Adam S - wizma#29010,2-0,,1,,MOM,,,,,,
9/25/2023 18:27:49,Ryan W - MuttBunchies#61653,Jordan P - Chunkieluver53#92811,2-1,,1,,WOE,,,,,,
9/25/2023 19:13:13,Ryan W - MuttBunchies#61653,Jondrion J - jondrion#40531,2-1,,1,,MOM,,,,,,
9/25/2023 19:30:03,Adam S - wizma#29010,Wyatt C - hotdolphin#30769,2-0,,1,Great games! ,WOE,,,,,,
9/25/2023 19:51:20,James S - Zoid#33631,Nik S - njsiii#50504,2-0,,1,,MOM,,,,,,
9/25/2023 19:53:15,Caleb G - Whynaut#28590,Phillip M - Fat_kitty#63794,2-1,,1,,MOM,,,,,,
9/25/2023 20:22:05,Emmett F - Sepulchure#51526,Chris R - Sinkwater#27508,2-1,,1,,WOE,,,,,,
9/25/2023 20:49:28,Caleb G - Whynaut#28590,Kevin I - kni1993#29285,2-0,,1,,WOE,,,,,,
9/25/2023 21:24:48,Emmett F - Sepulchure#51526,Christopher G - oompaloompa#65002,2-1,,1,,MOM,,,,,,
9/25/2023 21:26:03,Steve T - strout#45062,Caleb K - BlackEcho#09078,2-1,,1,GGs!,WOE,,,,,,
9/25/2023 21:30:54,Sawyer T - soyboy#35469,Kevin I - kni1993#29285,2-1,,1,,MOM,,,,,,
9/25/2023 21:35:14,Adam S - wizma#29010,Chris R - Sinkwater#27508,2-1,,1,Gruffs! Gluttons!,WOE,,,,,,
9/25/2023 21:35:55,Steve T - strout#45062,Bob P - HIT#08120,2-0,,1,GGs!,MOM,,,,,,
9/25/2023 22:04:11,Emmett F - Sepulchure#51526,Steve T - strout#45062,2-1,,1,,WOE,,,,,,
9/25/2023 22:23:16,Christopher G - oompaloompa#65002,Caleb K - BlackEcho#09078,2-1,,1,,WOE,,,,,,
9/25/2023 22:32:19,Zach C - ZachCarr#31881,Chris Y - Yorke on Games#66909,2-1,,1,,MOM,,,,,,
9/25/2023 22:42:13,Jacob V - Drysle#29533,Chris R - Sinkwater#27508,2-0,,1,,WOE,,,,,,
9/25/2023 22:50:25,Nik S - njsiii#50504,Jeremy E - Lhurgoyf#37289,2-0,,1,,MOM,,,,,,
9/25/2023 23:24:35,Caleb G - Whynaut#28590,Emmett F - Sepulchure#51526,2-1,,1,,MOM,,,,,,
9/26/2023 0:25:15,Emmett F - Sepulchure#51526,Zeke W - smarmyplatapus#30066,2-1,,1,3 games of mana screw,BRO,,,,,,
9/26/2023 3:46:22,Wei C - Azayaka#83352,Miguel B - Ethereus#60108,2-0,,1,,WOE,,,,,,
9/26/2023 12:26:07,Steve T - strout#45062,Wei C - Azayaka#83352,2-1,,1,GGs!,MOM,,,,,,
9/26/2023 13:32:11,Ryan D - TheSlickness#10857,Jondrion J - jondrion#40531,2-0,,1,,WOE,,,,,,
9/26/2023 13:56:48,Jondrion J - jondrion#40531,Dustin D - Bloone#16018,2-0,,1,,WOE,,,,,,
9/26/2023 14:41:02,Dustin D - Bloone#16018,Joaquin E - DiabolicMachine#23891,2-0,,1,,MOM,,,,,,
9/26/2023 14:49:42,Ryan D - TheSlickness#10857,Jon M - It'sMagic#46950,2-0,,1,,WOE,,,,,,
9/26/2023 14:52:26,Justin P - Code Pigeon#84057,Chris P - Joker01#66827,2-0,,1,,MOM,,,,,,
9/26/2023 15:24:27,Justin P - Code Pigeon#84057,Joaquin E - DiabolicMachine#23891,2-1,,1,,MOM,,,,,,
9/26/2023 17:08:28,Miguel B - Ethereus#60108,Ryan D - TheSlickness#10857,2-1,,1,,WOE,,,,,,
9/26/2023 17:16:31,Warren M - LinkThePlaneswalker33#61905,Maranda L - BlackCanary#59791,2-1,,1,,WOE,,,,,,
9/26/2023 19:22:11,Sean Sp - Talrand#06333,Mike P - UnwieldyBiscuit#26471,2-0,,1,,WOE,,,,,,
9/26/2023 20:05:33,Jordan M - JMTron#46639,Maranda L - BlackCanary#59791,2-1,,1,,MOM,,,,,,
9/26/2023 20:38:47,Wei C - Azayaka#83352,Jordan M - JMTron#46639,2-0,,1,,WOE,,,,,,
9/26/2023 21:02:46,Jordan M - JMTron#46639,Miguel B - Ethereus#60108,2-0,,1,,WOE,,,,,,
9/26/2023 21:34:39,Wei C - Azayaka#83352,Chris R - Sinkwater#27508,2-1,,1,,WOE,,,,,,
9/26/2023 21:40:51,Sean Sp - Talrand#06333,Nicholas K - Bionick#55161,2-1,,1,,WOE,,,,,,
9/26/2023 22:05:06,Wei C - Azayaka#83352,Kevin C - Keviiiiin#67886,2-0,,1,,WOE,,,,,,
9/26/2023 22:33:11,Chris R - Sinkwater#27508,Sawyer T - soyboy#35469,2-1,,1,,MOM,,,,,,
9/26/2023 22:35:41,Damian S - ButCrackMagic#71223,Kevin C - Keviiiiin#67886,2-1,,1,,WOE,,,,,,
9/26/2023 23:07:41,Christopher G - oompaloompa#65002,Kevin C - Keviiiiin#67886,2-0,,1,,WOE,,,,,,
9/26/2023 23:32:14,Ron C - Lennor#52740,Robert M - LaughItUp#38462,2-1,,1,,WOE,,,,,,
9/27/2023 1:39:11,Warren M - LinkThePlaneswalker33#61905,Ben G - perrako#88435,2-1,,1,,WOE,,,,,,
9/27/2023 2:09:43,Robert M - LaughItUp#38462,Ben G - perrako#88435,2-1,,1,,WOE,,,,,,
9/27/2023 9:52:18,Ron C - Lennor#52740,Tony G - YnotRock#76764,2-1,,1,,WOE,,,,,,
9/27/2023 17:31:39,Chris P - Joker01#66827,John R - Ged#72302,2-1,,1,,WOE,,,,,,
9/27/2023 18:07:53,Miguel B - Ethereus#60108,Wyatt C - hotdolphin#30769,2-0,,1,,WOE,,,,,,
9/27/2023 19:59:28,Ben G - perrako#88435,John R - Ged#72302,2-1,,1,Rat mirror!,WOE,,,,,,
9/27/2023 20:29:25,Nicholas K - Bionick#55161,Devin L - Dalopi#45146,2-1,,1,,WOE,,,,,,
9/27/2023 21:07:46,Mike P - UnwieldyBiscuit#26471,Devin L - Dalopi#45146,2-0,,1,,WOE,,,,,,
9/27/2023 21:21:39,Ron C - Lennor#52740,Miguel B - Ethereus#60108,2-1,,1,,WOE,,,,,,
9/27/2023 21:29:28,Edgar A - PlayfulTerror#04926,Mike P - UnwieldyBiscuit#26471,2-1,,1,gg's,WOE,,,,,,
9/27/2023 22:47:30,Chris P - Joker01#66827,Tony G - YnotRock#76764,2-0,,1,,WOE,,,,,,
9/27/2023 22:57:22,Maranda L - BlackCanary#59791,Sylvain T - Iquitos#15484,2-1,,1,,BRO,,,,,,
9/27/2023 23:00:22,Eric S - Smitte#94855,Robert M - LaughItUp#38462,2-1,,1,,MOM,,,,,,
9/27/2023 23:40:19,Robert M - LaughItUp#38462,Tony G - YnotRock#76764,2-1,,1,,WOE,,,,,,
9/27/2023 23:51:17,Maranda L - BlackCanary#59791,Eric S - Smitte#94855,2-1,,1,,MOM,,,,,,
9/28/2023 12:31:01,John R - Ged#72302,Jon M - It'sMagic#46950,2-1,,1,ggs,MOM,,,,,,
9/28/2023 16:48:00,Russell S - rstad#89052,Drake M - KoMODO#43282,2-0,,1,,MOM,,,,,,
9/28/2023 17:08:43,Tony G - YnotRock#76764,Michael M - Atombomb11991#07305,2-1,,1,,WOE,,,,,,
9/28/2023 17:58:29,Zeke W - smarmyplatapus#30066,Phillip M - Fat_kitty#63794,2-0,,1,,MOM,,,,,,
9/28/2023 18:23:18,Michael M - Atombomb11991#07305,Zeke W - smarmyplatapus#30066,2-1,,1,,BRO,,,,,,
9/28/2023 18:26:36,Daniel G - FriskyHobbit#43185,Dustin D - Bloone#16018,2-0,,1,,WOE,,,,,,
9/28/2023 18:42:06,Rafael F - Prudent#24319,Michael M - Atombomb11991#07305,2-0,,1,,WOE,,,,,,
9/28/2023 19:08:53,Daniel G - FriskyHobbit#43185,Zeke W - smarmyplatapus#30066,2-0,,1,,BRO,,,,,,
9/28/2023 19:25:40,Ryan W - MuttBunchies#61653,Austin C - theCortine#41513,2-1,,1,,WOE,,,,,,
9/28/2023 19:47:43,Austin C - theCortine#41513,Jordan P - Chunkieluver53#92811,2-1,,1,,WOE,,,,,,
9/28/2023 19:58:25,Warren M - LinkThePlaneswalker33#61905,Russell S - rstad#89052,2-0,,1,,MOM,,,,,,
9/28/2023 20:15:30,Edgar A - PlayfulTerror#04926,Phillip M - Fat_kitty#63794,2-1,,1,gg's,ELD,,,,,,
9/28/2023 20:54:39,Rafael F - Prudent#24319,Edgar A - PlayfulTerror#04926,2-0,,1,gg ,WOE,,,,,,
9/28/2023 21:24:59,Maranda L - BlackCanary#59791,Ryan W - MuttBunchies#61653,2-0,,1,,WOE,,,,,,
9/28/2023 21:57:16,Ryan D - TheSlickness#10857,Mitchel S - SpaghettiMitch#18619,2-1,,1,,MOM,,,,,,
9/28/2023 22:31:58,Chris P - Joker01#66827,Sean Sp - Talrand#06333,2-0,,1,,WOE,,,,,,
9/28/2023 22:37:21,Mitchel S - SpaghettiMitch#18619,Sylvain T - Iquitos#15484,2-1,,1,,BRO,,,,,,
9/28/2023 22:54:08,Mitchel S - SpaghettiMitch#18619,Chris P - Joker01#66827,2-0,,1,,MOM,,,,,,
9/28/2023 23:27:28,Sylvain T - Iquitos#15484,Noah B - Sisco#71800,2-0,,1,,MOM,,,,,,
9/28/2023 23:47:15,Caleb K - BlackEcho#09078,Kyle C - AFKyle#29319,2-1,,1,,ELD,,,,,,
9/29/2023 0:10:41,Sylvain T - Iquitos#15484,Reed P - bigfingsnake#86869,2-1,,1,,MOM,,,,,,
9/29/2023 0:32:47,Reed P - bigfingsnake#86869,Kyle C - AFKyle#29319,2-1,,1,Random number generator says BRO !,BRO,,,,,,
9/29/2023 0:47:43,Christopher G - oompaloompa#65002,Sylvain T - Iquitos#15484,2-0,,1,,BRO,,,,,,
9/29/2023 0:58:04,Shuo L - tamamo#30654,Reed P - bigfingsnake#86869,2-1,,1,,MOM,,,,,,
9/29/2023 9:06:26,Lotte P - Lotte #93345,Adam S - wizma#29010,2-0,,1,,MOM,,,,,,
9/29/2023 10:15:59,Lotte P - Lotte #93345,Eric S - Smitte#94855,2-0,,1,,MOM,,,,,,
9/29/2023 11:38:21,Russell S - rstad#89052,Reed P - bigfingsnake#86869,2-0,,1,,MOM,,,,,,
9/29/2023 12:14:13,Lotte P - Lotte #93345,Reed P - bigfingsnake#86869,2-1,,1,,MOM,,,,,,
9/29/2023 12:47:40,Eric S - Smitte#94855,Austin C - theCortine#41513,2-1,,1,,MOM,,,,,,
9/29/2023 13:29:50,Shuo L - tamamo#30654,Warren M - LinkThePlaneswalker33#61905,2-0,,1,,MOM,,,,,,
9/29/2023 13:35:22,Lotte P - Lotte #93345,Austin C - theCortine#41513,2-0,,1,,MOM,,,,,,
9/29/2023 13:53:28,Drake M - KoMODO#43282,Jon M - It'sMagic#46950,2-1,,1,,MOM,,,,,,
9/29/2023 14:14:17,Cody-Rayce MG - Rayce#56572,Rafael F - Prudent#24319,2-1,,1,gg ez,WOE,,,,,,
9/29/2023 14:26:08,Shuo L - tamamo#30654,Lotte P - Lotte #93345,2-1,,1,,WOE,,,,,,
9/29/2023 15:02:25,Shuo L - tamamo#30654,Drake M - KoMODO#43282,2-1,,1,,MOM,,,,,,
9/29/2023 17:28:14,Thijn H - Thi-Jin#83537,Damian S - ButCrackMagic#71223,2-0,,1,,MOM,,,,,,
9/29/2023 17:45:44,Juan Q - JuanCu#95616,Caleb G - Whynaut#28590,2-0,,1,,MOM,,,,,,
9/29/2023 18:12:03,Warren M - LinkThePlaneswalker33#61905,Cody-Rayce MG - Rayce#56572,2-0,,1,,MOM,,,,,,
9/29/2023 18:38:16,Thijn H - Thi-Jin#83537,Caleb G - Whynaut#28590,2-1,,1,,MOM,,,,,,
9/29/2023 19:22:55,Emmett F - Sepulchure#51526,Warren M - LinkThePlaneswalker33#61905,2-0,,1,,MOM,,,,,,
9/29/2023 20:30:24,Jeremy E - Lhurgoyf#37289,Justin P - Code Pigeon#84057,2-0,,1,,MOM,,,,,,
9/29/2023 21:37:23,Wei C - Azayaka#83352,Justin P - Code Pigeon#84057,2-0,,1,,MOM,,,,,,
9/29/2023 22:11:16,Wei C - Azayaka#83352,Caleb G - Whynaut#28590,2-1,,1,,MOM,,,,,,
9/29/2023 23:09:17,Justin P - Code Pigeon#84057,Reed P - bigfingsnake#86869,2-0,,1,,MOM,,,,,,
9/29/2023 23:31:08,Joaquin E - DiabolicMachine#23891,Chris Y - Yorke on Games#66909,2-0,,1,,MOM,,,,,,
9/29/2023 23:42:29,Justin P - Code Pigeon#84057,Philip B - Plipster#75000,2-0,,1,,WOE,,,,,,
9/30/2023 0:16:01,Justin P - Code Pigeon#84057,Chris Y - Yorke on Games#66909,2-0,,1,,MOM,,,,,,
9/30/2023 1:05:07,Sylvain T - Iquitos#15484,Chris Y - Yorke on Games#66909,2-1,,1,,WOE,,,,,,
9/30/2023 1:54:02,Sylvain T - Iquitos#15484,Nicholas K - Bionick#55161,2-1,,1,,WOE,,,,,,
9/30/2023 2:21:49,Rafael F - Prudent#24319,Nicholas K - Bionick#55161,2-1,,1,Rip T_T,MOM,,,,,,
9/30/2023 7:23:25,Kevin I - kni1993#29285,Juan Q - JuanCu#95616,2-0,,1,,MOM,,,,,,
9/30/2023 8:04:07,Eric S - Smitte#94855,Thijn H - Thi-Jin#83537,2-1,,1,,MOM,,,,,,
9/30/2023 8:19:59,Nik S - njsiii#50504,Lotte P - Lotte #93345,2-0,,1,,WOE,,,,,,
9/30/2023 8:42:26,Ryan W - MuttBunchies#61653,Kevin I - kni1993#29285,2-1,,1,,BRO,,,,,,
9/30/2023 9:12:13,Thijn H - Thi-Jin#83537,Lotte P - Lotte #93345,2-0,,1,,WOE,,,,,,
9/30/2023 9:54:12,Nik S - njsiii#50504,Kevin I - kni1993#29285,2-0,,1,,WOE,,,,,,
9/30/2023 10:39:10,Thijn H - Thi-Jin#83537,Wei C - Azayaka#83352,2-0,,1,,MOM,,,,,,
9/30/2023 11:05:37,Lotte P - Lotte #93345,Wei C - Azayaka#83352,2-0,,1,,MOM,,,,,,
9/30/2023 11:16:31,Paul G - TheDragon#61289,Jack H - Rakic#98298,2-1,,1,,WOE,,,,,,
9/30/2023 11:46:53,Richard K - preacher26#59445,Lotte P - Lotte #93345,2-0,,1,,WOE,,,,,,
9/30/2023 12:12:18,Reed P - bigfingsnake#86869,Caleb G - Whynaut#28590,2-1,,1,,MOM,,,,,,
9/30/2023 12:44:46,Johnny M - Johnny#69519,Reed P - bigfingsnake#86869,2-1,,1,,MOM,,,,,,
9/30/2023 13:09:57,Jacob V - Drysle#29533,Jack H - Rakic#98298,2-0,,1,,WOE,,,,,,
9/30/2023 13:15:18,Reed P - bigfingsnake#86869,Emmett F - Sepulchure#51526,2-0,,1,,MOM,,,,,,
9/30/2023 13:35:34,Jack H - Rakic#98298,Johnny M - Johnny#69519,2-0,,1,,MOM,,,,,,
9/30/2023 13:50:25,Lotte P - Lotte #93345,Ryan W - MuttBunchies#61653,2-0,,1,,WOE,,,,,,
9/30/2023 14:25:22,Kevin I - kni1993#29285,Jack H - Rakic#98298,2-0,,1,,WOE,,,,,,
9/30/2023 14:26:41,Jacob V - Drysle#29533,Damian S - ButCrackMagic#71223,2-1,,1,,MOM,,,,,,
9/30/2023 15:27:00,John P - gokuorgohome#51511,Steve T - strout#45062,2-1,,1,,WOE,,,,,,
9/30/2023 16:30:04,Richard K - preacher26#59445,Dan A - BEATDOWNBRINGA#04779,2-1,,1,,MOM,,,,,,
9/30/2023 17:00:05,Dan A - BEATDOWNBRINGA#04779,Jeremy E - Lhurgoyf#37289,2-0,,1,,MOM,,,,,,
9/30/2023 17:48:24,Ryan D - TheSlickness#10857,Ryan W - MuttBunchies#61653,2-0,,1,,WOE,,,,,,
9/30/2023 18:24:27,John P - gokuorgohome#51511,Ryan D - TheSlickness#10857,2-0,,1,,WOE,,,,,,
9/30/2023 19:25:17,Dan A - BEATDOWNBRINGA#04779,Steve T - strout#45062,2-0,,1,,WOE,,,,,,
9/30/2023 20:06:38,Kevin I - kni1993#29285,Steve T - strout#45062,2-0,,1,,WOE,,,,,,
9/30/2023 20:50:55,Russell S - rstad#89052,Maranda L - BlackCanary#59791,2-0,,1,,MOM,,,,,,
9/30/2023 23:35:28,Bob P - HIT#08120,Joe T - elasticity#07466,2-0,,1,,MOM,,,,,,
9/30/2023 23:57:46,Bob P - HIT#08120,Jeremy E - Lhurgoyf#37289,2-0,,1,,MOM,,,,,,
10/1/2023 8:46:00,James S - Zoid#33631,John R - Ged#72302,2-1,,1,,WOE,,,,,,
10/1/2023 9:03:50,Nik S - njsiii#50504,Michael M - Atombomb11991#07305,2-0,,1,,WOE,,,,,,
10/1/2023 9:44:00,Zach C - ZachCarr#31881,John R - Ged#72302,2-1,,1,,WOE,,,,,,
10/1/2023 10:20:15,Nik S - njsiii#50504,John R - Ged#72302,2-1,,1,,WOE,,,,,,
10/1/2023 10:56:54,Ron C - Lennor#52740,Nik S - njsiii#50504,2-0,,1,,MOM,,,,,,
10/1/2023 11:04:14,John R - Ged#72302,Adam S - wizma#29010,2-0,,1,,MOM,,,,,,
10/1/2023 11:11:27,Paul G - TheDragon#61289,Richard K - preacher26#59445,2-1,,1,,MOM,,,,,,
10/1/2023 11:17:46,Dan A - BEATDOWNBRINGA#04779,John P - gokuorgohome#51511,2-0,,1,,WOE,,,,,,
10/1/2023 11:36:29,Rafael F - Prudent#24319,John R - Ged#72302,2-0,,1,<3 ,WOE,,,,,,
10/1/2023 12:41:40,Reed P - bigfingsnake#86869,Dustin D - Bloone#16018,2-1,,1,,WOE,,,,,,
10/1/2023 15:58:54,Jacob V - Drysle#29533,John P - gokuorgohome#51511,2-0,,1,,WOE,,,,,,
10/1/2023 18:39:19,Evan C - PeasOfCrab#00133,Christopher G - oompaloompa#65002,2-0,,1,,MOM,,,,,,
10/1/2023 19:31:39,Sawyer T - soyboy#35469,James S - Zoid#33631,2-0,,1,,WOE,,,,,,
10/1/2023 19:36:30,Christopher G - oompaloompa#65002,Russell S - rstad#89052,2-1,,1,,MOM,,,,,,
10/1/2023 20:36:44,Sawyer T - soyboy#35469,Zach C - ZachCarr#31881,2-1,,1,,WOE,,,,,,
10/1/2023 22:23:38,Sawyer T - soyboy#35469,Wei C - Azayaka#83352,2-1,,1,,MOM,,,,,,
10/1/2023 22:51:10,Ben G - perrako#88435,Robert M - LaughItUp#38462,2-1,,1,,MOM,,,,,,
10/1/2023 23:15:11,Ben G - perrako#88435,Bob P - HIT#08120,2-1,,1,,MOM,,,,,,
10/1/2023 23:42:40,Jeremy E - Lhurgoyf#37289,Ben G - perrako#88435,2-0,,1,,WOE,,,,,,
10/2/2023 0:39:15,Jeremy E - Lhurgoyf#37289,Robert M - LaughItUp#38462,2-1,,1,,MOM,,,,,,
10/2/2023 1:49:25,Ben G - perrako#88435,Sawyer T - soyboy#35469,2-0,,1,,MOM,,,,,,
10/2/2023 11:37:49,Joaquin E - DiabolicMachine#23891,Eric S - Smitte#94855,2-0,,1,,WOE,,,,,,
10/2/2023 14:09:31,Paul G - TheDragon#61289,Warren M - LinkThePlaneswalker33#61905,2-1,,1,,MOM,,,,,,
10/2/2023 14:50:11,Jordan M - JMTron#46639,Caleb G - Whynaut#28590,2-0,,1,,MOM,,,,,,
10/2/2023 16:25:44,Shuo L - tamamo#30654,Joaquin E - DiabolicMachine#23891,2-1,,1,,MOM,,,,,,
10/2/2023 16:52:14,Eric S - Smitte#94855,Shuo L - tamamo#30654,2-0,,1,,MOM,,,,,,
10/2/2023 17:13:04,Joaquin E - DiabolicMachine#23891,Paul G - TheDragon#61289,2-1,,1,,MOM,,,,,,
10/2/2023 18:16:09,Shuo L - tamamo#30654,Ryan D - TheSlickness#10857,2-0,,1,,WOE,,,,,,
10/2/2023 19:25:13,Cody-Rayce MG - Rayce#56572,John P - gokuorgohome#51511,2-1,,1,ggs buddy,WOE,,,,,,
10/2/2023 19:47:17,Miguel B - Ethereus#60108,Sawyer T - soyboy#35469,2-1,,1,,MOM,,,,,,
10/2/2023 20:28:38,Edgar A - PlayfulTerror#04926,Jordan M - JMTron#46639,2-1,,1,gg's,WOE,,,,,,
10/2/2023 20:39:10,James S - Zoid#33631,Adam S - wizma#29010,2-1,,1,,MOM,,,,,,
10/2/2023 20:55:40,Jack H - Rakic#98298,Caleb K - BlackEcho#09078,2-1,,1,GGS,WOE,,,,,,
10/2/2023 21:20:30,Miguel B - Ethereus#60108,Joaquin E - DiabolicMachine#23891,2-1,,1,GG!,MOM,,,,,,
10/2/2023 21:33:05,Bob P - HIT#08120,Ryan W - MuttBunchies#61653,2-1,,1,,WOE,,,,,,
10/2/2023 21:33:43,Ben G - perrako#88435,Ron C - Lennor#52740,2-0,,1,,WOE,,,,,,
10/2/2023 21:54:23,Russell S - rstad#89052,Devin L - Dalopi#45146,2-1,,1,,MOM,,,,,,
10/2/2023 22:22:19,Rafael F - Prudent#24319,Adam S - wizma#29010,2-0,,1,<3,MOM,,,,,,
10/2/2023 22:48:02,Emmett F - Sepulchure#51526,Damian S - ButCrackMagic#71223,2-1,,1,,ELD,,,,,,
10/2/2023 23:36:57,Bob P - HIT#08120,Emmett F - Sepulchure#51526,2-1,,1,,MOM,,,,,,
10/3/2023 0:56:06,Emmett F - Sepulchure#51526,Robert M - LaughItUp#38462,2-1,,1,,WOE,,,,,,
10/3/2023 2:38:09,Miguel B - Ethereus#60108,Paul G - TheDragon#61289,2-1,,1,,MOM,,,,,,
10/3/2023 11:33:20,Ryan W - MuttBunchies#61653,Austin C - theCortine#41513,2-1,,1,,MOM,,,,,,
10/3/2023 12:40:14,Jordan M - JMTron#46639,Dustin D - Bloone#16018,2-0,,1,,WOE,,,,,,
10/3/2023 13:21:34,Warren M - LinkThePlaneswalker33#61905,Dustin D - Bloone#16018,2-1,,1,,WOE,,,,,,
10/3/2023 13:58:48,Sylvain T - Iquitos#15484,Cody-Rayce MG - Rayce#56572,2-1,,1,,WOE,,,,,,
10/3/2023 15:04:40,Richard K - preacher26#59445,Wyatt C - hotdolphin#30769,2-0,,1,,WOE,,,,,,
10/3/2023 15:55:09,Steve T - strout#45062,Jordan M - JMTron#46639,2-1,,1,GGs!,WOE,,,,,,
10/3/2023 17:36:38,Wyatt C - hotdolphin#30769,Chris P - Joker01#66827,2-1,,1,,WOE,,,,,,
10/3/2023 17:44:03,James S - Zoid#33631,Warren M - LinkThePlaneswalker33#61905,2-1,,1,,MOM,,,,,,
10/3/2023 18:04:37,Jondrion J - jondrion#40531,Wyatt C - hotdolphin#30769,2-0,,1,,WOE,,,,,,
10/3/2023 18:12:12,Shuo L - tamamo#30654,Steve T - strout#45062,2-1,,1,,WOE,,,,,,
10/3/2023 19:19:29,James S - Zoid#33631,Wyatt C - hotdolphin#30769,2-0,,1,,WOE,,,,,,
10/3/2023 19:26:52,Evan C - PeasOfCrab#00133,Jondrion J - jondrion#40531,2-1,,1,,WOE,,,,,,
10/3/2023 19:53:20,Wyatt C - hotdolphin#30769,Edgar A - PlayfulTerror#04926,2-1,,1,,WOE,,,,,,
10/3/2023 20:58:03,Mike P - UnwieldyBiscuit#26471,Miguel B - Ethereus#60108,2-0,,1,,WOE,,,,,,
10/3/2023 21:19:27,Pierre-Marc D - pmduguay#67919,Evan C - PeasOfCrab#00133,2-1,,1,,MOM,,,,,,
10/3/2023 21:32:44,Pierre-Marc D - pmduguay#67919,Mike P - UnwieldyBiscuit#26471,2-0,,1,,WOE,,,,,,
10/3/2023 21:50:39,Evan C - PeasOfCrab#00133,Miguel B - Ethereus#60108,2-0,,1,,WOE,,,,,,
10/3/2023 22:00:07,Johnny M - Johnny#69519,Pierre-Marc D - pmduguay#67919,2-1,,1,,WOE,,,,,,
10/3/2023 22:37:29,Sean Sp - Talrand#06333,Mike P - UnwieldyBiscuit#26471,2-0,,1,,WOE,,,,,,
10/3/2023 23:07:21,Noah B - Sisco#71800,Johnny M - Johnny#69519,2-1,,1,,MOM,,,,,,
10/3/2023 23:37:01,Evan C - PeasOfCrab#00133,Tony G - YnotRock#76764,2-0,,1,,WOE,,,,,,
10/4/2023 0:07:40,Johnny M - Johnny#69519,Jacob V - Drysle#29533,2-1,,1,,MOM,,,,,,
10/4/2023 11:05:53,Tony G - YnotRock#76764,Rafael F - Prudent#24319,2-1,,,,WOE,,,,,,
10/4/2023 11:05:55,Jondrion J - jondrion#40531,Pedro D - Goombassa#17203,2-1,,1,,ELD,,,,,,
10/4/2023 11:43:25,Tony G - YnotRock#76764,Pedro D - Goombassa#17203,2-0,,1,,ELD,,,,,,
10/4/2023 12:09:08,Pedro D - Goombassa#17203,Ryan D - TheSlickness#10857,2-0,,1,GGs,WOE,,,,,,
10/4/2023 13:33:56,Sean Sp - Talrand#06333,Tony G - YnotRock#76764,2-0,,1,,WOE,,,,,,
10/4/2023 14:22:57,Jondrion J - jondrion#40531,Sean Sp - Talrand#06333,2-1,,1,,WOE,,,,,,
10/4/2023 15:48:48,Chris P - Joker01#66827,Jordan M - JMTron#46639,2-1,,1,,WOE,,,,,,
10/4/2023 16:02:43,Tony G - YnotRock#76764,Dan A - BEATDOWNBRINGA#04779,2-1,,1,,MOM,,,,,,
10/4/2023 16:33:42,Philip B - Plipster#75000,Chris P - Joker01#66827,2-0,,1,,WOE,,,,,,
10/4/2023 17:18:25,Philip B - Plipster#75000,Michael M - Atombomb11991#07305,2-0,,1,,WOE,,,,,,
10/4/2023 18:08:30,Mitchel S - SpaghettiMitch#18619,Sean Sp - Talrand#06333,2-0,,1,,WOE,,,,,,
10/4/2023 19:16:52,Mitchel S - SpaghettiMitch#18619,Chris R - Sinkwater#27508,2-1,,1,elim,WOE,,,,,,
10/4/2023 19:39:08,Mitchel S - SpaghettiMitch#18619,Edgar A - PlayfulTerror#04926,2-1,,1,,MOM,,,,,,
10/4/2023 21:48:43,Noah B - Sisco#71800,Juan Q - JuanCu#95616,2-0,,1,,MOM,,,,,,
10/4/2023 22:17:10,Daniel G - FriskyHobbit#43185,Noah B - Sisco#71800,2-0,,1,,MOM,,,,,,
10/4/2023 22:22:05,Devin L - Dalopi#45146,Juan Q - JuanCu#95616,2-0,,1,,MOM,,,,,,
10/4/2023 22:43:41,Devin L - Dalopi#45146,Tony G - YnotRock#76764,2-1,,1,,WOE,,,,,,
10/4/2023 23:02:06,Devin L - Dalopi#45146,Ron C - Lennor#52740,2-0,,1,,WOE,,,,,,
10/4/2023 23:57:14,Maranda L - BlackCanary#59791,Mitchel S - SpaghettiMitch#18619,2-1,,1,,MOM,,,,,,
10/5/2023 0:08:08,Pierre-Marc D - pmduguay#67919,Christopher G - oompaloompa#65002,2-0,,1,,MOM,,,,,,
10/5/2023 0:38:34,Shuo L - tamamo#30654,Mitchel S - SpaghettiMitch#18619,2-0,,1,,MOM,,,,,,
10/5/2023 1:05:22,Maranda L - BlackCanary#59791,Shuo L - tamamo#30654,2-0,,1,,ELD,,,,,,
10/5/2023 1:35:56,Christopher G - oompaloompa#65002,Zeke W - smarmyplatapus#30066,2-1,,1,,BRO,,,,,,
10/5/2023 17:34:52,Zach C - ZachCarr#31881,Richard K - preacher26#59445,2-1,,1,,MOM,,,,,,
10/5/2023 18:21:17,Michael M - Atombomb11991#07305,Chris P - Joker01#66827,2-0,,1,,WOE,,,,,,
10/5/2023 18:53:25,Kyle C - AFKyle#29319,Edgar A - PlayfulTerror#04926,2-1,,1,,WOE,,,,,,
10/5/2023 19:12:10,Kyle C - AFKyle#29319,Ryan D - TheSlickness#10857,2-0,,1,,WOE,,,,,,
10/5/2023 20:17:04,Maranda L - BlackCanary#59791,Christopher G - oompaloompa#65002,2-1,,1,,MOM,,,,,,
10/5/2023 21:29:46,Pierre-Marc D - pmduguay#67919,Michael M - Atombomb11991#07305,2-1,,1,,WOE,,,,,,
10/5/2023 22:07:02,Noah B - Sisco#71800,Philip B - Plipster#75000,2-0,,1,,MOM,,,,,,
10/5/2023 22:14:22,Christopher G - oompaloompa#65002,Michael M - Atombomb11991#07305,2-1,,1,,WOE,,,,,,
10/5/2023 22:32:05,Devin L - Dalopi#45146,Sean Sp - Talrand#06333,2-1,,1,,WOE,,,,,,
10/5/2023 22:47:29,Daniel G - FriskyHobbit#43185,Mitchel S - SpaghettiMitch#18619,2-0,,1,,MOM,,,,,,
10/5/2023 23:04:04,Christopher G - oompaloompa#65002,Zach C - ZachCarr#31881,2-0,,1,,WOE,,,,,,
10/5/2023 23:12:45,Daniel G - FriskyHobbit#43185,Maranda L - BlackCanary#59791,2-0,,1,,MOM,,,,,,
10/5/2023 23:21:30,Zach C - ZachCarr#31881,Kyle C - AFKyle#29319,2-0,,1,,WOE,,,,,,
10/6/2023 5:39:17,Jondrion J - jondrion#40531,Zeke W - smarmyplatapus#30066,2-0,,1,,BRO,,,,,,
10/6/2023 9:38:11,Rafael F - Prudent#24319,Zeke W - smarmyplatapus#30066,2-1,,1,A True Bro till the very end,BRO,,,,,,
10/6/2023 10:42:52,Eric S - Smitte#94855,Daniel G - FriskyHobbit#43185,2-0,,1,,MOM,,,,,,
10/6/2023 16:34:33,Maranda L - BlackCanary#59791,Sean Sp - Talrand#06333,2-0,,1,,WOE,,,,,,
10/6/2023 18:20:56,Daniel G - FriskyHobbit#43185,James S - Zoid#33631,2-1,,1,,WOE,,,,,,
10/6/2023 19:33:47,Nik S - njsiii#50504,Wyatt C - hotdolphin#30769,2-0,,1,,WOE,,,,,,
10/6/2023 21:18:44,Sawyer T - soyboy#35469,Kevin I - kni1993#29285,2-1,,1,,WOE,,,,,,
10/6/2023 23:40:04,Sawyer T - soyboy#35469,Jacob V - Drysle#29533,2-1,,1,,MOM,,,,,,
10/7/2023 0:14:07,Jacob V - Drysle#29533,Jack H - Rakic#98298,2-1,,1,,WOE,,,,,,
10/7/2023 0:45:39,Sawyer T - soyboy#35469,Jack H - Rakic#98298,2-0,,1,,WOE,,,,,,
10/7/2023 9:28:23,Nik S - njsiii#50504,Eric S - Smitte#94855,2-1,,1,,WOE,,,,,,
10/7/2023 10:47:18,Johnny M - Johnny#69519,Kevin I - kni1993#29285,2-1,,1,,WOE,,,,,,
10/7/2023 11:19:57,Ryan W - MuttBunchies#61653,Jack H - Rakic#98298,2-0,,1,,WOE,,,,,,
10/7/2023 11:23:39,Johnny M - Johnny#69519,Thijn H - Thi-Jin#83537,2-1,,1,,MOM,,,,,,
10/7/2023 12:21:35,Bob P - HIT#08120,Paul G - TheDragon#61289,2-0,,1,,MOM,,,,,,
10/7/2023 12:54:54,Ryan D - TheSlickness#10857,Paul G - TheDragon#61289,2-1,,1,,MOM,,,,,,
10/7/2023 14:28:45,Jacob V - Drysle#29533,Ryan D - TheSlickness#10857,2-1,,1,,WOE,,,,,,
10/7/2023 15:58:58,Evan C - PeasOfCrab#00133,Warren M - LinkThePlaneswalker33#61905,2-1,,1,,MOM,,,,,,
10/7/2023 16:41:38,John P - gokuorgohome#51511,Bob P - HIT#08120,2-0,,1,,MOM,,,,,,
10/7/2023 17:10:08,James S - Zoid#33631,Evan C - PeasOfCrab#00133,2-1,,1,,MOM,,,,,,
10/7/2023 18:26:29,Russell S - rstad#89052,Jacob V - Drysle#29533,2-0,,1,,DMU,,,,,,
10/7/2023 18:51:46,James S - Zoid#33631,Jacob V - Drysle#29533,2-0,,1,,DMU,,,,,,
10/7/2023 20:16:25,Russell S - rstad#89052,John P - gokuorgohome#51511,2-0,,1,,ELD,,,,,,
10/7/2023 21:10:41,Russell S - rstad#89052,Adam S - wizma#29010,2-0,,1,,MOM,,,,,,
10/7/2023 21:29:04,Pierre-Marc D - pmduguay#67919,Steve T - strout#45062,2-1,,1,,WOE,,,,,,
10/7/2023 22:01:37,Pierre-Marc D - pmduguay#67919,Jack H - Rakic#98298,2-1,,1,,WOE,,,,,,
10/7/2023 22:05:50,Jeremy E - Lhurgoyf#37289,Adam S - wizma#29010,2-1,,1,ggs!,MOM,,,,,,
10/7/2023 23:21:37,Emmett F - Sepulchure#51526,Mitchel S - SpaghettiMitch#18619,2-1,,1,,MOM,,,,,,
10/7/2023 23:46:41,Jacob V - Drysle#29533,Emmett F - Sepulchure#51526,2-0,,1,,MOM,,,,,,
10/8/2023 2:23:07,Wei C - Azayaka#83352,Dan A - BEATDOWNBRINGA#04779,2-1,,1,,MOM,,,,,,
10/8/2023 9:34:05,Nik S - njsiii#50504,Ryan W - MuttBunchies#61653,2-0,,1,,WOE,,,,,,
10/8/2023 9:44:01,Zach C - ZachCarr#31881,Thijn H - Thi-Jin#83537,2-1,,1,,WOE,,,,,,
10/8/2023 10:25:56,Richard K - preacher26#59445,Paul G - TheDragon#61289,2-0,,1,,MOM,,,,,,
10/8/2023 12:02:30,Thijn H - Thi-Jin#83537,Evan C - PeasOfCrab#00133,2-0,,1,,MOM,,,,,,
10/8/2023 13:40:51,James S - Zoid#33631,Ben G - perrako#88435,2-0,,1,,WOE,,,,,,
10/8/2023 14:07:54,Nik S - njsiii#50504,Richard K - preacher26#59445,2-1,,1,,MOM,,,,,,
10/8/2023 14:23:29,James S - Zoid#33631,Ryan W - MuttBunchies#61653,2-1,,1,,WOE,,,,,,
10/8/2023 14:42:48,Richard K - preacher26#59445,Ben G - perrako#88435,2-0,,1,,WOE,,,,,,
10/8/2023 15:59:24,Devin L - Dalopi#45146,Noah B - Sisco#71800,2-0,,1,,MOM,,,,,,
10/8/2023 17:38:46,Emmett F - Sepulchure#51526,Noah B - Sisco#71800,2-1,,1,,MOM,,,,,,
10/8/2023 17:58:47,Sawyer T - soyboy#35469,Jeremy E - Lhurgoyf#37289,2-1,,1,,MOM,,,,,,
10/8/2023 20:05:23,Emmett F - Sepulchure#51526,Evan C - PeasOfCrab#00133,2-0,,1,,MOM,,,,,,
10/8/2023 23:04:09,Sawyer T - soyboy#35469,Emmett F - Sepulchure#51526,2-0,,1,,MOM,,,,,,
10/9/2023 9:30:07,Jondrion J - jondrion#40531,Eric S - Smitte#94855,2-0,,1,,WOE,,,,,,
10/9/2023 11:36:52,Thijn H - Thi-Jin#83537,Lotte P - Lotte #93345,2-0,,1,,WOE,,,,,,
10/9/2023 11:52:12,Zach C - ZachCarr#31881,Jondrion J - jondrion#40531,2-1,,1,,MOM,,,,,,
10/9/2023 12:19:04,Jondrion J - jondrion#40531,Sean Sp - Talrand#06333,2-0,,1,,WOE,,,,,,
10/9/2023 12:56:17,Zach C - ZachCarr#31881,Ron C - Lennor#52740,2-0,,1,,WOE,,,,,,
10/9/2023 13:50:49,Ryan W - MuttBunchies#61653,Lotte P - Lotte #93345,2-0,,1,,MOM,,,,,,
10/9/2023 14:53:08,Richard K - preacher26#59445,Jordan M - JMTron#46639,2-1,,1,,WOE,,,,,,
10/9/2023 16:55:41,Johnny M - Johnny#69519,Daniel G - FriskyHobbit#43185,2-0,,1,,MOM,,,,,,
10/9/2023 17:27:14,Johnny M - Johnny#69519,Ron C - Lennor#52740,2-0,,1,,MOM,,,,,,
10/9/2023 18:40:00,Rafael F - Prudent#24319,Johnny M - Johnny#69519,2-1,,1,gg sad to see you walk the path of the sith T_T,MOM,,,,,,
10/9/2023 19:19:03,Ron C - Lennor#52740,Maranda L - BlackCanary#59791,2-0,,1,,MOM,,,,,,
10/9/2023 19:45:27,Jordan M - JMTron#46639,Zach C - ZachCarr#31881,2-1,,1,,WOE,,,,,,
10/9/2023 20:47:37,Zach C - ZachCarr#31881,Nik S - njsiii#50504,2-0,,1,,MOM,,,,,,
10/9/2023 20:53:45,Mitchel S - SpaghettiMitch#18619,Ron C - Lennor#52740,2-1,,1,elim no pack,WOE,,,,,,
10/9/2023 21:21:10,Rafael F - Prudent#24319,Pedro D - Goombassa#17203,2-1,,1,RATSSSSSSSS!!!!!!! Purists forever,WOE,,,,,,
10/9/2023 22:51:16,Jack H - Rakic#98298,Pedro D - Goombassa#17203,2-0,,1,,WOE,,,,,,
10/9/2023 23:04:04,Christopher G - oompaloompa#65002,Jeremy E - Lhurgoyf#37289,2-0,,1,,WOE,,,,,,
10/10/2023 0:06:48,Jordan M - JMTron#46639,Christopher G - oompaloompa#65002,2-0,,1,,MOM,,,,,,
10/10/2023 10:35:59,Jondrion J - jondrion#40531,Daniel G - FriskyHobbit#43185,2-1,,1,,WOE,,,,,,
10/10/2023 11:13:40,Pierre-Marc D - pmduguay#67919,Daniel G - FriskyHobbit#43185,2-1,,1,,WOE,,,,,,
10/10/2023 12:32:46,Thijn H - Thi-Jin#83537,Maranda L - BlackCanary#59791,2-0,,1,,MOM,,,,,,
10/10/2023 17:15:02,Jordan M - JMTron#46639,Justin P - Code Pigeon#84057,2-0,,1,,MOM,,,,,,
10/10/2023 18:00:16,Wei C - Azayaka#83352,Justin P - Code Pigeon#84057,2-1,,1,,MOM,,,,,,
10/10/2023 18:50:57,Wei C - Azayaka#83352,Evan C - PeasOfCrab#00133,2-1,,1,,MOM,,,,,,
10/10/2023 19:15:35,Jordan M - JMTron#46639,Wyatt C - hotdolphin#30769,2-0,,1,,WOE,,,,,,
10/10/2023 19:38:32,Christopher G - oompaloompa#65002,Rafael F - Prudent#24319,2-0,,1,,WOE,,,,,,
10/10/2023 19:53:16,Maranda L - BlackCanary#59791,Wei C - Azayaka#83352,2-1,,1,,MOM,,,,,,
10/10/2023 23:03:13,Ben G - perrako#88435,Pierre-Marc D - pmduguay#67919,2-0,,1,,MOM,,,,,,
10/10/2023 23:51:28,Chris P - Joker01#66827,Christopher G - oompaloompa#65002,2-1,,1,,MOM,,,,,,
10/11/2023 0:25:48,Maranda L - BlackCanary#59791,Ben G - perrako#88435,2-1,,1,,WOE,,,,,,
10/11/2023 9:30:12,Wei C - Azayaka#83352,Tony G - YnotRock#76764,2-1,,1,,WOE,,,,,,
10/11/2023 10:28:48,Jondrion J - jondrion#40531,Tony G - YnotRock#76764,2-0,,1,,WOE,,,,,,
10/11/2023 12:49:15,Reed P - bigfingsnake#86869,Tony G - YnotRock#76764,2-0,,1,,MOM,,,,,,
10/11/2023 16:55:24,Maranda L - BlackCanary#59791,Dan A - BEATDOWNBRINGA#04779,2-1,,1,,MOM,,,,,,
10/11/2023 17:43:58,Rafael F - Prudent#24319,Juan Q - JuanCu#95616,2-0,,1,Hope to see you in Ixlan!,WOE,,,,,,
10/11/2023 19:12:22,Chris P - Joker01#66827,Eric S - Smitte#94855,2-1,,1,,MOM,,,,,,
10/11/2023 21:14:52,Christopher G - oompaloompa#65002,Richard K - preacher26#59445,2-0,,1,,MOM,,,,,,
10/11/2023 22:47:25,Mitchel S - SpaghettiMitch#18619,Chris P - Joker01#66827,2-0,,1,,MOM,,,,,,
10/12/2023 13:00:51,Reed P - bigfingsnake#86869,Rafael F - Prudent#24319,2-0,,1,Back to purist,WOE,,,,,,
10/12/2023 14:53:21,Mitchel S - SpaghettiMitch#18619,Russell S - rstad#89052,2-0,,1,,MOM,,,,,,
10/12/2023 15:33:45,Mitchel S - SpaghettiMitch#18619,Reed P - bigfingsnake#86869,2-1,,1,,MOM,,,,,,
10/12/2023 16:21:38,Russell S - rstad#89052,Reed P - bigfingsnake#86869,2-1,,1,,ELD,,,,,,
10/12/2023 17:19:47,Ryan W - MuttBunchies#61653,Michael M - Atombomb11991#07305,2-0,,1,,WOE,,,,,,
10/12/2023 18:56:03,Devin L - Dalopi#45146,Chris P - Joker01#66827,2-1,,1,GGs!,WOE,,,,,,
10/12/2023 19:25:40,Mitchel S - SpaghettiMitch#18619,Damian S - ButCrackMagic#71223,2-0,,1,,MOM,,,,,,
10/12/2023 22:40:16,Russell S - rstad#89052,Sylvain T - Iquitos#15484,2-0,,1,,WOE,,,,,,
10/12/2023 23:17:46,Damian S - ButCrackMagic#71223,Pierre-Marc D - pmduguay#67919,2-0,,1,,MOM,,,,,,
10/13/2023 17:31:48,Nik S - njsiii#50504,Zach C - ZachCarr#31881,2-0,,1,,WOE,,,,,,
10/13/2023 17:32:30,Maranda L - BlackCanary#59791,Jack H - Rakic#98298,2-0,,1,,WOE,,,,,,
10/13/2023 17:50:14,Pierre-Marc D - pmduguay#67919,Johnny M - Johnny#69519,2-0,,1,,MOM,,,,,,
10/13/2023 17:57:25,Jack H - Rakic#98298,Zach C - ZachCarr#31881,2-0,,1,,WOE,,,,,,
10/13/2023 18:17:17,James S - Zoid#33631,Maranda L - BlackCanary#59791,2-0,,1,,MOM,,,,,,
10/13/2023 18:17:35,Wei C - Azayaka#83352,Nik S - njsiii#50504,2-1,,1,,MOM,,,,,,
10/13/2023 18:24:34,Christopher G - oompaloompa#65002,Pierre-Marc D - pmduguay#67919,2-1,,1,,MOM,,,,,,
10/13/2023 18:46:52,James S - Zoid#33631,Wei C - Azayaka#83352,2-0,,1,,WOE,,,,,,
10/13/2023 18:50:30,Christopher G - oompaloompa#65002,Jordan M - JMTron#46639,2-0,,1,,MOM,,,,,,
10/13/2023 19:36:16,Pierre-Marc D - pmduguay#67919,Evan C - PeasOfCrab#00133,2-0,,1,,WOE,,,,,,
10/13/2023 19:45:15,Zach C - ZachCarr#31881,Thijn H - Thi-Jin#83537,2-1,,1,,MOM,,,,,,
10/13/2023 20:07:05,Pierre-Marc D - pmduguay#67919,Jordan M - JMTron#46639,2-1,,1,,MOM,,,,,,
10/13/2023 20:27:56,Christopher G - oompaloompa#65002,Thijn H - Thi-Jin#83537,2-1,,1,,WOE,,,,,,
10/13/2023 21:05:10,Richard K - preacher26#59445,Johnny M - Johnny#69519,2-1,,1,,MOM,,,,,,
10/13/2023 22:09:27,Russell S - rstad#89052,Nik S - njsiii#50504,2-1,,1,,MOM,,,,,,
10/14/2023 0:30:18,Sawyer T - soyboy#35469,Christopher G - oompaloompa#65002,2-0,,1,,MOM,,,,,,
10/14/2023 10:02:02,Rafael F - Prudent#24319,Nik S - njsiii#50504,2-0,,1,How could you ruin the one pack of one T_T ,ONE,,,,,,
10/14/2023 13:05:02,Rafael F - Prudent#24319,Ryan W - MuttBunchies#61653,2-1,,1,,WOE,,,,,,
10/14/2023 13:11:50,Sawyer T - soyboy#35469,Russell S - rstad#89052,2-1,,1,,ONE,,,,,,
10/14/2023 13:41:08,Richard K - preacher26#59445,Jacob V - Drysle#29533,2-1,,1,,MOM,,,,,,
10/14/2023 13:44:48,Ben G - perrako#88435,Jack H - Rakic#98298,2-0,,1,,WOE,,,,,,
10/14/2023 14:20:01,Mitchel S - SpaghettiMitch#18619,Ben G - perrako#88435,2-1,,1,,WOE,,,,,,
10/14/2023 14:46:34,Richard K - preacher26#59445,James S - Zoid#33631,2-1,,1,,WOE,,,,,,
10/14/2023 15:18:18,Mitchel S - SpaghettiMitch#18619,James S - Zoid#33631,2-1,,1,,WOE,,,,,,
10/14/2023 16:01:38,Richard K - preacher26#59445,Sawyer T - soyboy#35469,2-1,,1,,MOM,,,,,,
10/14/2023 16:54:34,Rafael F - Prudent#24319,Jondrion J - jondrion#40531,2-1,,1,What a series,WOE,,,,,,
10/14/2023 23:17:13,Maranda L - BlackCanary#59791,Emmett F - Sepulchure#51526,2-0,,1,,MOM,,,,,,
10/15/2023 14:16:23,Mitchel S - SpaghettiMitch#18619,Nik S - njsiii#50504,2-0,,1,,WOE,,,,,,
10/15/2023 18:35:23,Zach C - ZachCarr#31881,Jondrion J - jondrion#40531,2-1,,1,GGs,WOE,,,,,,
10/15/2023 19:03:57,Jordan M - JMTron#46639,Jondrion J - jondrion#40531,2-0,,1,,WOE,,,,,,
10/15/2023 20:31:25,Maranda L - BlackCanary#59791,Richard K - preacher26#59445,2-0,,1,,MOM,,,,,,
10/15/2023 22:18:58,Zach C - ZachCarr#31881,Maranda L - BlackCanary#59791,2-1,,1,,MOM,,,,,,
10/16/2023 23:33:40,Mitchel S - SpaghettiMitch#18619,Sawyer T - soyboy#35469,2-1,,1,,MOM,,,,,,
10/17/2023 15:27:08,Jordan M - JMTron#46639,Mitchel S - SpaghettiMitch#18619,2-1,,1,,ELD,,,,,,
10/17/2023 23:51:40,Jordan M - JMTron#46639,Sawyer T - soyboy#35469,2-1,,1,,elimination,,,,,,
10/18/2023 7:59:49,Rafael F - Prudent#24319,Pierre-Marc D - pmduguay#67919,2-0,,1,<3,elimination,,,,,,